# Blender 5.1.1
# www.blender.org
mtllib star.mtl
o Cylinder
v 0.080835 -0.299307 0.351677
v 0.259678 -0.169370 0.351677
v 0.309637 -0.015612 0.351677
v 0.241325 0.194631 0.351677
v 0.110531 0.289658 0.351677
v -0.110531 0.289658 0.351677
v -0.241325 0.194631 0.351677
v -0.309637 -0.015612 0.351677
v -0.259678 -0.169370 0.351677
v -0.080835 -0.299307 0.351677
v 0.121460 -0.167176 0.380304
v 0.000000 0.000000 0.445085
v 0.246652 -0.080142 0.388295
v 0.196527 0.063856 0.380304
v 0.152439 0.209815 0.388295
v 0.000000 0.206641 0.380304
v -0.152439 0.209815 0.388295
v -0.196527 0.063856 0.380304
v -0.246652 -0.080142 0.388295
v -0.121460 -0.167176 0.380304
v 0.000000 -0.259345 0.388295
v -0.080835 -0.299307 -0.351677
v -0.259678 -0.169370 -0.351677
v -0.309637 -0.015612 -0.351677
v -0.241325 0.194631 -0.351677
v -0.110531 0.289658 -0.351677
v 0.110531 0.289658 -0.351677
v 0.241325 0.194631 -0.351677
v 0.309637 -0.015612 -0.351677
v 0.259678 -0.169370 -0.351677
v 0.080835 -0.299307 -0.351677
v -0.121460 -0.167176 -0.380304
v 0.000000 -0.000000 -0.445085
v -0.246652 -0.080142 -0.388295
v -0.196527 0.063855 -0.380304
v -0.152439 0.209815 -0.388295
v 0.000000 0.206641 -0.380304
v 0.152439 0.209815 -0.388295
v 0.196527 0.063855 -0.380304
v 0.246652 -0.080142 -0.388295
v 0.121460 -0.167176 -0.380304
v -0.000000 -0.259346 -0.388295
v 0.074962 -0.675681 0.226072
v -0.074962 -0.675681 0.226072
v -0.071001 -0.867660 0.079840
v 0.071001 -0.867660 0.079840
v 0.000000 -0.722344 0.234819
v 0.000000 -0.901951 0.158839
v -0.078621 -0.820310 0.157416
v -0.000000 -0.953586 0.079961
v 0.078621 -0.820310 0.157416
v 0.074962 -0.675681 -0.226072
v 0.071001 -0.867660 -0.079840
v -0.071001 -0.867660 -0.079840
v -0.074962 -0.675681 -0.226072
v 0.078621 -0.820310 -0.157416
v 0.000000 -0.901951 -0.158839
v 0.000000 -0.953586 -0.079961
v -0.078621 -0.820310 -0.157416
v -0.000000 -0.722344 -0.234819
v 0.255107 -0.561501 -0.079784
v 0.208804 -0.465862 -0.223797
v 0.378537 -0.342544 -0.223797
v 0.455186 -0.416135 -0.079784
v 0.249443 -0.540696 -0.156750
v 0.322690 -0.444144 -0.156176
v 0.273997 -0.377125 -0.225718
v 0.437151 -0.404319 -0.156750
v 0.332038 -0.457011 -0.079739
v 0.255107 -0.561501 0.079784
v 0.455186 -0.416135 0.079784
v 0.378537 -0.342544 0.223797
v 0.208804 -0.465862 0.223797
v 0.332038 -0.457011 0.079739
v 0.322690 -0.444145 0.156176
v 0.437151 -0.404319 0.156750
v 0.273997 -0.377125 0.225718
v 0.249443 -0.540696 0.156750
v 0.803253 -0.335647 -0.079840
v 0.619446 -0.280090 -0.226072
v 0.665775 -0.137504 -0.226072
v 0.847134 -0.200596 -0.079840
v 0.755866 -0.328263 -0.157416
v 0.857807 -0.278718 -0.158839
v 0.686990 -0.223217 -0.234819
v 0.804457 -0.178716 -0.157416
v 0.906914 -0.294674 -0.079961
v 0.803253 -0.335647 0.079840
v 0.847134 -0.200596 0.079840
v 0.665775 -0.137504 0.226072
v 0.619446 -0.280090 0.226072
v 0.906914 -0.294674 0.079961
v 0.857807 -0.278718 0.158839
v 0.804457 -0.178717 0.157416
v 0.686990 -0.223217 0.234819
v 0.755866 -0.328263 0.157416
v 0.612851 0.069108 -0.079784
v 0.507585 0.054625 -0.223797
v 0.442753 0.254158 -0.223797
v 0.536428 0.304315 -0.079784
v 0.591315 0.070150 -0.156750
v 0.522123 0.169648 -0.156176
v 0.443337 0.144049 -0.225718
v 0.519617 0.290814 -0.156750
v 0.537249 0.174563 -0.079739
v 0.612852 0.069108 0.079784
v 0.536428 0.304315 0.079784
v 0.442753 0.254158 0.223797
v 0.507585 0.054625 0.223797
v 0.537249 0.174563 0.079739
v 0.522123 0.169648 0.156176
v 0.519617 0.290814 0.156750
v 0.443337 0.144049 0.225718
v 0.591315 0.070150 0.156750
v 0.567438 0.660218 -0.079840
v 0.457801 0.502576 -0.226072
v 0.336510 0.590699 -0.226072
v 0.452557 0.743685 -0.079840
v 0.545772 0.617433 -0.157416
v 0.530154 0.729694 -0.158839
v 0.424583 0.584389 -0.234819
v 0.418560 0.709857 -0.157416
v 0.560504 0.771468 -0.079961
v 0.567438 0.660218 0.079840
v 0.452557 0.743685 0.079840
v 0.336510 0.590699 0.226072
v 0.457801 0.502576 0.226072
v 0.560504 0.771467 0.079961
v 0.530154 0.729694 0.158839
v 0.418560 0.709857 0.157416
v 0.424583 0.584389 0.234819
v 0.545772 0.617433 0.157416
v 0.123656 0.604212 -0.079784
v 0.104901 0.499622 -0.223797
v -0.104901 0.499622 -0.223797
v -0.123656 0.604212 -0.079784
v 0.116010 0.584051 -0.156750
v -0.000000 0.548993 -0.156176
v 0.000000 0.466152 -0.225718
v -0.116010 0.584051 -0.156750
v -0.000000 0.564897 -0.079739
v 0.104901 0.499622 0.223797
v 0.123656 0.604212 0.079784
v -0.123656 0.604212 0.079784
v -0.104901 0.499622 0.223797
v 0.116010 0.584051 0.156750
v 0.000000 0.548993 0.156176
v 0.000000 0.564897 0.079739
v -0.116010 0.584051 0.156750
v 0.000000 0.466152 0.225718
v -0.452557 0.743685 -0.079840
v -0.336510 0.590699 -0.226072
v -0.457801 0.502576 -0.226072
v -0.567438 0.660218 -0.079840
v -0.418560 0.709857 -0.157416
v -0.530154 0.729694 -0.158839
v -0.424583 0.584389 -0.234819
v -0.545772 0.617433 -0.157416
v -0.560504 0.771467 -0.079961
v -0.336510 0.590699 0.226072
v -0.452557 0.743685 0.079840
v -0.567438 0.660218 0.079840
v -0.457801 0.502576 0.226072
v -0.418560 0.709857 0.157416
v -0.530154 0.729694 0.158839
v -0.560504 0.771467 0.079961
v -0.545772 0.617433 0.157416
v -0.424583 0.584389 0.234819
v -0.536428 0.304315 -0.079784
v -0.442753 0.254158 -0.223797
v -0.507585 0.054625 -0.223797
v -0.612852 0.069108 -0.079784
v -0.519617 0.290814 -0.156750
v -0.522123 0.169648 -0.156176
v -0.443337 0.144049 -0.225718
v -0.591315 0.070150 -0.156750
v -0.537249 0.174563 -0.079739
v -0.442753 0.254158 0.223797
v -0.536428 0.304315 0.079784
v -0.612851 0.069108 0.079784
v -0.507585 0.054625 0.223797
v -0.519617 0.290814 0.156750
v -0.522123 0.169648 0.156176
v -0.537249 0.174563 0.079739
v -0.591315 0.070150 0.156750
v -0.443337 0.144049 0.225718
v -0.847134 -0.200596 -0.079840
v -0.665775 -0.137504 -0.226072
v -0.619446 -0.280090 -0.226072
v -0.803253 -0.335647 -0.079840
v -0.804457 -0.178717 -0.157416
v -0.857807 -0.278718 -0.158839
v -0.686990 -0.223217 -0.234819
v -0.755866 -0.328263 -0.157416
v -0.906914 -0.294674 -0.079961
v -0.665775 -0.137504 0.226072
v -0.847134 -0.200596 0.079840
v -0.803253 -0.335647 0.079840
v -0.619446 -0.280090 0.226072
v -0.804457 -0.178717 0.157416
v -0.857807 -0.278718 0.158839
v -0.906914 -0.294674 0.079961
v -0.755866 -0.328263 0.157416
v -0.686990 -0.223217 0.234819
v -0.455186 -0.416135 -0.079784
v -0.378537 -0.342544 -0.223797
v -0.208804 -0.465862 -0.223797
v -0.255107 -0.561501 -0.079784
v -0.437151 -0.404319 -0.156750
v -0.322690 -0.444145 -0.156176
v -0.273997 -0.377125 -0.225718
v -0.249443 -0.540696 -0.156750
v -0.332038 -0.457011 -0.079739
v -0.378537 -0.342544 0.223797
v -0.455186 -0.416135 0.079784
v -0.255107 -0.561501 0.079784
v -0.208804 -0.465862 0.223797
v -0.437151 -0.404319 0.156750
v -0.322690 -0.444144 0.156176
v -0.332038 -0.457011 0.079739
v -0.249443 -0.540696 0.156750
v -0.273997 -0.377125 0.225718
v 0.015404 -0.260881 0.386875
v 0.032730 -0.266771 0.381455
v 0.053900 -0.278938 0.370301
v 0.088966 -0.238612 0.367929
v 0.098286 -0.200873 0.376461
v 0.109036 -0.179319 0.379757
v 0.090434 -0.124472 0.406697
v 0.064329 -0.088541 0.424707
v 0.039036 -0.053729 0.436788
v 0.000000 -0.067903 0.437662
v 0.000000 -0.117509 0.427704
v 0.000000 -0.177613 0.412316
v 0.136848 -0.159112 0.379757
v 0.160670 -0.155548 0.376461
v 0.199441 -0.158347 0.367929
v 0.248630 -0.137459 0.370301
v 0.243600 -0.113565 0.381455
v 0.243353 -0.095267 0.386875
v 0.168921 -0.054886 0.412316
v 0.111758 -0.036312 0.427704
v 0.064580 -0.020983 0.437662
v 0.252873 -0.065966 0.386875
v 0.263828 -0.051308 0.381455
v 0.281942 -0.034935 0.370301
v 0.254425 0.010877 0.367929
v 0.221413 0.031402 0.376461
v 0.204236 0.048287 0.379757
v 0.146325 0.047544 0.406697
v 0.104086 0.033820 0.424707
v 0.063162 0.020523 0.436788
v 0.193613 0.080982 0.379757
v 0.197585 0.104739 0.376461
v 0.212228 0.140748 0.367929
v 0.207562 0.193984 0.370301
v 0.183283 0.196584 0.381455
v 0.165804 0.202003 0.386874
v 0.104399 0.143692 0.412316
v 0.069070 0.095067 0.427704
v 0.039912 0.054935 0.437662
v 0.140880 0.220112 0.386875
v 0.130325 0.235060 0.381455
v 0.120350 0.257347 0.370301
v 0.068277 0.245334 0.367929
v 0.038555 0.220280 0.376461
v 0.017189 0.209161 0.379757
v 0.000000 0.153856 0.406697
v 0.000000 0.109443 0.424707
v 0.000000 0.066412 0.436788
v -0.017189 0.209161 0.379757
v -0.038555 0.220280 0.376461
v -0.068277 0.245334 0.367929
v -0.120350 0.257347 0.370301
v -0.130325 0.235060 0.381455
v -0.140880 0.220112 0.386875
v -0.104399 0.143692 0.412316
v -0.069070 0.095067 0.427704
v -0.039912 0.054935 0.437662
v -0.165804 0.202003 0.386875
v -0.183283 0.196584 0.381455
v -0.207562 0.193984 0.370301
v -0.212228 0.140748 0.367929
v -0.197585 0.104739 0.376461
v -0.193613 0.080982 0.379757
v -0.146325 0.047544 0.406697
v -0.104086 0.033820 0.424707
v -0.063162 0.020523 0.436788
v -0.204236 0.048287 0.379757
v -0.221413 0.031402 0.376461
v -0.254425 0.010877 0.367929
v -0.281942 -0.034935 0.370301
v -0.263828 -0.051308 0.381455
v -0.252873 -0.065966 0.386875
v -0.168920 -0.054886 0.412316
v -0.111758 -0.036312 0.427704
v -0.064580 -0.020983 0.437662
v -0.243353 -0.095267 0.386875
v -0.243600 -0.113565 0.381455
v -0.248630 -0.137459 0.370301
v -0.199441 -0.158347 0.367929
v -0.160670 -0.155548 0.376461
v -0.136848 -0.159112 0.379758
v -0.090434 -0.124472 0.406697
v -0.064329 -0.088541 0.424707
v -0.039036 -0.053729 0.436788
v -0.109036 -0.179318 0.379757
v -0.098286 -0.200873 0.376461
v -0.088966 -0.238612 0.367929
v -0.053900 -0.278938 0.370301
v -0.032730 -0.266771 0.381455
v -0.015404 -0.260881 0.386875
v -0.015404 -0.260881 -0.386875
v -0.032730 -0.266771 -0.381455
v -0.053900 -0.278938 -0.370301
v -0.088966 -0.238612 -0.367929
v -0.098286 -0.200873 -0.376461
v -0.109036 -0.179319 -0.379757
v -0.090434 -0.124472 -0.406697
v -0.064329 -0.088541 -0.424707
v -0.039036 -0.053729 -0.436788
v 0.000000 -0.067903 -0.437662
v 0.000000 -0.117509 -0.427704
v 0.000000 -0.177614 -0.412316
v -0.136848 -0.159112 -0.379757
v -0.160670 -0.155548 -0.376461
v -0.199441 -0.158347 -0.367929
v -0.248630 -0.137459 -0.370301
v -0.243600 -0.113565 -0.381455
v -0.243353 -0.095267 -0.386875
v -0.168920 -0.054886 -0.412316
v -0.111758 -0.036312 -0.427704
v -0.064580 -0.020983 -0.437662
v -0.252873 -0.065966 -0.386875
v -0.263828 -0.051308 -0.381455
v -0.281942 -0.034935 -0.370301
v -0.254425 0.010877 -0.367929
v -0.221413 0.031402 -0.376461
v -0.204236 0.048287 -0.379757
v -0.146325 0.047544 -0.406697
v -0.104086 0.033820 -0.424707
v -0.063162 0.020522 -0.436788
v -0.193613 0.080982 -0.379757
v -0.197585 0.104739 -0.376461
v -0.212228 0.140748 -0.367929
v -0.207562 0.193984 -0.370301
v -0.183283 0.196584 -0.381455
v -0.165804 0.202003 -0.386875
v -0.104399 0.143692 -0.412316
v -0.069070 0.095067 -0.427704
v -0.039912 0.054935 -0.437662
v -0.140880 0.220112 -0.386875
v -0.130325 0.235060 -0.381455
v -0.120350 0.257347 -0.370301
v -0.068277 0.245334 -0.367929
v -0.038555 0.220280 -0.376461
v -0.017189 0.209161 -0.379757
v 0.000000 0.153856 -0.406697
v 0.000000 0.109443 -0.424707
v 0.000000 0.066412 -0.436788
v 0.017189 0.209161 -0.379757
v 0.038555 0.220280 -0.376461
v 0.068277 0.245334 -0.367929
v 0.120350 0.257347 -0.370301
v 0.130325 0.235060 -0.381455
v 0.140880 0.220112 -0.386875
v 0.104399 0.143692 -0.412316
v 0.069070 0.095067 -0.427704
v 0.039912 0.054935 -0.437662
v 0.165804 0.202003 -0.386875
v 0.183283 0.196584 -0.381455
v 0.207562 0.193984 -0.370301
v 0.212228 0.140748 -0.367929
v 0.197585 0.104739 -0.376461
v 0.193613 0.080982 -0.379757
v 0.146325 0.047544 -0.406697
v 0.104086 0.033820 -0.424707
v 0.063162 0.020522 -0.436788
v 0.204236 0.048287 -0.379757
v 0.221413 0.031402 -0.376461
v 0.254425 0.010877 -0.367929
v 0.281942 -0.034935 -0.370301
v 0.263828 -0.051308 -0.381455
v 0.252873 -0.065966 -0.386875
v 0.168920 -0.054886 -0.412316
v 0.111758 -0.036312 -0.427704
v 0.064580 -0.020983 -0.437662
v 0.243353 -0.095267 -0.386875
v 0.243600 -0.113565 -0.381455
v 0.248630 -0.137459 -0.370301
v 0.199441 -0.158347 -0.367929
v 0.160670 -0.155548 -0.376461
v 0.136848 -0.159112 -0.379758
v 0.090434 -0.124472 -0.406697
v 0.064329 -0.088541 -0.424707
v 0.039036 -0.053729 -0.436788
v 0.109036 -0.179319 -0.379757
v 0.098286 -0.200873 -0.376461
v 0.088966 -0.238612 -0.367929
v 0.053900 -0.278938 -0.370301
v 0.032730 -0.266771 -0.381455
v 0.015404 -0.260881 -0.386875
v 0.079309 -0.802986 0.169394
v 0.078982 -0.777662 0.183203
v 0.077560 -0.737505 0.201282
v 0.048800 -0.701346 0.229777
v 0.028999 -0.715345 0.232524
v 0.013439 -0.721178 0.234232
v 0.000000 -0.798545 0.207011
v 0.000000 -0.848691 0.186857
v 0.000000 -0.880565 0.171689
v 0.012345 -0.899315 0.158684
v 0.027615 -0.888116 0.158306
v 0.048732 -0.863425 0.157839
v -0.013439 -0.721178 0.234232
v -0.028999 -0.715345 0.232524
v -0.048800 -0.701346 0.229777
v -0.077560 -0.737505 0.201282
v -0.078982 -0.777662 0.183203
v -0.079309 -0.802986 0.169394
v -0.048732 -0.863425 0.157839
v -0.027615 -0.888116 0.158306
v -0.012345 -0.899315 0.158684
v -0.077058 -0.835241 0.144842
v -0.074986 -0.848468 0.129297
v -0.072825 -0.859454 0.108417
v -0.040968 -0.913946 0.079876
v -0.021463 -0.939832 0.079916
v -0.008977 -0.951114 0.079948
v -0.000000 -0.945283 0.108661
v -0.000000 -0.933805 0.129763
v -0.000000 -0.919309 0.145684
v 0.008977 -0.951114 0.079948
v 0.021463 -0.939832 0.079916
v 0.040968 -0.913946 0.079876
v 0.072825 -0.859454 0.108417
v 0.074986 -0.848468 0.129297
v 0.077058 -0.835241 0.144842
v 0.013439 -0.721178 -0.234232
v 0.028999 -0.715345 -0.232524
v 0.048800 -0.701346 -0.229777
v 0.077560 -0.737505 -0.201282
v 0.078982 -0.777662 -0.183203
v 0.079309 -0.802986 -0.169394
v 0.048732 -0.863425 -0.157839
v 0.027615 -0.888116 -0.158306
v 0.012345 -0.899314 -0.158684
v 0.000000 -0.880565 -0.171688
v 0.000000 -0.848690 -0.186857
v 0.000000 -0.798545 -0.207011
v 0.077058 -0.835241 -0.144842
v 0.074986 -0.848468 -0.129297
v 0.072825 -0.859454 -0.108417
v 0.040968 -0.913946 -0.079876
v 0.021463 -0.939832 -0.079916
v 0.008977 -0.951114 -0.079948
v 0.000000 -0.945283 -0.108661
v 0.000000 -0.933805 -0.129763
v 0.000000 -0.919309 -0.145684
v -0.008977 -0.951114 -0.079948
v -0.021463 -0.939832 -0.079916
v -0.040968 -0.913946 -0.079876
v -0.072825 -0.859454 -0.108417
v -0.074986 -0.848468 -0.129297
v -0.077058 -0.835241 -0.144842
v -0.048732 -0.863425 -0.157839
v -0.027615 -0.888116 -0.158306
v -0.012345 -0.899315 -0.158684
v -0.079309 -0.802986 -0.169394
v -0.078982 -0.777662 -0.183203
v -0.077560 -0.737505 -0.201282
v -0.048800 -0.701346 -0.229777
v -0.028999 -0.715345 -0.232524
v -0.013439 -0.721178 -0.234232
v 0.320767 -0.466520 -0.079744
v 0.306596 -0.483066 -0.079756
v 0.285913 -0.512707 -0.079771
v 0.254526 -0.557970 -0.108305
v 0.253524 -0.553200 -0.129082
v 0.251897 -0.547380 -0.144451
v 0.278094 -0.496125 -0.156580
v 0.297726 -0.468853 -0.156391
v 0.311528 -0.453364 -0.156238
v 0.325931 -0.448606 -0.144119
v 0.328562 -0.452227 -0.128903
v 0.330594 -0.455023 -0.108214
v 0.245670 -0.532660 -0.168344
v 0.238930 -0.520084 -0.181712
v 0.227287 -0.499106 -0.199360
v 0.231538 -0.426074 -0.225475
v 0.248678 -0.401267 -0.225982
v 0.262179 -0.386574 -0.225877
v 0.296790 -0.408496 -0.199322
v 0.310657 -0.427583 -0.180891
v 0.318368 -0.438196 -0.167488
v 0.286636 -0.368805 -0.225877
v 0.304782 -0.360505 -0.225982
v 0.333671 -0.351870 -0.225475
v 0.404442 -0.370395 -0.199360
v 0.420796 -0.387951 -0.181712
v 0.430674 -0.398247 -0.168344
v 0.385908 -0.417795 -0.156580
v 0.353903 -0.428038 -0.156391
v 0.334907 -0.436378 -0.156238
v 0.442749 -0.408718 -0.144451
v 0.447782 -0.412064 -0.129082
v 0.452008 -0.414491 -0.108305
v 0.399261 -0.430355 -0.079771
v 0.364680 -0.440866 -0.079756
v 0.344564 -0.449230 -0.079744
v 0.251897 -0.547380 0.144451
v 0.253524 -0.553200 0.129082
v 0.254526 -0.557970 0.108305
v 0.285913 -0.512707 0.079771
v 0.306596 -0.483066 0.079756
v 0.320767 -0.466520 0.079744
v 0.330594 -0.455023 0.108214
v 0.328562 -0.452227 0.128903
v 0.325931 -0.448606 0.144119
v 0.311528 -0.453364 0.156238
v 0.297726 -0.468853 0.156391
v 0.278094 -0.496126 0.156580
v 0.344564 -0.449230 0.079744
v 0.364680 -0.440866 0.079756
v 0.399261 -0.430355 0.079771
v 0.452008 -0.414491 0.108305
v 0.447782 -0.412064 0.129082
v 0.442749 -0.408718 0.144451
v 0.385908 -0.417795 0.156580
v 0.353903 -0.428038 0.156391
v 0.334907 -0.436378 0.156238
v 0.430674 -0.398247 0.168344
v 0.420796 -0.387951 0.181712
v 0.404442 -0.370395 0.199360
v 0.333671 -0.351870 0.225475
v 0.304782 -0.360505 0.225982
v 0.286636 -0.368805 0.225877
v 0.296790 -0.408496 0.199322
v 0.310657 -0.427583 0.180891
v 0.318368 -0.438196 0.167488
v 0.262179 -0.386574 0.225877
v 0.248678 -0.401267 0.225982
v 0.231538 -0.426074 0.225475
v 0.227287 -0.499106 0.199360
v 0.238930 -0.520084 0.181712
v 0.245670 -0.532660 0.168344
v 0.901789 -0.302448 -0.079948
v 0.887201 -0.310837 -0.079916
v 0.856555 -0.321388 -0.079876
v 0.794885 -0.334847 -0.108417
v 0.783769 -0.333507 -0.129297
v 0.770549 -0.331391 -0.144842
v 0.806107 -0.313160 -0.157839
v 0.836115 -0.300706 -0.158306
v 0.851484 -0.289645 -0.158684
v 0.874315 -0.284082 -0.145684
v 0.888102 -0.288562 -0.129763
v 0.899018 -0.292109 -0.108661
v 0.739177 -0.323563 -0.169394
v 0.715194 -0.315427 -0.183203
v 0.677442 -0.301666 -0.201282
v 0.651939 -0.263139 -0.229777
v 0.671372 -0.248634 -0.232524
v 0.681728 -0.235638 -0.234232
v 0.759461 -0.246764 -0.207011
v 0.807153 -0.262260 -0.186857
v 0.837467 -0.272110 -0.171689
v 0.690034 -0.210075 -0.234232
v 0.689294 -0.193474 -0.232524
v 0.682099 -0.170316 -0.229777
v 0.725377 -0.154137 -0.201282
v 0.764007 -0.165194 -0.183203
v 0.788193 -0.172709 -0.169394
v 0.836225 -0.220466 -0.157839
v 0.853182 -0.248180 -0.158306
v 0.859114 -0.266162 -0.158684
v 0.818174 -0.184817 -0.144842
v 0.830113 -0.190876 -0.129297
v 0.839894 -0.196325 -0.108417
v 0.881874 -0.243462 -0.079876
v 0.900466 -0.270012 -0.079916
v 0.907337 -0.285373 -0.079948
v 0.770549 -0.331391 0.144842
v 0.783769 -0.333507 0.129297
v 0.794885 -0.334847 0.108417
v 0.856555 -0.321388 0.079876
v 0.887201 -0.310837 0.079916
v 0.901789 -0.302448 0.079948
v 0.899018 -0.292109 0.108661
v 0.888102 -0.288562 0.129763
v 0.874315 -0.284082 0.145684
v 0.851484 -0.289645 0.158684
v 0.836115 -0.300706 0.158306
v 0.806107 -0.313160 0.157839
v 0.907337 -0.285373 0.079948
v 0.900466 -0.270012 0.079916
v 0.881874 -0.243462 0.079876
v 0.839893 -0.196325 0.108417
v 0.830113 -0.190876 0.129297
v 0.818174 -0.184817 0.144842
v 0.836225 -0.220466 0.157839
v 0.853182 -0.248180 0.158306
v 0.859114 -0.266162 0.158684
v 0.788193 -0.172709 0.169394
v 0.764007 -0.165194 0.183203
v 0.725376 -0.154137 0.201282
v 0.682099 -0.170316 0.229777
v 0.689295 -0.193474 0.232524
v 0.690034 -0.210075 0.234232
v 0.759461 -0.246764 0.207011
v 0.807152 -0.262260 0.186857
v 0.837467 -0.272110 0.171689
v 0.681728 -0.235638 0.234232
v 0.671372 -0.248634 0.232524
v 0.651939 -0.263139 0.229777
v 0.677442 -0.301666 0.201282
v 0.715194 -0.315427 0.183203
v 0.739177 -0.323563 0.169394
v 0.542809 0.160905 -0.079744
v 0.554167 0.142315 -0.079756
v 0.575965 0.113485 -0.079771
v 0.609314 0.069647 -0.108305
v 0.604468 0.070167 -0.129082
v 0.598430 0.070418 -0.144451
v 0.557779 0.111172 -0.156580
v 0.537908 0.138271 -0.156391
v 0.527442 0.156184 -0.156238
v 0.527367 0.171352 -0.144119
v 0.531624 0.172735 -0.128903
v 0.534912 0.173803 -0.108214
v 0.582506 0.069045 -0.168344
v 0.568463 0.066522 -0.181712
v 0.544914 0.061931 -0.199360
v 0.476769 0.088542 -0.225475
v 0.458473 0.112508 -0.225982
v 0.448671 0.129889 -0.225877
v 0.480216 0.156032 -0.199322
v 0.502654 0.163322 -0.180891
v 0.515131 0.167376 -0.167488
v 0.439329 0.158640 -0.225877
v 0.437043 0.178463 -0.225982
v 0.437758 0.208606 -0.225475
v 0.477246 0.270189 -0.199360
v 0.498997 0.280317 -0.181712
v 0.511841 0.286530 -0.168344
v 0.516598 0.237914 -0.156580
v 0.516450 0.204311 -0.156391
v 0.518512 0.183667 -0.156238
v 0.525531 0.294779 -0.144451
v 0.530268 0.298531 -0.129082
v 0.533882 0.301800 -0.108305
v 0.532670 0.246733 -0.079771
v 0.531981 0.210596 -0.079756
v 0.533720 0.188880 -0.079744
v 0.598430 0.070418 0.144451
v 0.604468 0.070167 0.129082
v 0.609314 0.069647 0.108305
v 0.575965 0.113485 0.079771
v 0.554167 0.142315 0.079756
v 0.542809 0.160905 0.079744
v 0.534912 0.173803 0.108214
v 0.531624 0.172735 0.128903
v 0.527367 0.171352 0.144119
v 0.527442 0.156184 0.156238
v 0.537908 0.138271 0.156391
v 0.557779 0.111172 0.156580
v 0.533720 0.188880 0.079744
v 0.531981 0.210596 0.079756
v 0.532670 0.246733 0.079771
v 0.533882 0.301800 0.108305
v 0.530268 0.298531 0.129082
v 0.525531 0.294779 0.144451
v 0.516598 0.237914 0.156580
v 0.516450 0.204311 0.156391
v 0.518512 0.183667 0.156238
v 0.511841 0.286530 0.168344
v 0.498997 0.280317 0.181712
v 0.477246 0.270189 0.199360
v 0.437758 0.208606 0.225475
v 0.437043 0.178463 0.225982
v 0.439329 0.158640 0.225877
v 0.480216 0.156032 0.199322
v 0.502654 0.163322 0.180891
v 0.515131 0.167376 0.167488
v 0.448671 0.129889 0.225877
v 0.458473 0.112508 0.225982
v 0.476769 0.088542 0.225475
v 0.544914 0.061931 0.199360
v 0.568463 0.066522 0.181712
v 0.582506 0.069045 0.168344
v 0.566313 0.764191 -0.079948
v 0.569784 0.747725 -0.079916
v 0.570348 0.715318 -0.079876
v 0.564091 0.652507 -0.108417
v 0.559382 0.642350 -0.129297
v 0.553284 0.630430 -0.144842
v 0.546934 0.669882 -0.157839
v 0.544362 0.702270 -0.158306
v 0.538591 0.720304 -0.158684
v 0.540357 0.743737 -0.145684
v 0.548877 0.755464 -0.129763
v 0.555624 0.764750 -0.108661
v 0.536145 0.603013 -0.169394
v 0.520996 0.582717 -0.183203
v 0.496242 0.551065 -0.201282
v 0.451721 0.538717 -0.229777
v 0.443930 0.561681 -0.232524
v 0.434770 0.575546 -0.234232
v 0.469373 0.646036 -0.207011
v 0.498848 0.686605 -0.186857
v 0.517583 0.712392 -0.171689
v 0.413025 0.591345 -0.234232
v 0.397008 0.595771 -0.232524
v 0.372761 0.596085 -0.229777
v 0.370747 0.642243 -0.201282
v 0.393200 0.675566 -0.183203
v 0.407821 0.696246 -0.169394
v 0.468084 0.727170 -0.157839
v 0.499681 0.734733 -0.158306
v 0.518616 0.734817 -0.158684
v 0.428601 0.721018 -0.144842
v 0.438053 0.730501 -0.129297
v 0.446257 0.738119 -0.108417
v 0.504060 0.763478 -0.079876
v 0.535056 0.772956 -0.079916
v 0.551788 0.774744 -0.079948
v 0.553284 0.630430 0.144842
v 0.559382 0.642350 0.129297
v 0.564091 0.652507 0.108417
v 0.570348 0.715318 0.079876
v 0.569784 0.747725 0.079916
v 0.566313 0.764191 0.079948
v 0.555624 0.764750 0.108661
v 0.548877 0.755464 0.129763
v 0.540356 0.743737 0.145684
v 0.538591 0.720304 0.158684
v 0.544362 0.702270 0.158306
v 0.546934 0.669882 0.157839
v 0.551788 0.774744 0.079948
v 0.535056 0.772956 0.079916
v 0.504060 0.763478 0.079876
v 0.446257 0.738119 0.108417
v 0.438053 0.730501 0.129297
v 0.428601 0.721018 0.144842
v 0.468084 0.727170 0.157839
v 0.499681 0.734733 0.158306
v 0.518616 0.734817 0.158684
v 0.407821 0.696246 0.169394
v 0.393200 0.675566 0.183203
v 0.370747 0.642243 0.201282
v 0.372761 0.596085 0.229777
v 0.397008 0.595771 0.232524
v 0.413025 0.591345 0.234232
v 0.469373 0.646036 0.207011
v 0.498848 0.686605 0.186857
v 0.517583 0.712392 0.171689
v 0.434770 0.575546 0.234232
v 0.443930 0.561681 0.232524
v 0.451721 0.538717 0.229777
v 0.496242 0.551066 0.201282
v 0.520996 0.582717 0.183203
v 0.536145 0.603013 0.169394
v 0.014707 0.565965 -0.079744
v 0.035898 0.571021 -0.079756
v 0.070053 0.582844 -0.079771
v 0.122050 0.601014 -0.108305
v 0.120058 0.596566 -0.129082
v 0.117953 0.590901 -0.144451
v 0.066632 0.564834 -0.156580
v 0.034719 0.554309 -0.156391
v 0.014449 0.549891 -0.156238
v -0.000000 0.554507 -0.144119
v -0.000000 0.558983 -0.128903
v -0.000000 0.562440 -0.108214
v 0.114339 0.575332 -0.168344
v 0.112399 0.561197 -0.181712
v 0.109488 0.537381 -0.199360
v 0.063122 0.480796 -0.225475
v 0.034675 0.470801 -0.225982
v 0.015115 0.466850 -0.225877
v -0.000000 0.504929 -0.199322
v -0.000000 0.528522 -0.180891
v -0.000000 0.541640 -0.167488
v -0.015115 0.466850 -0.225877
v -0.034675 0.470801 -0.225982
v -0.063122 0.480796 -0.225475
v -0.109488 0.537381 -0.199360
v -0.112399 0.561197 -0.181712
v -0.114339 0.575332 -0.168344
v -0.066632 0.564834 -0.156580
v -0.034719 0.554309 -0.156391
v -0.014449 0.549891 -0.156238
v -0.117953 0.590901 -0.144451
v -0.120058 0.596566 -0.129082
v -0.122050 0.601014 -0.108305
v -0.070053 0.582844 -0.079771
v -0.035898 0.571021 -0.079756
v -0.014707 0.565965 -0.079744
v 0.015115 0.466850 0.225877
v 0.034675 0.470801 0.225982
v 0.063122 0.480796 0.225475
v 0.109488 0.537381 0.199360
v 0.112399 0.561197 0.181712
v 0.114339 0.575332 0.168344
v 0.066632 0.564834 0.156580
v 0.034719 0.554309 0.156391
v 0.014449 0.549891 0.156238
v 0.000000 0.541640 0.167488
v -0.000000 0.528522 0.180891
v -0.000000 0.504929 0.199322
v 0.117953 0.590901 0.144451
v 0.120058 0.596566 0.129082
v 0.122050 0.601014 0.108305
v 0.070053 0.582844 0.079771
v 0.035898 0.571021 0.079756
v 0.014707 0.565965 0.079744
v 0.000000 0.562440 0.108214
v 0.000000 0.558983 0.128903
v 0.000000 0.554507 0.144119
v -0.014707 0.565965 0.079744
v -0.035898 0.571021 0.079756
v -0.070053 0.582844 0.079771
v -0.122050 0.601014 0.108305
v -0.120058 0.596566 0.129082
v -0.117953 0.590901 0.144451
v -0.066632 0.564834 0.156580
v -0.034719 0.554309 0.156391
v -0.014449 0.549891 0.156238
v -0.114339 0.575332 0.168344
v -0.112399 0.561197 0.181711
v -0.109488 0.537381 0.199360
v -0.063122 0.480796 0.225475
v -0.034675 0.470801 0.225982
v -0.015115 0.466850 0.225877
v -0.551788 0.774744 -0.079948
v -0.535056 0.772956 -0.079916
v -0.504060 0.763478 -0.079876
v -0.446257 0.738119 -0.108417
v -0.438053 0.730501 -0.129297
v -0.428601 0.721018 -0.144842
v -0.468084 0.727170 -0.157839
v -0.499681 0.734733 -0.158306
v -0.518616 0.734817 -0.158684
v -0.540356 0.743737 -0.145684
v -0.548877 0.755464 -0.129763
v -0.555624 0.764750 -0.108661
v -0.407821 0.696246 -0.169394
v -0.393200 0.675566 -0.183203
v -0.370747 0.642243 -0.201282
v -0.372761 0.596085 -0.229777
v -0.397008 0.595771 -0.232524
v -0.413025 0.591345 -0.234232
v -0.469373 0.646036 -0.207011
v -0.498848 0.686605 -0.186857
v -0.517583 0.712392 -0.171689
v -0.434770 0.575546 -0.234232
v -0.443930 0.561681 -0.232524
v -0.451721 0.538717 -0.229777
v -0.496242 0.551066 -0.201282
v -0.520996 0.582717 -0.183203
v -0.536145 0.603013 -0.169394
v -0.546934 0.669882 -0.157839
v -0.544362 0.702270 -0.158306
v -0.538591 0.720304 -0.158684
v -0.553284 0.630430 -0.144842
v -0.559382 0.642350 -0.129297
v -0.564091 0.652507 -0.108417
v -0.570348 0.715318 -0.079876
v -0.569784 0.747725 -0.079916
v -0.566313 0.764191 -0.079948
v -0.413025 0.591345 0.234232
v -0.397008 0.595771 0.232524
v -0.372761 0.596085 0.229777
v -0.370747 0.642243 0.201282
v -0.393200 0.675566 0.183203
v -0.407821 0.696246 0.169394
v -0.468084 0.727170 0.157839
v -0.499681 0.734733 0.158306
v -0.518616 0.734817 0.158684
v -0.517583 0.712392 0.171688
v -0.498848 0.686605 0.186857
v -0.469373 0.646036 0.207011
v -0.428601 0.721018 0.144842
v -0.438053 0.730501 0.129297
v -0.446257 0.738119 0.108417
v -0.504060 0.763478 0.079876
v -0.535056 0.772956 0.079916
v -0.551788 0.774744 0.079948
v -0.555624 0.764750 0.108661
v -0.548877 0.755464 0.129763
v -0.540356 0.743737 0.145684
v -0.566313 0.764191 0.079948
v -0.569784 0.747725 0.079916
v -0.570348 0.715318 0.079876
v -0.564091 0.652507 0.108417
v -0.559382 0.642350 0.129297
v -0.553284 0.630430 0.144842
v -0.546934 0.669882 0.157839
v -0.544363 0.702270 0.158306
v -0.538591 0.720304 0.158684
v -0.536145 0.603013 0.169394
v -0.520996 0.582717 0.183203
v -0.496242 0.551065 0.201282
v -0.451721 0.538717 0.229777
v -0.443930 0.561681 0.232524
v -0.434770 0.575546 0.234232
v -0.533720 0.188880 -0.079744
v -0.531981 0.210596 -0.079756
v -0.532670 0.246733 -0.079771
v -0.533882 0.301800 -0.108305
v -0.530268 0.298531 -0.129082
v -0.525531 0.294779 -0.144451
v -0.516598 0.237914 -0.156580
v -0.516450 0.204311 -0.156391
v -0.518512 0.183667 -0.156238
v -0.527367 0.171352 -0.144119
v -0.531624 0.172735 -0.128903
v -0.534912 0.173803 -0.108214
v -0.511841 0.286530 -0.168344
v -0.498997 0.280317 -0.181712
v -0.477246 0.270189 -0.199360
v -0.437758 0.208606 -0.225475
v -0.437043 0.178463 -0.225982
v -0.439329 0.158640 -0.225877
v -0.480216 0.156032 -0.199322
v -0.502654 0.163322 -0.180891
v -0.515131 0.167376 -0.167488
v -0.448671 0.129889 -0.225877
v -0.458473 0.112508 -0.225982
v -0.476769 0.088542 -0.225475
v -0.544914 0.061931 -0.199360
v -0.568463 0.066522 -0.181712
v -0.582506 0.069045 -0.168344
v -0.557779 0.111172 -0.156580
v -0.537908 0.138271 -0.156391
v -0.527442 0.156184 -0.156238
v -0.598430 0.070418 -0.144451
v -0.604468 0.070167 -0.129082
v -0.609314 0.069647 -0.108305
v -0.575965 0.113485 -0.079771
v -0.554167 0.142315 -0.079756
v -0.542809 0.160905 -0.079744
v -0.439329 0.158640 0.225877
v -0.437043 0.178463 0.225982
v -0.437758 0.208606 0.225475
v -0.477246 0.270189 0.199360
v -0.498997 0.280317 0.181712
v -0.511841 0.286530 0.168344
v -0.516598 0.237914 0.156580
v -0.516450 0.204311 0.156391
v -0.518512 0.183667 0.156238
v -0.515131 0.167376 0.167488
v -0.502654 0.163322 0.180891
v -0.480216 0.156032 0.199322
v -0.525531 0.294779 0.144451
v -0.530268 0.298531 0.129082
v -0.533882 0.301800 0.108305
v -0.532670 0.246733 0.079771
v -0.531981 0.210596 0.079756
v -0.533720 0.188880 0.079744
v -0.534912 0.173803 0.108214
v -0.531624 0.172735 0.128903
v -0.527367 0.171352 0.144119
v -0.542809 0.160905 0.079744
v -0.554167 0.142315 0.079756
v -0.575965 0.113485 0.079771
v -0.609314 0.069647 0.108305
v -0.604468 0.070167 0.129082
v -0.598430 0.070418 0.144451
v -0.557779 0.111172 0.156580
v -0.537908 0.138271 0.156391
v -0.527442 0.156184 0.156238
v -0.582506 0.069045 0.168344
v -0.568463 0.066522 0.181712
v -0.544914 0.061931 0.199360
v -0.476769 0.088542 0.225475
v -0.458473 0.112508 0.225982
v -0.448671 0.129889 0.225877
v -0.907337 -0.285373 -0.079948
v -0.900466 -0.270012 -0.079916
v -0.881874 -0.243462 -0.079876
v -0.839894 -0.196325 -0.108417
v -0.830113 -0.190876 -0.129297
v -0.818174 -0.184817 -0.144842
v -0.836225 -0.220466 -0.157839
v -0.853182 -0.248180 -0.158306
v -0.859114 -0.266162 -0.158684
v -0.874315 -0.284082 -0.145684
v -0.888102 -0.288562 -0.129763
v -0.899018 -0.292109 -0.108661
v -0.788193 -0.172709 -0.169394
v -0.764007 -0.165194 -0.183203
v -0.725377 -0.154137 -0.201282
v -0.682099 -0.170316 -0.229777
v -0.689295 -0.193474 -0.232524
v -0.690034 -0.210075 -0.234232
v -0.759461 -0.246764 -0.207011
v -0.807153 -0.262260 -0.186857
v -0.837467 -0.272110 -0.171689
v -0.681728 -0.235638 -0.234232
v -0.671372 -0.248634 -0.232524
v -0.651939 -0.263139 -0.229777
v -0.677442 -0.301666 -0.201282
v -0.715194 -0.315427 -0.183203
v -0.739177 -0.323563 -0.169394
v -0.806107 -0.313160 -0.157839
v -0.836115 -0.300706 -0.158306
v -0.851484 -0.289645 -0.158684
v -0.770549 -0.331391 -0.144842
v -0.783770 -0.333507 -0.129297
v -0.794885 -0.334847 -0.108417
v -0.856555 -0.321388 -0.079876
v -0.887201 -0.310837 -0.079916
v -0.901789 -0.302448 -0.079948
v -0.690034 -0.210075 0.234232
v -0.689294 -0.193474 0.232524
v -0.682099 -0.170316 0.229777
v -0.725377 -0.154137 0.201282
v -0.764007 -0.165194 0.183203
v -0.788193 -0.172709 0.169394
v -0.836225 -0.220466 0.157839
v -0.853182 -0.248180 0.158306
v -0.859114 -0.266162 0.158684
v -0.837467 -0.272110 0.171689
v -0.807153 -0.262260 0.186857
v -0.759461 -0.246764 0.207011
v -0.818174 -0.184817 0.144842
v -0.830113 -0.190876 0.129297
v -0.839894 -0.196325 0.108417
v -0.881874 -0.243462 0.079876
v -0.900466 -0.270012 0.079916
v -0.907337 -0.285373 0.079948
v -0.899018 -0.292109 0.108661
v -0.888102 -0.288562 0.129763
v -0.874315 -0.284082 0.145684
v -0.901789 -0.302448 0.079948
v -0.887201 -0.310837 0.079916
v -0.856555 -0.321388 0.079876
v -0.794885 -0.334847 0.108417
v -0.783769 -0.333507 0.129297
v -0.770549 -0.331391 0.144842
v -0.806107 -0.313160 0.157839
v -0.836115 -0.300706 0.158306
v -0.851484 -0.289645 0.158684
v -0.739177 -0.323563 0.169394
v -0.715194 -0.315427 0.183203
v -0.677442 -0.301666 0.201282
v -0.651939 -0.263139 0.229777
v -0.671372 -0.248634 0.232524
v -0.681728 -0.235638 0.234232
v -0.344564 -0.449230 -0.079744
v -0.364680 -0.440866 -0.079756
v -0.399261 -0.430355 -0.079771
v -0.452008 -0.414491 -0.108305
v -0.447782 -0.412064 -0.129082
v -0.442749 -0.408718 -0.144451
v -0.385908 -0.417795 -0.156580
v -0.353903 -0.428038 -0.156391
v -0.334907 -0.436378 -0.156238
v -0.325931 -0.448606 -0.144119
v -0.328562 -0.452227 -0.128903
v -0.330594 -0.455023 -0.108214
v -0.430674 -0.398247 -0.168344
v -0.420796 -0.387951 -0.181712
v -0.404442 -0.370395 -0.199360
v -0.333671 -0.351870 -0.225475
v -0.304782 -0.360505 -0.225982
v -0.286636 -0.368805 -0.225877
v -0.296790 -0.408496 -0.199322
v -0.310657 -0.427583 -0.180891
v -0.318368 -0.438196 -0.167488
v -0.262179 -0.386574 -0.225877
v -0.248678 -0.401267 -0.225982
v -0.231538 -0.426074 -0.225475
v -0.227287 -0.499106 -0.199360
v -0.238931 -0.520084 -0.181712
v -0.245670 -0.532660 -0.168344
v -0.278094 -0.496126 -0.156580
v -0.297726 -0.468853 -0.156391
v -0.311528 -0.453364 -0.156238
v -0.251897 -0.547380 -0.144451
v -0.253524 -0.553200 -0.129082
v -0.254526 -0.557970 -0.108305
v -0.285913 -0.512707 -0.079771
v -0.306596 -0.483066 -0.079756
v -0.320767 -0.466520 -0.079744
v -0.286636 -0.368805 0.225877
v -0.304782 -0.360505 0.225982
v -0.333671 -0.351870 0.225475
v -0.404442 -0.370395 0.199360
v -0.420796 -0.387951 0.181712
v -0.430674 -0.398247 0.168344
v -0.385907 -0.417795 0.156580
v -0.353903 -0.428038 0.156391
v -0.334907 -0.436378 0.156239
v -0.318368 -0.438196 0.167488
v -0.310657 -0.427583 0.180891
v -0.296790 -0.408496 0.199322
v -0.442749 -0.408718 0.144451
v -0.447782 -0.412064 0.129082
v -0.452008 -0.414491 0.108305
v -0.399261 -0.430355 0.079771
v -0.364680 -0.440866 0.079756
v -0.344564 -0.449230 0.079744
v -0.330594 -0.455023 0.108214
v -0.328562 -0.452227 0.128903
v -0.325931 -0.448606 0.144119
v -0.320767 -0.466520 0.079744
v -0.306596 -0.483066 0.079756
v -0.285913 -0.512707 0.079771
v -0.254526 -0.557970 0.108305
v -0.253524 -0.553200 0.129082
v -0.251897 -0.547380 0.144451
v -0.278094 -0.496126 0.156580
v -0.297726 -0.468853 0.156391
v -0.311528 -0.453364 0.156238
v -0.245670 -0.532660 0.168344
v -0.238930 -0.520084 0.181712
v -0.227287 -0.499106 0.199360
v -0.231538 -0.426074 0.225475
v -0.248678 -0.401267 0.225982
v -0.262179 -0.386574 0.225877
v -0.071689 -0.588840 -0.258553
v -0.070573 -0.487567 -0.293868
v -0.074075 -0.386095 -0.326194
v 0.000000 -0.368434 -0.353865
v -0.000000 -0.492900 -0.313110
v -0.000000 -0.616338 -0.271579
v 0.074075 -0.386095 -0.326194
v 0.070573 -0.487567 -0.293868
v 0.071689 -0.588840 -0.258553
v -0.074075 -0.386095 0.326194
v -0.070573 -0.487567 0.293868
v -0.071689 -0.588840 0.258553
v 0.000000 -0.616338 0.271579
v 0.000000 -0.492900 0.313110
v 0.000000 -0.368434 0.353865
v 0.071689 -0.588840 0.258553
v 0.070573 -0.487567 0.293868
v 0.074075 -0.386095 0.326194
v -0.069864 -0.872637 0.042435
v -0.069485 -0.874296 0.000000
v -0.069864 -0.872637 -0.042435
v 0.000000 -0.958584 -0.042484
v 0.000000 -0.960249 0.000000
v -0.000000 -0.958584 0.042484
v 0.069864 -0.872637 -0.042435
v 0.069485 -0.874296 0.000000
v 0.069864 -0.872637 0.042435
v -0.182313 -0.419376 0.256095
v -0.149729 -0.370215 0.291586
v -0.114213 -0.329535 0.324660
v -0.159509 -0.219545 0.344359
v -0.200972 -0.276614 0.302983
v -0.240813 -0.331451 0.261621
v -0.278113 -0.210455 0.324660
v -0.305826 -0.256803 0.291586
v -0.342512 -0.302984 0.256095
v 0.457118 -0.417108 -0.042412
v 0.457762 -0.417432 0.000000
v 0.457118 -0.417108 0.042412
v 0.332903 -0.458202 0.042394
v 0.333192 -0.458599 0.000000
v 0.332903 -0.458202 -0.042394
v 0.255436 -0.563638 0.042412
v 0.255545 -0.564351 0.000000
v 0.255436 -0.563638 -0.042412
v -0.537867 -0.250142 0.258553
v -0.441895 -0.217785 0.293868
v -0.344308 -0.189759 0.326194
v -0.350401 -0.113852 0.353865
v -0.468775 -0.152314 0.313110
v -0.586172 -0.190459 0.271579
v -0.390089 -0.048861 0.326194
v -0.485512 -0.083548 0.293868
v -0.582173 -0.113781 0.258553
v 0.851516 -0.203215 -0.042435
v 0.852977 -0.204088 0.000000
v 0.851516 -0.203215 0.042435
v 0.911667 -0.296219 0.042484
v 0.913251 -0.296733 0.000000
v 0.911667 -0.296219 -0.042484
v 0.808338 -0.336104 0.042435
v 0.810033 -0.336256 0.000000
v 0.808338 -0.336104 -0.042435
v -0.455188 0.043796 0.256095
v -0.398364 0.027998 0.291586
v -0.348700 0.006791 0.324660
v -0.258091 0.083859 0.344359
v -0.325179 0.105657 0.302983
v -0.389644 0.126603 0.261621
v -0.286096 0.199467 0.324660
v -0.338740 0.211502 0.291586
v -0.393998 0.232121 0.256095
v 0.537950 0.305851 -0.042412
v 0.538457 0.306364 -0.000000
v 0.537950 0.305851 0.042412
v 0.538649 0.175018 0.042394
v 0.539115 0.175169 -0.000000
v 0.538649 0.175018 -0.042394
v 0.614986 0.068760 0.042412
v 0.615697 0.068644 -0.000000
v 0.614986 0.068760 -0.042412
v -0.404109 0.434244 0.258553
v -0.343679 0.352968 0.293868
v -0.286869 0.268817 0.326194
v -0.216560 0.298069 0.353865
v -0.289719 0.398764 0.313110
v -0.362274 0.498628 0.271579
v -0.167013 0.355897 0.326194
v -0.229490 0.435932 0.293868
v -0.288114 0.518519 0.258553
v 0.456402 0.747043 -0.042435
v 0.457684 0.748162 -0.000000
v 0.456402 0.747043 0.042435
v 0.563441 0.775510 0.042484
v 0.564420 0.776858 -0.000000
v 0.563441 0.775510 -0.042484
v 0.569444 0.664913 0.042435
v 0.570113 0.666478 -0.000000
v 0.569444 0.664913 -0.042435
v -0.099009 0.446443 0.256095
v -0.096474 0.387519 0.291586
v -0.101296 0.333732 0.324660
v 0.000000 0.271373 0.344359
v 0.000000 0.341914 0.302983
v 0.000000 0.409696 0.261621
v 0.101296 0.333732 0.324660
v 0.096474 0.387519 0.291586
v 0.099009 0.446443 0.256095
v -0.124646 0.606134 -0.042412
v -0.124977 0.606775 -0.000000
v -0.124646 0.606134 0.042412
v 0.000000 0.566369 0.042394
v -0.000000 0.566859 -0.000000
v -0.000000 0.566369 -0.042394
v 0.124646 0.606134 0.042412
v 0.124977 0.606775 -0.000000
v 0.124646 0.606134 -0.042412
v 0.288114 0.518519 0.258553
v 0.229490 0.435932 0.293868
v 0.167013 0.355897 0.326194
v 0.216560 0.298069 0.353865
v 0.289719 0.398764 0.313110
v 0.362275 0.498628 0.271579
v 0.286869 0.268817 0.326194
v 0.343679 0.352968 0.293868
v 0.404109 0.434244 0.258553
v -0.569444 0.664913 -0.042435
v -0.570113 0.666478 -0.000000
v -0.569444 0.664913 0.042435
v -0.563441 0.775510 0.042484
v -0.564421 0.776858 -0.000000
v -0.563441 0.775510 -0.042484
v -0.456402 0.747043 0.042435
v -0.457684 0.748162 -0.000000
v -0.456402 0.747043 -0.042435
v 0.393998 0.232121 0.256095
v 0.338740 0.211502 0.291586
v 0.286096 0.199467 0.324660
v 0.258091 0.083859 0.344359
v 0.325179 0.105657 0.302983
v 0.389644 0.126603 0.261621
v 0.348700 0.006791 0.324660
v 0.398364 0.027998 0.291586
v 0.455188 0.043796 0.256095
v -0.614986 0.068760 -0.042412
v -0.615697 0.068644 -0.000000
v -0.614986 0.068760 0.042412
v -0.538649 0.175018 0.042394
v -0.539115 0.175169 -0.000000
v -0.538649 0.175018 -0.042394
v -0.537950 0.305851 0.042412
v -0.538457 0.306364 -0.000000
v -0.537950 0.305851 -0.042412
v 0.582173 -0.113781 0.258553
v 0.485512 -0.083548 0.293868
v 0.390089 -0.048861 0.326194
v 0.350401 -0.113852 0.353865
v 0.468775 -0.152314 0.313110
v 0.586172 -0.190459 0.271579
v 0.344308 -0.189759 0.326194
v 0.441895 -0.217785 0.293868
v 0.537867 -0.250142 0.258553
v -0.808338 -0.336104 -0.042435
v -0.810033 -0.336256 0.000000
v -0.808338 -0.336104 0.042435
v -0.911667 -0.296219 0.042484
v -0.913251 -0.296733 0.000000
v -0.911667 -0.296219 -0.042484
v -0.851516 -0.203215 0.042435
v -0.852977 -0.204088 0.000000
v -0.851516 -0.203215 -0.042435
v 0.342512 -0.302985 0.256095
v 0.305827 -0.256803 0.291586
v 0.278113 -0.210455 0.324660
v 0.159509 -0.219545 0.344359
v 0.200972 -0.276614 0.302983
v 0.240813 -0.331451 0.261621
v 0.114213 -0.329535 0.324660
v 0.149729 -0.370215 0.291586
v 0.182313 -0.419376 0.256095
v -0.255436 -0.563638 -0.042412
v -0.255545 -0.564351 0.000000
v -0.255436 -0.563638 0.042412
v -0.332903 -0.458202 0.042394
v -0.333192 -0.458599 0.000000
v -0.332903 -0.458202 -0.042394
v -0.457118 -0.417108 0.042412
v -0.457762 -0.417432 0.000000
v -0.457118 -0.417108 -0.042412
v -0.212325 -0.632354 0.079794
v -0.162752 -0.715566 0.079803
v -0.113329 -0.798285 0.079816
v -0.118723 -0.756585 0.157139
v -0.164545 -0.681047 0.156977
v -0.210110 -0.605236 0.156868
v -0.108346 -0.635826 0.221935
v -0.144771 -0.583158 0.219663
v -0.179275 -0.522163 0.221011
v -0.179275 -0.522163 -0.221011
v -0.144771 -0.583158 -0.219663
v -0.108346 -0.635826 -0.221935
v -0.118723 -0.756585 -0.157139
v -0.164545 -0.681047 -0.156977
v -0.210110 -0.605236 -0.156868
v -0.113329 -0.798285 -0.079816
v -0.162752 -0.715566 -0.079803
v -0.212325 -0.632354 -0.079794
v -0.724193 -0.354466 0.079816
v -0.630250 -0.375908 0.079803
v -0.535792 -0.397342 0.079794
v -0.510686 -0.386855 0.156868
v -0.596867 -0.366947 0.156977
v -0.682868 -0.346710 0.157139
v -0.441207 -0.331858 0.221011
v -0.509880 -0.317891 0.219663
v -0.571226 -0.299524 0.221935
v -0.571226 -0.299524 -0.221935
v -0.509880 -0.317891 -0.219663
v -0.441207 -0.331858 -0.221011
v -0.510686 -0.386855 -0.156868
v -0.596867 -0.366947 -0.156977
v -0.682868 -0.346710 -0.157139
v -0.535792 -0.397342 -0.079794
v -0.630250 -0.375908 -0.079803
v -0.724193 -0.354466 -0.079816
v -0.667016 0.006525 0.079794
v -0.730837 -0.066336 0.079803
v -0.794235 -0.138901 0.079816
v -0.756243 -0.120885 0.157139
v -0.698561 -0.053963 0.156977
v -0.640542 0.012798 0.156868
v -0.638187 -0.093438 0.221935
v -0.599353 -0.042520 0.219663
v -0.552005 0.009143 0.221011
v -0.552006 0.009143 -0.221011
v -0.599353 -0.042520 -0.219663
v -0.638188 -0.093438 -0.221935
v -0.756243 -0.120885 -0.157139
v -0.698561 -0.053963 -0.156977
v -0.640542 0.012798 -0.156868
v -0.794235 -0.138901 -0.079816
v -0.730836 -0.066336 -0.079803
v -0.667016 0.006525 -0.079794
v -0.560905 0.579213 0.079816
v -0.552268 0.483242 0.079803
v -0.543463 0.386783 0.079794
v -0.525732 0.366147 0.156868
v -0.533429 0.454261 0.156977
v -0.540759 0.542307 0.157139
v -0.451956 0.317064 0.221011
v -0.459894 0.386691 0.219663
v -0.461383 0.450710 0.221935
v -0.461383 0.450710 -0.221935
v -0.459894 0.386691 -0.219663
v -0.451956 0.317064 -0.221011
v -0.525732 0.366147 -0.156868
v -0.533429 0.454261 -0.156977
v -0.540759 0.542307 -0.157139
v -0.543463 0.386783 -0.079794
v -0.552268 0.483242 -0.079803
v -0.560905 0.579213 -0.079816
v -0.199913 0.636387 0.079794
v -0.288930 0.674568 0.079803
v -0.377535 0.712439 0.079816
v -0.348661 0.681874 0.157139
v -0.267190 0.647695 0.156977
v -0.185766 0.613146 0.156868
v -0.286076 0.578078 0.221935
v -0.225650 0.556879 0.219663
v -0.161883 0.527814 0.221011
v -0.161883 0.527814 -0.221011
v -0.225650 0.556879 -0.219663
v -0.286076 0.578078 -0.221935
v -0.348661 0.681874 -0.157139
v -0.267190 0.647695 -0.156977
v -0.185766 0.613146 -0.156868
v -0.377535 0.712439 -0.079816
v -0.288930 0.674568 -0.079803
v -0.199913 0.636387 -0.079794
v 0.377535 0.712439 0.079816
v 0.288930 0.674568 0.079803
v 0.199913 0.636387 0.079794
v 0.185766 0.613146 0.156868
v 0.267190 0.647695 0.156977
v 0.348661 0.681874 0.157139
v 0.161883 0.527814 0.221011
v 0.225650 0.556879 0.219663
v 0.286076 0.578078 0.221935
v 0.286076 0.578078 -0.221935
v 0.225650 0.556879 -0.219663
v 0.161883 0.527814 -0.221011
v 0.185766 0.613146 -0.156868
v 0.267190 0.647695 -0.156977
v 0.348661 0.681874 -0.157139
v 0.199913 0.636387 -0.079794
v 0.288930 0.674568 -0.079803
v 0.377535 0.712439 -0.079816
v 0.543463 0.386783 0.079794
v 0.552268 0.483242 0.079803
v 0.560905 0.579213 0.079816
v 0.540759 0.542307 0.157139
v 0.533429 0.454261 0.156977
v 0.525732 0.366147 0.156868
v 0.461383 0.450710 0.221935
v 0.459894 0.386691 0.219663
v 0.451956 0.317064 0.221011
v 0.451956 0.317064 -0.221011
v 0.459894 0.386691 -0.219663
v 0.461383 0.450710 -0.221935
v 0.540759 0.542307 -0.157139
v 0.533429 0.454261 -0.156977
v 0.525732 0.366147 -0.156868
v 0.560905 0.579213 -0.079816
v 0.552268 0.483242 -0.079803
v 0.543463 0.386783 -0.079794
v 0.794235 -0.138901 0.079816
v 0.730836 -0.066336 0.079803
v 0.667016 0.006525 0.079794
v 0.640542 0.012798 0.156868
v 0.698561 -0.053963 0.156977
v 0.756243 -0.120885 0.157139
v 0.552005 0.009143 0.221011
v 0.599353 -0.042520 0.219663
v 0.638188 -0.093438 0.221935
v 0.638187 -0.093438 -0.221935
v 0.599353 -0.042520 -0.219663
v 0.552005 0.009143 -0.221011
v 0.640542 0.012798 -0.156868
v 0.698561 -0.053963 -0.156977
v 0.756243 -0.120885 -0.157139
v 0.667016 0.006525 -0.079794
v 0.730836 -0.066336 -0.079803
v 0.794235 -0.138901 -0.079816
v 0.535792 -0.397342 0.079794
v 0.630250 -0.375908 0.079803
v 0.724193 -0.354466 0.079816
v 0.682868 -0.346710 0.157139
v 0.596867 -0.366946 0.156977
v 0.510686 -0.386855 0.156868
v 0.571226 -0.299524 0.221935
v 0.509880 -0.317891 0.219663
v 0.441207 -0.331858 0.221011
v 0.441207 -0.331858 -0.221011
v 0.509880 -0.317891 -0.219663
v 0.571226 -0.299524 -0.221935
v 0.682868 -0.346710 -0.157139
v 0.596867 -0.366947 -0.156977
v 0.510686 -0.386855 -0.156868
v 0.724193 -0.354466 -0.079816
v 0.630250 -0.375908 -0.079803
v 0.535792 -0.397342 -0.079794
v 0.113329 -0.798285 0.079816
v 0.162752 -0.715566 0.079803
v 0.212325 -0.632354 0.079794
v 0.210110 -0.605236 0.156868
v 0.164545 -0.681047 0.156977
v 0.118723 -0.756585 0.157139
v 0.179275 -0.522163 0.221011
v 0.144771 -0.583158 0.219663
v 0.108346 -0.635826 0.221935
v 0.108346 -0.635826 -0.221935
v 0.144771 -0.583158 -0.219663
v 0.179275 -0.522163 -0.221011
v 0.210110 -0.605236 -0.156868
v 0.164545 -0.681047 -0.156977
v 0.118723 -0.756585 -0.157139
v 0.212325 -0.632354 -0.079794
v 0.162752 -0.715566 -0.079803
v 0.113329 -0.798285 -0.079816
v 0.278113 -0.210455 -0.324660
v 0.305827 -0.256803 -0.291586
v 0.342512 -0.302984 -0.256095
v 0.240813 -0.331451 -0.261621
v 0.200972 -0.276614 -0.302983
v 0.159509 -0.219545 -0.344359
v 0.182313 -0.419376 -0.256095
v 0.149729 -0.370215 -0.291586
v 0.114213 -0.329535 -0.324660
v 0.390089 -0.048861 -0.326194
v 0.485512 -0.083548 -0.293868
v 0.582173 -0.113781 -0.258553
v 0.586172 -0.190459 -0.271579
v 0.468775 -0.152314 -0.313110
v 0.350401 -0.113852 -0.353865
v 0.537867 -0.250142 -0.258553
v 0.441895 -0.217785 -0.293868
v 0.344308 -0.189759 -0.326194
v 0.286096 0.199467 -0.324660
v 0.338740 0.211502 -0.291586
v 0.393998 0.232121 -0.256095
v 0.389644 0.126603 -0.261621
v 0.325179 0.105657 -0.302983
v 0.258091 0.083859 -0.344359
v 0.455188 0.043796 -0.256095
v 0.398364 0.027998 -0.291586
v 0.348700 0.006791 -0.324660
v 0.167013 0.355897 -0.326194
v 0.229490 0.435932 -0.293868
v 0.288114 0.518519 -0.258553
v 0.362274 0.498628 -0.271579
v 0.289719 0.398764 -0.313110
v 0.216560 0.298069 -0.353865
v 0.404109 0.434244 -0.258553
v 0.343679 0.352968 -0.293868
v 0.286869 0.268817 -0.326194
v -0.101296 0.333732 -0.324660
v -0.096474 0.387519 -0.291586
v -0.099009 0.446443 -0.256095
v 0.000000 0.409696 -0.261621
v 0.000000 0.341914 -0.302983
v 0.000000 0.271373 -0.344359
v 0.099009 0.446443 -0.256095
v 0.096474 0.387519 -0.291586
v 0.101296 0.333732 -0.324660
v -0.286869 0.268817 -0.326194
v -0.343679 0.352968 -0.293868
v -0.404109 0.434244 -0.258553
v -0.362274 0.498628 -0.271579
v -0.289719 0.398764 -0.313110
v -0.216560 0.298069 -0.353865
v -0.288114 0.518519 -0.258553
v -0.229490 0.435932 -0.293868
v -0.167013 0.355897 -0.326194
v -0.348700 0.006791 -0.324660
v -0.398364 0.027998 -0.291586
v -0.455188 0.043796 -0.256095
v -0.389644 0.126603 -0.261621
v -0.325179 0.105657 -0.302983
v -0.258091 0.083859 -0.344359
v -0.393998 0.232121 -0.256095
v -0.338740 0.211502 -0.291586
v -0.286096 0.199467 -0.324660
v -0.344308 -0.189759 -0.326194
v -0.441895 -0.217785 -0.293868
v -0.537867 -0.250142 -0.258553
v -0.586172 -0.190459 -0.271579
v -0.468775 -0.152314 -0.313110
v -0.350401 -0.113852 -0.353865
v -0.582173 -0.113781 -0.258553
v -0.485512 -0.083548 -0.293868
v -0.390089 -0.048861 -0.326194
v -0.114213 -0.329535 -0.324660
v -0.149729 -0.370215 -0.291586
v -0.182313 -0.419376 -0.256095
v -0.240813 -0.331451 -0.261621
v -0.200972 -0.276614 -0.302983
v -0.159509 -0.219545 -0.344359
v -0.342512 -0.302984 -0.256095
v -0.305827 -0.256803 -0.291586
v -0.278113 -0.210455 -0.324660
v 0.059734 -0.209427 0.390097
v 0.067387 -0.165058 0.401018
v 0.077387 -0.138924 0.405700
v 0.036525 -0.190749 0.403640
v 0.042160 -0.139791 0.416612
v 0.050636 -0.107056 0.422982
v 0.017277 -0.180657 0.410444
v 0.020280 -0.123453 0.425105
v 0.025595 -0.081215 0.433598
v 0.180718 -0.121527 0.390097
v 0.170127 -0.093682 0.403640
v 0.166477 -0.072257 0.410444
v 0.136156 -0.115094 0.401018
v 0.119921 -0.083295 0.416612
v 0.111144 -0.057436 0.425105
v 0.108211 -0.116529 0.405700
v 0.086169 -0.081240 0.422982
v 0.069331 -0.049439 0.433598
v 0.217635 -0.007906 0.390097
v 0.177803 0.013083 0.401018
v 0.156038 0.030669 0.405700
v 0.192700 -0.024208 0.403640
v 0.145978 -0.003101 0.416612
v 0.117464 0.015076 0.422982
v 0.177154 -0.039395 0.410444
v 0.123678 -0.018862 0.425105
v 0.085150 -0.000755 0.433598
v 0.171424 0.134319 0.390097
v 0.141669 0.132851 0.403640
v 0.120165 0.136000 0.410444
v 0.151536 0.093926 0.401018
v 0.116276 0.088312 0.416612
v 0.088971 0.087955 0.425105
v 0.144265 0.066905 0.405700
v 0.103892 0.056847 0.422982
v 0.068444 0.050660 0.433598
v 0.074772 0.204540 0.390097
v 0.042502 0.173144 0.401018
v 0.019050 0.157879 0.405700
v 0.082571 0.175788 0.403640
v 0.048059 0.137875 0.416612
v 0.021961 0.116373 0.422982
v 0.092211 0.156310 0.410444
v 0.056157 0.111796 0.425105
v 0.027031 0.080749 0.433598
v -0.074772 0.204540 0.390097
v -0.082571 0.175788 0.403640
v -0.092211 0.156310 0.410444
v -0.042502 0.173144 0.401018
v -0.048059 0.137875 0.416612
v -0.056157 0.111796 0.425105
v -0.019050 0.157879 0.405700
v -0.021961 0.116373 0.422982
v -0.027031 0.080749 0.433598
v -0.171424 0.134319 0.390097
v -0.151536 0.093926 0.401018
v -0.144265 0.066905 0.405700
v -0.141669 0.132851 0.403640
v -0.116276 0.088312 0.416612
v -0.103891 0.056847 0.422982
v -0.120165 0.136000 0.410444
v -0.088971 0.087955 0.425105
v -0.068444 0.050660 0.433598
v -0.217635 -0.007906 0.390097
v -0.192700 -0.024208 0.403640
v -0.177154 -0.039395 0.410444
v -0.177803 0.013083 0.401018
v -0.145978 -0.003101 0.416612
v -0.123678 -0.018862 0.425105
v -0.156038 0.030669 0.405700
v -0.117464 0.015076 0.422982
v -0.085150 -0.000755 0.433598
v -0.180718 -0.121527 0.390097
v -0.136156 -0.115094 0.401018
v -0.108211 -0.116529 0.405700
v -0.170127 -0.093682 0.403640
v -0.119921 -0.083295 0.416612
v -0.086169 -0.081240 0.422982
v -0.166477 -0.072257 0.410444
v -0.111144 -0.057436 0.425105
v -0.069331 -0.049439 0.433598
v -0.059734 -0.209427 0.390097
v -0.036525 -0.190749 0.403640
v -0.017277 -0.180657 0.410444
v -0.067387 -0.165058 0.401018
v -0.042160 -0.139791 0.416612
v -0.020280 -0.123453 0.425105
v -0.077387 -0.138924 0.405700
v -0.050636 -0.107056 0.422982
v -0.025595 -0.081215 0.433598
v -0.059734 -0.209427 -0.390097
v -0.067387 -0.165058 -0.401018
v -0.077387 -0.138924 -0.405700
v -0.036525 -0.190750 -0.403640
v -0.042160 -0.139791 -0.416612
v -0.050636 -0.107056 -0.422982
v -0.017277 -0.180657 -0.410444
v -0.020280 -0.123453 -0.425105
v -0.025595 -0.081216 -0.433598
v -0.180718 -0.121527 -0.390097
v -0.170127 -0.093682 -0.403640
v -0.166477 -0.072257 -0.410444
v -0.136156 -0.115094 -0.401018
v -0.119921 -0.083295 -0.416612
v -0.111144 -0.057437 -0.425105
v -0.108211 -0.116529 -0.405700
v -0.086169 -0.081240 -0.422982
v -0.069331 -0.049439 -0.433598
v -0.217635 -0.007906 -0.390097
v -0.177803 0.013083 -0.401018
v -0.156038 0.030669 -0.405700
v -0.192700 -0.024208 -0.403640
v -0.145978 -0.003101 -0.416612
v -0.117464 0.015076 -0.422982
v -0.177154 -0.039395 -0.410444
v -0.123678 -0.018862 -0.425105
v -0.085150 -0.000755 -0.433598
v -0.171424 0.134319 -0.390097
v -0.141669 0.132851 -0.403640
v -0.120165 0.136000 -0.410444
v -0.151536 0.093926 -0.401018
v -0.116276 0.088312 -0.416612
v -0.088971 0.087955 -0.425105
v -0.144265 0.066905 -0.405700
v -0.103892 0.056847 -0.422982
v -0.068444 0.050660 -0.433598
v -0.074772 0.204540 -0.390097
v -0.042502 0.173144 -0.401018
v -0.019050 0.157879 -0.405700
v -0.082571 0.175788 -0.403640
v -0.048059 0.137875 -0.416612
v -0.021961 0.116373 -0.422982
v -0.092211 0.156310 -0.410444
v -0.056157 0.111796 -0.425105
v -0.027031 0.080749 -0.433598
v 0.074772 0.204540 -0.390097
v 0.082571 0.175788 -0.403640
v 0.092211 0.156310 -0.410444
v 0.042502 0.173144 -0.401018
v 0.048059 0.137875 -0.416612
v 0.056157 0.111796 -0.425105
v 0.019050 0.157879 -0.405700
v 0.021961 0.116373 -0.422982
v 0.027031 0.080749 -0.433598
v 0.171424 0.134319 -0.390097
v 0.151536 0.093926 -0.401018
v 0.144265 0.066905 -0.405700
v 0.141669 0.132851 -0.403640
v 0.116276 0.088312 -0.416612
v 0.103892 0.056847 -0.422982
v 0.120165 0.136000 -0.410444
v 0.088971 0.087955 -0.425105
v 0.068444 0.050660 -0.433598
v 0.217635 -0.007906 -0.390097
v 0.192700 -0.024208 -0.403640
v 0.177154 -0.039395 -0.410444
v 0.177803 0.013083 -0.401018
v 0.145978 -0.003101 -0.416612
v 0.123678 -0.018862 -0.425105
v 0.156038 0.030669 -0.405700
v 0.117464 0.015076 -0.422982
v 0.085150 -0.000755 -0.433598
v 0.180718 -0.121527 -0.390097
v 0.136156 -0.115094 -0.401018
v 0.108211 -0.116529 -0.405700
v 0.170127 -0.093682 -0.403640
v 0.119921 -0.083295 -0.416612
v 0.086169 -0.081240 -0.422982
v 0.166477 -0.072257 -0.410444
v 0.111144 -0.057437 -0.425105
v 0.069331 -0.049439 -0.433598
v 0.059734 -0.209427 -0.390097
v 0.036525 -0.190750 -0.403640
v 0.017277 -0.180657 -0.410444
v 0.067387 -0.165058 -0.401018
v 0.042160 -0.139791 -0.416612
v 0.020280 -0.123453 -0.425105
v 0.077387 -0.138924 -0.405700
v 0.050636 -0.107056 -0.422982
v 0.025595 -0.081216 -0.433598
v 0.049764 -0.770775 0.203450
v 0.029173 -0.789120 0.205278
v 0.013386 -0.796918 0.206540
v 0.050105 -0.815889 0.184426
v 0.029055 -0.837290 0.185610
v 0.013223 -0.846635 0.186503
v 0.049776 -0.844250 0.170093
v 0.028562 -0.867680 0.170844
v 0.012895 -0.878157 0.171443
v -0.049764 -0.770775 0.203450
v -0.050105 -0.815889 0.184426
v -0.049776 -0.844250 0.170093
v -0.029173 -0.789120 0.205278
v -0.029055 -0.837290 0.185610
v -0.028562 -0.867680 0.170844
v -0.013386 -0.796918 0.206540
v -0.013223 -0.846635 0.186503
v -0.012895 -0.878158 0.171443
v -0.042742 -0.905361 0.108490
v -0.022839 -0.931255 0.108570
v -0.009722 -0.942705 0.108635
v -0.044876 -0.893773 0.129435
v -0.024506 -0.919555 0.129588
v -0.010630 -0.931128 0.129712
v -0.046997 -0.879640 0.145092
v -0.026191 -0.905065 0.145368
v -0.011553 -0.916595 0.145592
v 0.042742 -0.905362 0.108490
v 0.044876 -0.893773 0.129435
v 0.046997 -0.879640 0.145092
v 0.022838 -0.931255 0.108570
v 0.024506 -0.919555 0.129588
v 0.026191 -0.905065 0.145368
v 0.009722 -0.942705 0.108635
v 0.010630 -0.931128 0.129712
v 0.011553 -0.916595 0.145592
v 0.049764 -0.770775 -0.203450
v 0.050105 -0.815889 -0.184426
v 0.049776 -0.844251 -0.170093
v 0.029173 -0.789120 -0.205278
v 0.029055 -0.837290 -0.185610
v 0.028562 -0.867680 -0.170843
v 0.013386 -0.796918 -0.206540
v 0.013223 -0.846635 -0.186503
v 0.012895 -0.878158 -0.171443
v 0.042742 -0.905361 -0.108489
v 0.022839 -0.931255 -0.108570
v 0.009722 -0.942705 -0.108634
v 0.044876 -0.893773 -0.129435
v 0.024506 -0.919555 -0.129588
v 0.010630 -0.931128 -0.129712
v 0.046997 -0.879640 -0.145092
v 0.026191 -0.905065 -0.145368
v 0.011553 -0.916595 -0.145592
v -0.042742 -0.905362 -0.108489
v -0.044876 -0.893773 -0.129435
v -0.046997 -0.879641 -0.145092
v -0.022838 -0.931255 -0.108570
v -0.024506 -0.919555 -0.129588
v -0.026191 -0.905065 -0.145368
v -0.009722 -0.942705 -0.108634
v -0.010630 -0.931128 -0.129712
v -0.011553 -0.916595 -0.145592
v -0.049764 -0.770775 -0.203450
v -0.029173 -0.789120 -0.205278
v -0.013386 -0.796918 -0.206540
v -0.050105 -0.815889 -0.184426
v -0.029055 -0.837290 -0.185610
v -0.013223 -0.846635 -0.186503
v -0.049776 -0.844251 -0.170093
v -0.028562 -0.867680 -0.170843
v -0.012895 -0.878157 -0.171443
v 0.284898 -0.509965 -0.108278
v 0.283349 -0.506221 -0.129029
v 0.281127 -0.501574 -0.144353
v 0.305341 -0.480777 -0.108248
v 0.303502 -0.477615 -0.128970
v 0.300993 -0.473625 -0.144244
v 0.319393 -0.464449 -0.108224
v 0.317426 -0.461559 -0.128923
v 0.314820 -0.457860 -0.144156
v 0.252815 -0.458151 -0.199816
v 0.271260 -0.432753 -0.199752
v 0.285095 -0.417880 -0.199482
v 0.266101 -0.477944 -0.181606
v 0.285238 -0.451945 -0.181322
v 0.299153 -0.436890 -0.181027
v 0.273745 -0.489316 -0.168107
v 0.293198 -0.462694 -0.167825
v 0.307061 -0.447439 -0.167588
v 0.357603 -0.382017 -0.199816
v 0.372322 -0.400770 -0.181606
v 0.380775 -0.411554 -0.168107
v 0.327749 -0.391712 -0.199752
v 0.341682 -0.410936 -0.181322
v 0.349445 -0.421828 -0.167825
v 0.309328 -0.400274 -0.199482
v 0.323063 -0.419518 -0.181027
v 0.330652 -0.430299 -0.167588
v 0.396967 -0.428542 -0.108278
v 0.362891 -0.438965 -0.108248
v 0.343019 -0.447283 -0.108224
v 0.393885 -0.425912 -0.129029
v 0.360452 -0.436239 -0.128970
v 0.340878 -0.444520 -0.128923
v 0.390152 -0.422362 -0.144353
v 0.357432 -0.432620 -0.144244
v 0.338166 -0.440898 -0.144156
v 0.284898 -0.509965 0.108278
v 0.305341 -0.480777 0.108248
v 0.319393 -0.464449 0.108224
v 0.283349 -0.506221 0.129029
v 0.303502 -0.477615 0.128970
v 0.317426 -0.461559 0.128923
v 0.281127 -0.501574 0.144353
v 0.300993 -0.473625 0.144244
v 0.314820 -0.457860 0.144156
v 0.396967 -0.428542 0.108278
v 0.393885 -0.425912 0.129029
v 0.390152 -0.422362 0.144353
v 0.362891 -0.438965 0.108248
v 0.360452 -0.436239 0.128970
v 0.357432 -0.432620 0.144244
v 0.343019 -0.447284 0.108224
v 0.340878 -0.444520 0.128923
v 0.338166 -0.440898 0.144156
v 0.357603 -0.382017 0.199816
v 0.327749 -0.391712 0.199752
v 0.309328 -0.400274 0.199482
v 0.372322 -0.400770 0.181606
v 0.341682 -0.410936 0.181322
v 0.323063 -0.419518 0.181027
v 0.380775 -0.411554 0.168107
v 0.349445 -0.421828 0.167825
v 0.330652 -0.430299 0.167588
v 0.252815 -0.458151 0.199816
v 0.266101 -0.477944 0.181606
v 0.273745 -0.489316 0.168107
v 0.271260 -0.432754 0.199752
v 0.285238 -0.451945 0.181322
v 0.293198 -0.462694 0.167825
v 0.285095 -0.417880 0.199482
v 0.299153 -0.436890 0.181027
v 0.307061 -0.447439 0.167588
v 0.847842 -0.320422 -0.108489
v 0.836161 -0.318871 -0.129435
v 0.822065 -0.316521 -0.145092
v 0.878618 -0.309494 -0.108570
v 0.866976 -0.307465 -0.129588
v 0.852675 -0.304589 -0.145368
v 0.893561 -0.300558 -0.108634
v 0.882271 -0.297844 -0.129712
v 0.868164 -0.294231 -0.145592
v 0.717673 -0.285511 -0.203450
v 0.741483 -0.271597 -0.205278
v 0.753778 -0.258992 -0.206540
v 0.760473 -0.299776 -0.184426
v 0.787332 -0.286370 -0.185610
v 0.801112 -0.274200 -0.186503
v 0.787548 -0.308227 -0.170093
v 0.816387 -0.295292 -0.170843
v 0.831193 -0.283629 -0.171443
v 0.748429 -0.190854 -0.203450
v 0.791439 -0.204471 -0.184426
v 0.818311 -0.213548 -0.170093
v 0.759513 -0.216106 -0.205278
v 0.805289 -0.231104 -0.185610
v 0.834039 -0.240964 -0.170843
v 0.762050 -0.233531 -0.206540
v 0.809284 -0.249049 -0.186503
v 0.839162 -0.259102 -0.171443
v 0.874258 -0.239122 -0.108489
v 0.892733 -0.266053 -0.108570
v 0.899570 -0.282065 -0.108634
v 0.863896 -0.233511 -0.129435
v 0.882122 -0.260851 -0.129588
v 0.888841 -0.277625 -0.129712
v 0.851111 -0.227127 -0.145092
v 0.868861 -0.254772 -0.145368
v 0.875304 -0.272256 -0.145592
v 0.847842 -0.320422 0.108490
v 0.878618 -0.309494 0.108570
v 0.893561 -0.300558 0.108634
v 0.836161 -0.318871 0.129435
v 0.866976 -0.307465 0.129588
v 0.882271 -0.297844 0.129712
v 0.822065 -0.316521 0.145092
v 0.852675 -0.304589 0.145368
v 0.868163 -0.294231 0.145592
v 0.874258 -0.239122 0.108490
v 0.863896 -0.233511 0.129435
v 0.851111 -0.227127 0.145092
v 0.892733 -0.266053 0.108570
v 0.882122 -0.260851 0.129588
v 0.868861 -0.254772 0.145368
v 0.899570 -0.282065 0.108634
v 0.888840 -0.277625 0.129712
v 0.875304 -0.272256 0.145592
v 0.748429 -0.190854 0.203450
v 0.759513 -0.216106 0.205278
v 0.762051 -0.233531 0.206540
v 0.791439 -0.204471 0.184426
v 0.805289 -0.231104 0.185610
v 0.809284 -0.249049 0.186503
v 0.818311 -0.213548 0.170093
v 0.834039 -0.240964 0.170844
v 0.839162 -0.259102 0.171443
v 0.717673 -0.285511 0.203450
v 0.760473 -0.299776 0.184426
v 0.787548 -0.308227 0.170093
v 0.741483 -0.271597 0.205278
v 0.787332 -0.286370 0.185610
v 0.816387 -0.295292 0.170844
v 0.753778 -0.258992 0.206540
v 0.801112 -0.274200 0.186503
v 0.831193 -0.283629 0.171443
v 0.573044 0.113367 -0.108278
v 0.569004 0.113050 -0.129029
v 0.563898 0.112372 -0.144353
v 0.551602 0.141828 -0.108248
v 0.548026 0.141057 -0.128970
v 0.543456 0.139903 -0.144244
v 0.540415 0.160238 -0.108224
v 0.537059 0.159261 -0.128923
v 0.532736 0.157925 -0.144156
v 0.513851 0.098865 -0.199816
v 0.495397 0.124256 -0.199751
v 0.485527 0.142009 -0.199482
v 0.536782 0.105384 -0.181606
v 0.517968 0.131619 -0.181322
v 0.507950 0.149505 -0.181027
v 0.549959 0.109141 -0.168107
v 0.530651 0.135868 -0.167825
v 0.520427 0.153766 -0.167588
v 0.473825 0.222051 -0.199816
v 0.496209 0.230255 -0.181606
v 0.509077 0.234961 -0.168107
v 0.473820 0.190662 -0.199752
v 0.496409 0.197972 -0.181322
v 0.509167 0.201990 -0.167825
v 0.476270 0.170497 -0.199482
v 0.498817 0.177613 -0.181027
v 0.511415 0.181500 -0.167588
v 0.530238 0.245111 -0.108278
v 0.529620 0.209482 -0.108248
v 0.531391 0.188012 -0.108224
v 0.526783 0.242993 -0.129029
v 0.526274 0.208004 -0.128970
v 0.528101 0.186830 -0.128923
v 0.522254 0.240540 -0.144353
v 0.521898 0.206251 -0.144244
v 0.523818 0.185370 -0.144156
v 0.573044 0.113367 0.108278
v 0.551602 0.141828 0.108248
v 0.540415 0.160238 0.108224
v 0.569004 0.113050 0.129029
v 0.548026 0.141057 0.128970
v 0.537058 0.159261 0.128923
v 0.563898 0.112372 0.144353
v 0.543456 0.139903 0.144244
v 0.532736 0.157925 0.144156
v 0.530238 0.245111 0.108278
v 0.526783 0.242993 0.129029
v 0.522254 0.240540 0.144353
v 0.529620 0.209482 0.108248
v 0.526274 0.208004 0.128970
v 0.521899 0.206251 0.144244
v 0.531391 0.188012 0.108224
v 0.528101 0.186830 0.128923
v 0.523818 0.185370 0.144156
v 0.473825 0.222051 0.199816
v 0.473820 0.190662 0.199751
v 0.476270 0.170497 0.199482
v 0.496209 0.230255 0.181606
v 0.496409 0.197972 0.181322
v 0.498817 0.177613 0.181027
v 0.509077 0.234961 0.168107
v 0.509167 0.201990 0.167825
v 0.511415 0.181500 0.167588
v 0.513851 0.098865 0.199816
v 0.536782 0.105384 0.181606
v 0.549959 0.109141 0.168107
v 0.495397 0.124256 0.199752
v 0.517968 0.131619 0.181322
v 0.530651 0.135868 0.167825
v 0.485527 0.142009 0.199482
v 0.507950 0.149505 0.181027
v 0.520427 0.153766 0.167588
v 0.566737 0.707330 -0.108490
v 0.561652 0.696700 -0.129435
v 0.555062 0.684020 -0.145092
v 0.565854 0.739977 -0.108570
v 0.560327 0.729531 -0.129588
v 0.553173 0.716819 -0.145368
v 0.561974 0.756949 -0.108635
v 0.555903 0.747051 -0.129712
v 0.548108 0.734750 -0.145592
v 0.493310 0.594320 -0.203450
v 0.487435 0.621264 -0.205278
v 0.479246 0.636852 -0.206540
v 0.520103 0.630617 -0.184426
v 0.515653 0.660304 -0.185610
v 0.508337 0.677170 -0.186503
v 0.536507 0.653755 -0.170093
v 0.533117 0.685180 -0.170844
v 0.526600 0.702865 -0.171443
v 0.412790 0.652821 -0.203450
v 0.439032 0.689519 -0.184426
v 0.455968 0.712270 -0.170093
v 0.440232 0.655559 -0.205278
v 0.468641 0.694460 -0.185610
v 0.486902 0.718756 -0.170844
v 0.457587 0.652588 -0.206540
v 0.486942 0.692714 -0.186503
v 0.505736 0.718024 -0.171443
v 0.497579 0.757576 -0.108490
v 0.528901 0.766825 -0.108570
v 0.546242 0.768379 -0.108635
v 0.489041 0.749455 -0.129435
v 0.520675 0.758340 -0.129588
v 0.538704 0.759547 -0.129712
v 0.479018 0.739268 -0.145092
v 0.510795 0.747608 -0.145368
v 0.529414 0.748331 -0.145592
v 0.566737 0.707330 0.108489
v 0.565854 0.739977 0.108570
v 0.561974 0.756949 0.108634
v 0.561652 0.696700 0.129435
v 0.560327 0.729531 0.129588
v 0.555903 0.747050 0.129712
v 0.555062 0.684020 0.145092
v 0.553173 0.716819 0.145368
v 0.548108 0.734750 0.145592
v 0.497579 0.757576 0.108489
v 0.489041 0.749455 0.129435
v 0.479018 0.739268 0.145092
v 0.528901 0.766825 0.108570
v 0.520675 0.758340 0.129588
v 0.510795 0.747608 0.145368
v 0.546242 0.768379 0.108634
v 0.538704 0.759547 0.129712
v 0.529414 0.748332 0.145592
v 0.412790 0.652821 0.203450
v 0.440232 0.655559 0.205278
v 0.457587 0.652588 0.206540
v 0.439032 0.689519 0.184426
v 0.468641 0.694460 0.185610
v 0.486942 0.692714 0.186503
v 0.455968 0.712270 0.170093
v 0.486902 0.718756 0.170843
v 0.505736 0.718024 0.171443
v 0.493310 0.594320 0.203450
v 0.520103 0.630617 0.184426
v 0.536507 0.653755 0.170093
v 0.487435 0.621264 0.205278
v 0.515653 0.660304 0.185610
v 0.533117 0.685180 0.170843
v 0.479246 0.636852 0.206540
v 0.508337 0.677170 0.186503
v 0.526600 0.702865 0.171443
v 0.069262 0.580030 -0.108278
v 0.068315 0.576090 -0.129029
v 0.067381 0.571024 -0.144353
v 0.035568 0.568432 -0.108248
v 0.035197 0.564793 -0.128970
v 0.034881 0.560090 -0.144244
v 0.014602 0.563482 -0.108224
v 0.014494 0.559987 -0.128923
v 0.014429 0.555463 -0.144156
v 0.064763 0.519252 -0.199816
v 0.034912 0.509548 -0.199752
v 0.014977 0.505647 -0.199482
v 0.065648 0.543076 -0.181606
v 0.034884 0.533290 -0.181322
v 0.014778 0.529289 -0.181027
v 0.066148 0.556768 -0.168107
v 0.034762 0.546664 -0.167825
v 0.014580 0.542471 -0.167588
v -0.064763 0.519252 -0.199816
v -0.065648 0.543076 -0.181606
v -0.066148 0.556768 -0.168107
v -0.034912 0.509548 -0.199752
v -0.034884 0.533290 -0.181322
v -0.034762 0.546665 -0.167825
v -0.014977 0.505647 -0.199482
v -0.014778 0.529289 -0.181027
v -0.014580 0.542471 -0.167588
v -0.069262 0.580030 -0.108278
v -0.035568 0.568432 -0.108248
v -0.014602 0.563482 -0.108224
v -0.068315 0.576089 -0.129029
v -0.035197 0.564793 -0.128970
v -0.014494 0.559987 -0.128923
v -0.067381 0.571024 -0.144353
v -0.034881 0.560090 -0.144244
v -0.014429 0.555463 -0.144156
v 0.064763 0.519252 0.199816
v 0.065648 0.543076 0.181606
v 0.066148 0.556768 0.168107
v 0.034912 0.509548 0.199751
v 0.034884 0.533290 0.181322
v 0.034762 0.546665 0.167825
v 0.014977 0.505647 0.199482
v 0.014778 0.529289 0.181027
v 0.014580 0.542471 0.167588
v 0.069262 0.580030 0.108278
v 0.035568 0.568432 0.108248
v 0.014602 0.563482 0.108224
v 0.068315 0.576089 0.129029
v 0.035197 0.564793 0.128970
v 0.014494 0.559987 0.128922
v 0.067381 0.571024 0.144353
v 0.034881 0.560090 0.144244
v 0.014429 0.555463 0.144156
v -0.069262 0.580030 0.108278
v -0.068315 0.576090 0.129029
v -0.067382 0.571024 0.144353
v -0.035568 0.568432 0.108248
v -0.035197 0.564793 0.128970
v -0.034881 0.560090 0.144244
v -0.014602 0.563482 0.108224
v -0.014494 0.559987 0.128922
v -0.014429 0.555463 0.144156
v -0.064763 0.519252 0.199816
v -0.034912 0.509548 0.199751
v -0.014977 0.505647 0.199482
v -0.065648 0.543076 0.181606
v -0.034884 0.533290 0.181322
v -0.014778 0.529289 0.181027
v -0.066148 0.556768 0.168107
v -0.034762 0.546664 0.167825
v -0.014580 0.542471 0.167588
v -0.497579 0.757576 -0.108490
v -0.489041 0.749455 -0.129435
v -0.479018 0.739268 -0.145092
v -0.528901 0.766825 -0.108570
v -0.520675 0.758340 -0.129588
v -0.510795 0.747608 -0.145368
v -0.546242 0.768379 -0.108635
v -0.538704 0.759547 -0.129712
v -0.529414 0.748332 -0.145592
v -0.412790 0.652821 -0.203450
v -0.440232 0.655559 -0.205278
v -0.457587 0.652588 -0.206540
v -0.439032 0.689519 -0.184426
v -0.468641 0.694460 -0.185610
v -0.486942 0.692714 -0.186503
v -0.455968 0.712270 -0.170093
v -0.486902 0.718756 -0.170844
v -0.505736 0.718024 -0.171443
v -0.493310 0.594320 -0.203450
v -0.520103 0.630617 -0.184426
v -0.536507 0.653755 -0.170093
v -0.487435 0.621264 -0.205278
v -0.515653 0.660304 -0.185610
v -0.533117 0.685180 -0.170844
v -0.479246 0.636852 -0.206540
v -0.508337 0.677170 -0.186503
v -0.526600 0.702865 -0.171443
v -0.566737 0.707330 -0.108490
v -0.565854 0.739977 -0.108570
v -0.561974 0.756949 -0.108635
v -0.561652 0.696700 -0.129435
v -0.560327 0.729531 -0.129588
v -0.555903 0.747050 -0.129712
v -0.555062 0.684020 -0.145092
v -0.553173 0.716819 -0.145368
v -0.548108 0.734750 -0.145592
v -0.412790 0.652821 0.203450
v -0.439032 0.689519 0.184426
v -0.455968 0.712270 0.170093
v -0.440232 0.655559 0.205278
v -0.468641 0.694460 0.185610
v -0.486902 0.718756 0.170843
v -0.457587 0.652588 0.206540
v -0.486942 0.692714 0.186503
v -0.505736 0.718024 0.171443
v -0.497579 0.757576 0.108489
v -0.528901 0.766825 0.108570
v -0.546242 0.768379 0.108634
v -0.489041 0.749455 0.129435
v -0.520675 0.758340 0.129588
v -0.538704 0.759547 0.129712
v -0.479018 0.739268 0.145092
v -0.510795 0.747608 0.145368
v -0.529414 0.748331 0.145592
v -0.566737 0.707330 0.108489
v -0.561652 0.696700 0.129435
v -0.555062 0.684020 0.145092
v -0.565854 0.739977 0.108570
v -0.560327 0.729531 0.129588
v -0.553173 0.716819 0.145368
v -0.561974 0.756949 0.108634
v -0.555903 0.747051 0.129712
v -0.548108 0.734750 0.145592
v -0.493310 0.594320 0.203450
v -0.487435 0.621264 0.205278
v -0.479246 0.636852 0.206540
v -0.520103 0.630617 0.184426
v -0.515653 0.660304 0.185610
v -0.508337 0.677170 0.186503
v -0.536507 0.653755 0.170093
v -0.533117 0.685180 0.170843
v -0.526600 0.702865 0.171443
v -0.530238 0.245111 -0.108278
v -0.526783 0.242993 -0.129029
v -0.522254 0.240540 -0.144353
v -0.529620 0.209482 -0.108248
v -0.526274 0.208004 -0.128970
v -0.521899 0.206251 -0.144244
v -0.531391 0.188012 -0.108224
v -0.528101 0.186830 -0.128923
v -0.523818 0.185370 -0.144156
v -0.473825 0.222051 -0.199816
v -0.473820 0.190662 -0.199752
v -0.476270 0.170497 -0.199482
v -0.496209 0.230255 -0.181606
v -0.496409 0.197972 -0.181322
v -0.498817 0.177613 -0.181027
v -0.509077 0.234961 -0.168107
v -0.509167 0.201990 -0.167825
v -0.511415 0.181500 -0.167588
v -0.513851 0.098865 -0.199816
v -0.536782 0.105384 -0.181606
v -0.549959 0.109141 -0.168107
v -0.495397 0.124256 -0.199752
v -0.517968 0.131619 -0.181322
v -0.530651 0.135868 -0.167825
v -0.485527 0.142009 -0.199482
v -0.507950 0.149505 -0.181027
v -0.520427 0.153766 -0.167588
v -0.573044 0.113367 -0.108278
v -0.551602 0.141828 -0.108248
v -0.540415 0.160238 -0.108224
v -0.569004 0.113050 -0.129029
v -0.548026 0.141057 -0.128970
v -0.537058 0.159261 -0.128923
v -0.563898 0.112372 -0.144353
v -0.543456 0.139903 -0.144244
v -0.532736 0.157925 -0.144156
v -0.473825 0.222051 0.199816
v -0.496209 0.230255 0.181606
v -0.509077 0.234961 0.168107
v -0.473820 0.190662 0.199751
v -0.496409 0.197972 0.181322
v -0.509167 0.201990 0.167825
v -0.476270 0.170497 0.199482
v -0.498817 0.177613 0.181027
v -0.511415 0.181500 0.167588
v -0.530238 0.245111 0.108278
v -0.529620 0.209482 0.108248
v -0.531391 0.188012 0.108224
v -0.526783 0.242993 0.129029
v -0.526274 0.208004 0.128970
v -0.528101 0.186830 0.128923
v -0.522254 0.240540 0.144353
v -0.521898 0.206251 0.144244
v -0.523818 0.185370 0.144156
v -0.573044 0.113367 0.108278
v -0.569004 0.113050 0.129029
v -0.563898 0.112372 0.144353
v -0.551602 0.141828 0.108248
v -0.548026 0.141057 0.128970
v -0.543456 0.139903 0.144244
v -0.540415 0.160238 0.108224
v -0.537059 0.159261 0.128923
v -0.532736 0.157925 0.144156
v -0.513851 0.098865 0.199816
v -0.495397 0.124256 0.199751
v -0.485527 0.142009 0.199482
v -0.536782 0.105384 0.181606
v -0.517968 0.131619 0.181322
v -0.507950 0.149505 0.181027
v -0.549959 0.109141 0.168107
v -0.530651 0.135868 0.167825
v -0.520427 0.153766 0.167588
v -0.874258 -0.239122 -0.108489
v -0.863896 -0.233511 -0.129435
v -0.851111 -0.227127 -0.145092
v -0.892733 -0.266053 -0.108570
v -0.882122 -0.260851 -0.129588
v -0.868862 -0.254772 -0.145368
v -0.899570 -0.282065 -0.108634
v -0.888841 -0.277625 -0.129712
v -0.875304 -0.272256 -0.145592
v -0.748429 -0.190854 -0.203450
v -0.759513 -0.216106 -0.205278
v -0.762051 -0.233531 -0.206540
v -0.791439 -0.204471 -0.184426
v -0.805289 -0.231104 -0.185610
v -0.809284 -0.249049 -0.186503
v -0.818311 -0.213548 -0.170093
v -0.834039 -0.240964 -0.170843
v -0.839162 -0.259102 -0.171443
v -0.717673 -0.285511 -0.203450
v -0.760473 -0.299776 -0.184426
v -0.787548 -0.308227 -0.170093
v -0.741483 -0.271597 -0.205278
v -0.787332 -0.286370 -0.185610
v -0.816387 -0.295292 -0.170843
v -0.753778 -0.258992 -0.206540
v -0.801112 -0.274200 -0.186503
v -0.831193 -0.283629 -0.171443
v -0.847842 -0.320422 -0.108489
v -0.878618 -0.309494 -0.108570
v -0.893561 -0.300558 -0.108634
v -0.836161 -0.318871 -0.129435
v -0.866976 -0.307465 -0.129588
v -0.882271 -0.297844 -0.129712
v -0.822065 -0.316521 -0.145092
v -0.852675 -0.304589 -0.145368
v -0.868164 -0.294231 -0.145592
v -0.748429 -0.190854 0.203450
v -0.791439 -0.204471 0.184426
v -0.818311 -0.213548 0.170093
v -0.759513 -0.216106 0.205278
v -0.805289 -0.231104 0.185610
v -0.834039 -0.240964 0.170844
v -0.762050 -0.233531 0.206540
v -0.809284 -0.249049 0.186503
v -0.839162 -0.259102 0.171443
v -0.874258 -0.239122 0.108490
v -0.892733 -0.266053 0.108570
v -0.899570 -0.282065 0.108635
v -0.863896 -0.233511 0.129435
v -0.882122 -0.260851 0.129588
v -0.888841 -0.277625 0.129712
v -0.851111 -0.227127 0.145092
v -0.868861 -0.254772 0.145368
v -0.875304 -0.272256 0.145592
v -0.847842 -0.320422 0.108490
v -0.836161 -0.318871 0.129435
v -0.822065 -0.316521 0.145092
v -0.878618 -0.309494 0.108570
v -0.866976 -0.307465 0.129588
v -0.852675 -0.304589 0.145368
v -0.893561 -0.300558 0.108634
v -0.882271 -0.297844 0.129712
v -0.868164 -0.294231 0.145592
v -0.717673 -0.285511 0.203450
v -0.741483 -0.271597 0.205278
v -0.753778 -0.258992 0.206540
v -0.760473 -0.299776 0.184426
v -0.787332 -0.286370 0.185610
v -0.801112 -0.274200 0.186503
v -0.787548 -0.308227 0.170093
v -0.816387 -0.295292 0.170844
v -0.831193 -0.283629 0.171443
v -0.396967 -0.428542 -0.108278
v -0.393885 -0.425912 -0.129029
v -0.390152 -0.422362 -0.144353
v -0.362891 -0.438965 -0.108248
v -0.360452 -0.436239 -0.128970
v -0.357432 -0.432620 -0.144244
v -0.343019 -0.447284 -0.108224
v -0.340878 -0.444520 -0.128923
v -0.338166 -0.440898 -0.144156
v -0.357603 -0.382017 -0.199816
v -0.327749 -0.391712 -0.199751
v -0.309328 -0.400274 -0.199482
v -0.372322 -0.400770 -0.181606
v -0.341682 -0.410936 -0.181322
v -0.323063 -0.419518 -0.181027
v -0.380775 -0.411554 -0.168107
v -0.349445 -0.421828 -0.167825
v -0.330652 -0.430299 -0.167588
v -0.252815 -0.458151 -0.199816
v -0.266101 -0.477944 -0.181606
v -0.273745 -0.489316 -0.168107
v -0.271260 -0.432754 -0.199751
v -0.285238 -0.451945 -0.181322
v -0.293198 -0.462694 -0.167825
v -0.285095 -0.417880 -0.199482
v -0.299153 -0.436890 -0.181027
v -0.307061 -0.447439 -0.167588
v -0.284898 -0.509965 -0.108278
v -0.305341 -0.480777 -0.108248
v -0.319393 -0.464449 -0.108224
v -0.283349 -0.506221 -0.129029
v -0.303502 -0.477615 -0.128970
v -0.317426 -0.461559 -0.128923
v -0.281127 -0.501574 -0.144353
v -0.300993 -0.473625 -0.144244
v -0.314820 -0.457860 -0.144156
v -0.357603 -0.382017 0.199816
v -0.372322 -0.400770 0.181606
v -0.380775 -0.411554 0.168107
v -0.327749 -0.391712 0.199752
v -0.341682 -0.410936 0.181322
v -0.349445 -0.421828 0.167825
v -0.309328 -0.400274 0.199482
v -0.323063 -0.419518 0.181027
v -0.330652 -0.430299 0.167588
v -0.396967 -0.428542 0.108278
v -0.362891 -0.438965 0.108248
v -0.343019 -0.447283 0.108224
v -0.393885 -0.425912 0.129029
v -0.360452 -0.436239 0.128970
v -0.340878 -0.444520 0.128923
v -0.390152 -0.422362 0.144353
v -0.357432 -0.432620 0.144244
v -0.338166 -0.440898 0.144156
v -0.284898 -0.509965 0.108278
v -0.283349 -0.506221 0.129029
v -0.281127 -0.501574 0.144353
v -0.305341 -0.480777 0.108248
v -0.303502 -0.477615 0.128970
v -0.300993 -0.473625 0.144244
v -0.319393 -0.464449 0.108224
v -0.317426 -0.461559 0.128923
v -0.314820 -0.457860 0.144156
v -0.252815 -0.458151 0.199816
v -0.271260 -0.432753 0.199752
v -0.285095 -0.417880 0.199482
v -0.266101 -0.477944 0.181606
v -0.285238 -0.451945 0.181322
v -0.299153 -0.436890 0.181027
v -0.273745 -0.489316 0.168107
v -0.293198 -0.462694 0.167825
v -0.307061 -0.447439 0.167588
v -0.047531 -0.603930 -0.264583
v -0.047371 -0.490432 -0.303319
v -0.049603 -0.376721 -0.340206
v -0.028718 -0.612183 -0.268617
v -0.028934 -0.492039 -0.309217
v -0.030234 -0.371385 -0.348642
v -0.013468 -0.615639 -0.270875
v -0.013673 -0.492744 -0.312252
v -0.014267 -0.368988 -0.352771
v 0.013468 -0.615639 -0.270875
v 0.013673 -0.492744 -0.312252
v 0.014267 -0.368988 -0.352771
v 0.028718 -0.612183 -0.268617
v 0.028934 -0.492039 -0.309217
v 0.030234 -0.371385 -0.348642
v 0.047531 -0.603930 -0.264583
v 0.047371 -0.490432 -0.303319
v 0.049603 -0.376721 -0.340206
v -0.049603 -0.376721 0.340206
v -0.047371 -0.490432 0.303319
v -0.047531 -0.603930 0.264583
v -0.030234 -0.371385 0.348642
v -0.028934 -0.492039 0.309217
v -0.028718 -0.612183 0.268617
v -0.014267 -0.368988 0.352771
v -0.013673 -0.492744 0.312252
v -0.013468 -0.615639 0.270875
v 0.014267 -0.368988 0.352771
v 0.013673 -0.492744 0.312252
v 0.013468 -0.615639 0.270875
v 0.030234 -0.371385 0.348642
v 0.028934 -0.492039 0.309217
v 0.028718 -0.612183 0.268617
v 0.049603 -0.376721 0.340206
v 0.047371 -0.490432 0.303319
v 0.047531 -0.603930 0.264583
v -0.039866 -0.919143 0.042450
v -0.039499 -0.920875 0.000000
v -0.039866 -0.919143 -0.042450
v -0.020610 -0.945012 0.042466
v -0.020326 -0.946739 0.000000
v -0.020610 -0.945012 -0.042466
v -0.008515 -0.956180 0.042479
v -0.008361 -0.957869 0.000000
v -0.008515 -0.956180 -0.042479
v 0.008515 -0.956180 0.042479
v 0.008361 -0.957869 0.000000
v 0.008515 -0.956180 -0.042479
v 0.020610 -0.945012 0.042466
v 0.020326 -0.946739 0.000000
v 0.020610 -0.945012 -0.042466
v 0.039866 -0.919143 0.042450
v 0.039499 -0.920875 0.000000
v 0.039866 -0.919143 -0.042450
v -0.200983 -0.380176 0.259899
v -0.164097 -0.328209 0.298707
v -0.125087 -0.279277 0.336306
v -0.216110 -0.355631 0.261472
v -0.177007 -0.301980 0.302032
v -0.136081 -0.248162 0.342125
v -0.228964 -0.340977 0.261738
v -0.189088 -0.286469 0.302982
v -0.147464 -0.230236 0.344137
v -0.253535 -0.323126 0.261738
v -0.214017 -0.268357 0.302982
v -0.173398 -0.211394 0.344137
v -0.271443 -0.315429 0.261472
v -0.232502 -0.261660 0.302032
v -0.193965 -0.206107 0.342125
v -0.299462 -0.308627 0.259899
v -0.261436 -0.257487 0.298707
v -0.226954 -0.205266 0.336306
v 0.400651 -0.431433 -0.042407
v 0.401115 -0.431792 0.000000
v 0.400651 -0.431433 0.042407
v 0.365760 -0.442000 -0.042401
v 0.366120 -0.442378 0.000000
v 0.365760 -0.442000 0.042401
v 0.345494 -0.450394 -0.042396
v 0.345804 -0.450782 0.000000
v 0.345494 -0.450394 0.042396
v 0.321587 -0.467764 -0.042396
v 0.321860 -0.468178 0.000000
v 0.321587 -0.467764 0.042396
v 0.307341 -0.484444 -0.042401
v 0.307589 -0.484903 0.000000
v 0.307341 -0.484444 0.042401
v 0.286509 -0.514362 -0.042407
v 0.286707 -0.514914 0.000000
v 0.286509 -0.514362 0.042407
v -0.559683 -0.231829 0.264583
v -0.451790 -0.196604 0.303319
v -0.342954 -0.163588 0.340206
v -0.573346 -0.216488 0.268617
v -0.459016 -0.179566 0.309217
v -0.343865 -0.143518 0.348642
v -0.581346 -0.203052 0.270875
v -0.464402 -0.165270 0.312252
v -0.346520 -0.127592 0.352771
v -0.589670 -0.177434 0.270875
v -0.472852 -0.139263 0.312252
v -0.355337 -0.100455 0.352771
v -0.591095 -0.161862 0.268617
v -0.476898 -0.124531 0.309217
v -0.362551 -0.086010 0.348642
v -0.589059 -0.141420 0.264583
v -0.481067 -0.106499 0.303319
v -0.373611 -0.069238 0.340206
v 0.886476 -0.246116 -0.042450
v 0.888010 -0.247000 0.000000
v 0.886476 -0.246116 0.042450
v 0.905129 -0.272423 -0.042466
v 0.906683 -0.273227 0.000000
v 0.905129 -0.272423 0.042466
v 0.912013 -0.287378 -0.042479
v 0.913571 -0.288046 0.000000
v 0.912013 -0.287378 0.042479
v 0.906750 -0.303574 -0.042479
v 0.908404 -0.303949 0.000000
v 0.906750 -0.303574 0.042479
v 0.892391 -0.311626 -0.042466
v 0.894121 -0.311889 0.000000
v 0.892391 -0.311626 0.042466
v 0.861838 -0.321946 -0.042450
v 0.863599 -0.322132 0.000000
v 0.861838 -0.321946 0.042450
v -0.423676 0.073665 0.259899
v -0.362854 0.054643 0.298707
v -0.304262 0.032663 0.336306
v -0.405007 0.095637 0.261471
v -0.341898 0.075026 0.302032
v -0.278067 0.052734 0.342125
v -0.395042 0.112390 0.261738
v -0.330880 0.091310 0.302982
v -0.264536 0.069100 0.344137
v -0.385657 0.141275 0.261738
v -0.321358 0.120615 0.302982
v -0.254630 0.099587 0.344137
v -0.383872 0.160685 0.261472
v -0.320701 0.140265 0.302032
v -0.255957 0.120781 0.342125
v -0.386060 0.189434 0.259899
v -0.325673 0.169072 0.298707
v -0.265352 0.152416 0.336306
v 0.534125 0.247722 -0.042407
v 0.534610 0.248052 -0.000000
v 0.534125 0.247722 0.042407
v 0.533393 0.211273 -0.042401
v 0.533864 0.211499 -0.000000
v 0.533393 0.211273 0.042401
v 0.535114 0.189405 -0.042396
v 0.535579 0.189580 -0.000000
v 0.535114 0.189405 0.042396
v 0.544246 0.161300 -0.042396
v 0.544725 0.161432 -0.000000
v 0.544246 0.161300 0.042396
v 0.555707 0.142597 -0.042401
v 0.556221 0.142691 -0.000000
v 0.555707 0.142597 0.042401
v 0.577724 0.113539 -0.042407
v 0.578309 0.113558 -0.000000
v 0.577724 0.113539 0.042407
v -0.393435 0.460651 0.264583
v -0.326593 0.368924 0.303319
v -0.261561 0.275617 0.340206
v -0.383066 0.478386 0.268617
v -0.312621 0.381061 0.309217
v -0.242754 0.282685 0.348642
v -0.372760 0.490146 0.270875
v -0.300689 0.390601 0.312252
v -0.228428 0.290132 0.352771
v -0.350968 0.505979 0.270875
v -0.278566 0.406675 0.312252
v -0.205344 0.306904 0.352771
v -0.336599 0.512147 0.268617
v -0.265806 0.415075 0.309217
v -0.193835 0.318228 0.348642
v -0.316527 0.516527 0.264583
v -0.249945 0.424612 0.303319
v -0.181301 0.333929 0.340206
v 0.508006 0.767035 -0.042450
v 0.509322 0.768221 -0.000000
v 0.508006 0.767035 0.042450
v 0.538790 0.776645 -0.042466
v 0.540035 0.777875 -0.000000
v 0.538790 0.776645 0.042466
v 0.555140 0.778571 -0.042479
v 0.556257 0.779846 -0.000000
v 0.555140 0.778571 0.042479
v 0.568917 0.768561 -0.042479
v 0.569785 0.770018 -0.000000
v 0.568917 0.768561 0.042479
v 0.572138 0.752416 -0.042466
v 0.572923 0.753980 -0.000000
v 0.572138 0.752416 0.042466
v 0.572511 0.720170 -0.042450
v 0.573232 0.721787 -0.000000
v 0.572511 0.720170 0.042450
v -0.060863 0.425704 0.259898
v -0.060159 0.361980 0.298707
v -0.062957 0.299464 0.336306
v -0.034198 0.414738 0.261471
v -0.034298 0.348349 0.302032
v -0.035774 0.280753 0.342125
v -0.015185 0.410438 0.261738
v -0.015407 0.342902 0.302982
v -0.016028 0.272942 0.344137
v 0.015185 0.410438 0.261738
v 0.015407 0.342902 0.302982
v 0.016028 0.272942 0.344137
v 0.034198 0.414738 0.261471
v 0.034298 0.348349 0.302032
v 0.035774 0.280753 0.342125
v 0.060863 0.425704 0.259898
v 0.060159 0.361980 0.298707
v 0.062957 0.299464 0.336306
v -0.070544 0.584533 -0.042407
v -0.070708 0.585096 -0.000000
v -0.070544 0.584533 0.042407
v -0.036105 0.572574 -0.042401
v -0.036174 0.573091 -0.000000
v -0.036105 0.572574 0.042401
v -0.014775 0.567453 -0.042396
v -0.014798 0.567949 -0.000000
v -0.014775 0.567453 0.042396
v 0.014775 0.567453 -0.042396
v 0.014798 0.567949 -0.000000
v 0.014775 0.567453 0.042396
v 0.036105 0.572574 -0.042401
v 0.036174 0.573091 -0.000000
v 0.036105 0.572574 0.042401
v 0.070544 0.584533 -0.042407
v 0.070708 0.585096 -0.000000
v 0.070544 0.584533 0.042407
v 0.316527 0.516527 0.264583
v 0.249945 0.424612 0.303319
v 0.181301 0.333929 0.340206
v 0.336599 0.512147 0.268617
v 0.265806 0.415075 0.309217
v 0.193835 0.318228 0.348642
v 0.350968 0.505979 0.270875
v 0.278566 0.406675 0.312252
v 0.205344 0.306904 0.352771
v 0.372760 0.490146 0.270875
v 0.300689 0.390601 0.312252
v 0.228428 0.290132 0.352771
v 0.383066 0.478386 0.268617
v 0.312621 0.381061 0.309217
v 0.242754 0.282685 0.348642
v 0.393435 0.460651 0.264583
v 0.326593 0.368924 0.303319
v 0.261561 0.275617 0.340206
v -0.572511 0.720170 -0.042450
v -0.573232 0.721787 -0.000000
v -0.572511 0.720170 0.042450
v -0.572138 0.752416 -0.042466
v -0.572923 0.753980 -0.000000
v -0.572138 0.752416 0.042466
v -0.568917 0.768561 -0.042479
v -0.569785 0.770018 -0.000000
v -0.568917 0.768561 0.042479
v -0.555140 0.778571 -0.042479
v -0.556257 0.779846 -0.000000
v -0.555140 0.778571 0.042479
v -0.538790 0.776645 -0.042466
v -0.540035 0.777875 -0.000000
v -0.538790 0.776645 0.042466
v -0.508006 0.767035 -0.042450
v -0.509322 0.768221 -0.000000
v -0.508006 0.767035 0.042450
v 0.386060 0.189434 0.259899
v 0.325673 0.169072 0.298707
v 0.265352 0.152416 0.336306
v 0.383872 0.160685 0.261471
v 0.320701 0.140265 0.302032
v 0.255957 0.120781 0.342125
v 0.385657 0.141275 0.261738
v 0.321358 0.120615 0.302982
v 0.254630 0.099587 0.344137
v 0.395042 0.112390 0.261738
v 0.330880 0.091310 0.302982
v 0.264536 0.069100 0.344137
v 0.405007 0.095637 0.261472
v 0.341898 0.075026 0.302032
v 0.278067 0.052734 0.342125
v 0.423676 0.073665 0.259899
v 0.362854 0.054643 0.298707
v 0.304262 0.032663 0.336306
v -0.577724 0.113539 -0.042407
v -0.578309 0.113558 -0.000000
v -0.577724 0.113539 0.042407
v -0.555707 0.142597 -0.042401
v -0.556220 0.142691 -0.000000
v -0.555707 0.142597 0.042401
v -0.544246 0.161300 -0.042396
v -0.544724 0.161432 -0.000000
v -0.544246 0.161300 0.042396
v -0.535114 0.189405 -0.042396
v -0.535579 0.189580 -0.000000
v -0.535114 0.189405 0.042396
v -0.533393 0.211273 -0.042401
v -0.533864 0.211499 -0.000000
v -0.533393 0.211273 0.042401
v -0.534125 0.247722 -0.042407
v -0.534610 0.248052 -0.000000
v -0.534125 0.247722 0.042407
v 0.589059 -0.141420 0.264583
v 0.481067 -0.106499 0.303319
v 0.373611 -0.069238 0.340206
v 0.591095 -0.161862 0.268617
v 0.476898 -0.124531 0.309217
v 0.362551 -0.086010 0.348642
v 0.589670 -0.177434 0.270875
v 0.472852 -0.139263 0.312252
v 0.355337 -0.100455 0.352771
v 0.581346 -0.203052 0.270875
v 0.464402 -0.165270 0.312252
v 0.346520 -0.127592 0.352771
v 0.573346 -0.216488 0.268617
v 0.459016 -0.179566 0.309217
v 0.343865 -0.143518 0.348642
v 0.559683 -0.231829 0.264583
v 0.451790 -0.196604 0.303319
v 0.342955 -0.163588 0.340206
v -0.861838 -0.321946 -0.042450
v -0.863599 -0.322132 0.000000
v -0.861838 -0.321946 0.042450
v -0.892391 -0.311626 -0.042466
v -0.894121 -0.311889 0.000000
v -0.892391 -0.311626 0.042466
v -0.906750 -0.303574 -0.042479
v -0.908404 -0.303949 0.000000
v -0.906750 -0.303574 0.042479
v -0.912013 -0.287378 -0.042479
v -0.913571 -0.288046 0.000000
v -0.912013 -0.287378 0.042479
v -0.905129 -0.272423 -0.042466
v -0.906683 -0.273227 0.000000
v -0.905129 -0.272423 0.042466
v -0.886476 -0.246116 -0.042450
v -0.888010 -0.247000 0.000000
v -0.886476 -0.246116 0.042450
v 0.299462 -0.308627 0.259899
v 0.261436 -0.257487 0.298707
v 0.226954 -0.205266 0.336306
v 0.271443 -0.315429 0.261471
v 0.232502 -0.261660 0.302032
v 0.193965 -0.206107 0.342125
v 0.253535 -0.323126 0.261738
v 0.214017 -0.268357 0.302982
v 0.173398 -0.211394 0.344137
v 0.228964 -0.340977 0.261738
v 0.189088 -0.286469 0.302982
v 0.147464 -0.230236 0.344137
v 0.216110 -0.355631 0.261472
v 0.177007 -0.301980 0.302032
v 0.136081 -0.248162 0.342125
v 0.200983 -0.380176 0.259899
v 0.164097 -0.328208 0.298707
v 0.125087 -0.279277 0.336306
v -0.286509 -0.514362 -0.042407
v -0.286707 -0.514914 0.000000
v -0.286509 -0.514362 0.042407
v -0.307341 -0.484444 -0.042401
v -0.307589 -0.484903 0.000000
v -0.307341 -0.484444 0.042401
v -0.321587 -0.467764 -0.042396
v -0.321860 -0.468178 0.000000
v -0.321587 -0.467764 0.042396
v -0.345494 -0.450394 -0.042396
v -0.345804 -0.450782 0.000000
v -0.345494 -0.450394 0.042396
v -0.365760 -0.442000 -0.042401
v -0.366120 -0.442378 0.000000
v -0.365760 -0.442000 0.042401
v -0.400651 -0.431433 -0.042407
v -0.401115 -0.431792 0.000000
v -0.400651 -0.431433 0.042407
v -0.212402 -0.627656 0.108324
v -0.163570 -0.709525 0.108342
v -0.114791 -0.790987 0.108370
v -0.212247 -0.621365 0.129119
v -0.164381 -0.701470 0.129153
v -0.116453 -0.781258 0.129206
v -0.211577 -0.613790 0.144520
v -0.164826 -0.691834 0.144583
v -0.117901 -0.769616 0.144678
v -0.207388 -0.595306 0.168482
v -0.163113 -0.668730 0.168628
v -0.118520 -0.741667 0.168909
v -0.202239 -0.580772 0.181581
v -0.159843 -0.651264 0.181611
v -0.116944 -0.720293 0.182187
v -0.193317 -0.557702 0.198359
v -0.153981 -0.624217 0.197949
v -0.113664 -0.686875 0.199140
v -0.193317 -0.557702 -0.198359
v -0.153981 -0.624217 -0.197948
v -0.113664 -0.686875 -0.199140
v -0.202239 -0.580772 -0.181581
v -0.159843 -0.651264 -0.181611
v -0.116944 -0.720293 -0.182187
v -0.207388 -0.595306 -0.168482
v -0.163113 -0.668730 -0.168628
v -0.118520 -0.741667 -0.168909
v -0.211577 -0.613790 -0.144520
v -0.164826 -0.691834 -0.144583
v -0.117901 -0.769616 -0.144678
v -0.212247 -0.621365 -0.129119
v -0.164381 -0.701470 -0.129153
v -0.116453 -0.781258 -0.129206
v -0.212402 -0.627656 -0.108324
v -0.163570 -0.709525 -0.108342
v -0.114791 -0.790987 -0.108369
v -0.716801 -0.353601 0.108369
v -0.624252 -0.374820 0.108342
v -0.531300 -0.395963 0.108324
v -0.707034 -0.352175 0.129206
v -0.616341 -0.373102 0.129153
v -0.525366 -0.393871 0.129119
v -0.695515 -0.349955 0.144678
v -0.607039 -0.370547 0.144583
v -0.518368 -0.390893 0.144520
v -0.668743 -0.341907 0.168909
v -0.585595 -0.361779 0.168628
v -0.502083 -0.381197 0.168482
v -0.648902 -0.333803 0.182187
v -0.569994 -0.353272 0.181611
v -0.489852 -0.371809 0.181581
v -0.618133 -0.320357 0.199140
v -0.546083 -0.339338 0.197949
v -0.470668 -0.356195 0.198359
v -0.618133 -0.320357 -0.199140
v -0.546083 -0.339338 -0.197949
v -0.470668 -0.356195 -0.198359
v -0.648902 -0.333803 -0.182187
v -0.569994 -0.353272 -0.181611
v -0.489852 -0.371809 -0.181581
v -0.668743 -0.341907 -0.168909
v -0.585595 -0.361779 -0.168628
v -0.502083 -0.381197 -0.168482
v -0.695515 -0.349955 -0.144678
v -0.607039 -0.370547 -0.144583
v -0.518368 -0.390893 -0.144520
v -0.707034 -0.352175 -0.129206
v -0.616341 -0.373102 -0.129153
v -0.525366 -0.393871 -0.129119
v -0.716801 -0.353601 -0.108369
v -0.624252 -0.374820 -0.108342
v -0.531300 -0.395963 -0.108324
v -0.662572 0.008050 0.108324
v -0.725344 -0.063691 0.108342
v -0.787746 -0.135256 0.108369
v -0.656541 0.009846 0.129119
v -0.717935 -0.060430 0.129153
v -0.779006 -0.130669 0.129206
v -0.649129 0.011550 0.144520
v -0.708907 -0.057030 0.144583
v -0.768382 -0.125694 0.144678
v -0.630256 0.013278 0.168482
v -0.686405 -0.051519 0.168628
v -0.741992 -0.116469 0.168909
v -0.614842 0.012872 0.181581
v -0.668783 -0.049231 0.181611
v -0.721177 -0.111362 0.182187
v -0.590144 0.011516 0.198359
v -0.641248 -0.046449 0.197949
v -0.688381 -0.104155 0.199140
v -0.590145 0.011516 -0.198359
v -0.641248 -0.046449 -0.197949
v -0.688381 -0.104155 -0.199140
v -0.614842 0.012872 -0.181581
v -0.668783 -0.049231 -0.181611
v -0.721177 -0.111362 -0.182187
v -0.630256 0.013278 -0.168482
v -0.686405 -0.051519 -0.168628
v -0.741992 -0.116469 -0.168909
v -0.649129 0.011550 -0.144520
v -0.708907 -0.057030 -0.144583
v -0.768382 -0.125694 -0.144678
v -0.656541 0.009846 -0.129119
v -0.717935 -0.060430 -0.129153
v -0.779006 -0.130669 -0.129206
v -0.662572 0.008050 -0.108324
v -0.725344 -0.063691 -0.108342
v -0.787746 -0.135256 -0.108369
v -0.557799 0.572450 0.108369
v -0.549379 0.477873 0.108342
v -0.540764 0.382937 0.108324
v -0.553424 0.563601 0.129206
v -0.545301 0.470880 0.129153
v -0.536941 0.377939 0.129119
v -0.547753 0.553332 0.144678
v -0.539997 0.462823 0.144583
v -0.531946 0.372205 0.144520
v -0.531826 0.530357 0.168909
v -0.525031 0.445138 0.168628
v -0.517692 0.359713 0.168482
v -0.517988 0.513991 0.182187
v -0.512119 0.432930 0.181611
v -0.504984 0.350981 0.181581
v -0.495691 0.488884 0.199140
v -0.491478 0.414494 0.197948
v -0.484206 0.337561 0.198359
v -0.495691 0.488884 -0.199140
v -0.491478 0.414494 -0.197949
v -0.484206 0.337561 -0.198359
v -0.517988 0.513991 -0.182187
v -0.512119 0.432930 -0.181611
v -0.504984 0.350981 -0.181581
v -0.531826 0.530357 -0.168909
v -0.525031 0.445138 -0.168628
v -0.517692 0.359713 -0.168482
v -0.547753 0.553332 -0.144678
v -0.539997 0.462823 -0.144583
v -0.531946 0.372205 -0.144520
v -0.553424 0.563601 -0.129206
v -0.545301 0.470880 -0.129153
v -0.536941 0.377939 -0.129119
v -0.557799 0.572450 -0.108369
v -0.549379 0.477873 -0.108342
v -0.540764 0.382937 -0.108324
v -0.197090 0.632631 0.108324
v -0.284717 0.670162 0.108342
v -0.372063 0.707395 0.108369
v -0.193518 0.627451 0.129119
v -0.279327 0.664122 0.129153
v -0.364999 0.700500 0.129206
v -0.189607 0.620928 0.144520
v -0.273303 0.656588 0.144583
v -0.356985 0.691933 0.144678
v -0.182132 0.603512 0.168482
v -0.261108 0.636890 0.168628
v -0.340057 0.669686 0.168909
v -0.177754 0.588728 0.181581
v -0.253487 0.620837 0.181611
v -0.328768 0.651468 0.182187
v -0.171412 0.564820 0.198359
v -0.242332 0.595509 0.197948
v -0.311779 0.622504 0.199140
v -0.171412 0.564820 -0.198359
v -0.242332 0.595509 -0.197949
v -0.311779 0.622504 -0.199140
v -0.177754 0.588728 -0.181581
v -0.253487 0.620837 -0.181611
v -0.328768 0.651468 -0.182187
v -0.182132 0.603512 -0.168482
v -0.261108 0.636890 -0.168628
v -0.340057 0.669685 -0.168909
v -0.189607 0.620928 -0.144520
v -0.273303 0.656588 -0.144583
v -0.356985 0.691933 -0.144678
v -0.193518 0.627450 -0.129119
v -0.279327 0.664122 -0.129153
v -0.364999 0.700500 -0.129206
v -0.197090 0.632631 -0.108324
v -0.284717 0.670162 -0.108342
v -0.372063 0.707395 -0.108369
v 0.372063 0.707395 0.108369
v 0.284717 0.670162 0.108342
v 0.197090 0.632631 0.108324
v 0.364999 0.700500 0.129206
v 0.279327 0.664122 0.129153
v 0.193518 0.627450 0.129119
v 0.356985 0.691933 0.144678
v 0.273303 0.656588 0.144583
v 0.189607 0.620928 0.144520
v 0.340057 0.669686 0.168909
v 0.261108 0.636890 0.168628
v 0.182132 0.603512 0.168482
v 0.328768 0.651468 0.182187
v 0.253487 0.620837 0.181611
v 0.177754 0.588728 0.181581
v 0.311779 0.622504 0.199140
v 0.242332 0.595509 0.197948
v 0.171412 0.564820 0.198359
v 0.311779 0.622504 -0.199140
v 0.242332 0.595509 -0.197949
v 0.171412 0.564820 -0.198359
v 0.328768 0.651468 -0.182187
v 0.253487 0.620837 -0.181611
v 0.177754 0.588728 -0.181581
v 0.340057 0.669686 -0.168909
v 0.261108 0.636890 -0.168628
v 0.182132 0.603512 -0.168482
v 0.356985 0.691933 -0.144678
v 0.273303 0.656588 -0.144583
v 0.189607 0.620928 -0.144520
v 0.364999 0.700500 -0.129206
v 0.279326 0.664122 -0.129153
v 0.193518 0.627451 -0.129119
v 0.372063 0.707395 -0.108370
v 0.284717 0.670162 -0.108342
v 0.197090 0.632631 -0.108324
v 0.540764 0.382937 0.108324
v 0.549379 0.477873 0.108342
v 0.557799 0.572450 0.108369
v 0.536940 0.377939 0.129119
v 0.545301 0.470880 0.129153
v 0.553424 0.563601 0.129206
v 0.531946 0.372205 0.144520
v 0.539997 0.462823 0.144583
v 0.547753 0.553332 0.144678
v 0.517692 0.359713 0.168482
v 0.525031 0.445138 0.168628
v 0.531826 0.530357 0.168909
v 0.504984 0.350981 0.181581
v 0.512119 0.432930 0.181611
v 0.517988 0.513991 0.182187
v 0.484206 0.337561 0.198359
v 0.491478 0.414494 0.197948
v 0.495691 0.488884 0.199140
v 0.484206 0.337561 -0.198359
v 0.491478 0.414494 -0.197949
v 0.495691 0.488884 -0.199140
v 0.504984 0.350981 -0.181581
v 0.512119 0.432930 -0.181611
v 0.517988 0.513991 -0.182187
v 0.517692 0.359713 -0.168482
v 0.525031 0.445138 -0.168628
v 0.531826 0.530357 -0.168909
v 0.531946 0.372205 -0.144520
v 0.539997 0.462823 -0.144583
v 0.547753 0.553332 -0.144678
v 0.536941 0.377939 -0.129119
v 0.545301 0.470880 -0.129153
v 0.553424 0.563601 -0.129206
v 0.540764 0.382937 -0.108324
v 0.549379 0.477873 -0.108342
v 0.557799 0.572450 -0.108369
v 0.787746 -0.135256 0.108369
v 0.725344 -0.063691 0.108342
v 0.662572 0.008050 0.108324
v 0.779006 -0.130669 0.129206
v 0.717935 -0.060430 0.129153
v 0.656541 0.009846 0.129119
v 0.768382 -0.125694 0.144678
v 0.708907 -0.057030 0.144583
v 0.649129 0.011550 0.144520
v 0.741992 -0.116469 0.168909
v 0.686405 -0.051519 0.168628
v 0.630256 0.013278 0.168482
v 0.721177 -0.111362 0.182187
v 0.668783 -0.049231 0.181611
v 0.614842 0.012872 0.181581
v 0.688381 -0.104155 0.199140
v 0.641248 -0.046449 0.197948
v 0.590144 0.011516 0.198359
v 0.688381 -0.104155 -0.199140
v 0.641248 -0.046449 -0.197949
v 0.590145 0.011516 -0.198359
v 0.721177 -0.111362 -0.182187
v 0.668783 -0.049231 -0.181611
v 0.614842 0.012872 -0.181581
v 0.741992 -0.116469 -0.168909
v 0.686405 -0.051519 -0.168628
v 0.630256 0.013278 -0.168482
v 0.768382 -0.125694 -0.144678
v 0.708907 -0.057030 -0.144583
v 0.649129 0.011550 -0.144520
v 0.779006 -0.130669 -0.129206
v 0.717935 -0.060430 -0.129153
v 0.656541 0.009846 -0.129119
v 0.787746 -0.135256 -0.108369
v 0.725344 -0.063691 -0.108342
v 0.662572 0.008050 -0.108324
v 0.531300 -0.395963 0.108324
v 0.624252 -0.374820 0.108342
v 0.716801 -0.353601 0.108369
v 0.525366 -0.393871 0.129119
v 0.616341 -0.373102 0.129153
v 0.707034 -0.352175 0.129206
v 0.518368 -0.390893 0.144520
v 0.607039 -0.370547 0.144583
v 0.695515 -0.349955 0.144678
v 0.502083 -0.381197 0.168482
v 0.585595 -0.361779 0.168628
v 0.668743 -0.341907 0.168909
v 0.489852 -0.371809 0.181581
v 0.569994 -0.353272 0.181611
v 0.648902 -0.333803 0.182187
v 0.470668 -0.356195 0.198359
v 0.546083 -0.339338 0.197949
v 0.618133 -0.320357 0.199140
v 0.470668 -0.356195 -0.198359
v 0.546083 -0.339338 -0.197949
v 0.618133 -0.320357 -0.199140
v 0.489852 -0.371809 -0.181581
v 0.569994 -0.353272 -0.181611
v 0.648902 -0.333803 -0.182187
v 0.502083 -0.381197 -0.168482
v 0.585595 -0.361779 -0.168628
v 0.668743 -0.341907 -0.168909
v 0.518368 -0.390893 -0.144520
v 0.607039 -0.370547 -0.144583
v 0.695515 -0.349955 -0.144678
v 0.525366 -0.393871 -0.129119
v 0.616341 -0.373102 -0.129153
v 0.707034 -0.352175 -0.129206
v 0.531300 -0.395963 -0.108324
v 0.624252 -0.374820 -0.108342
v 0.716801 -0.353601 -0.108369
v 0.114791 -0.790987 0.108370
v 0.163570 -0.709525 0.108342
v 0.212402 -0.627656 0.108324
v 0.116453 -0.781258 0.129206
v 0.164381 -0.701470 0.129153
v 0.212247 -0.621365 0.129119
v 0.117901 -0.769616 0.144678
v 0.164826 -0.691834 0.144583
v 0.211577 -0.613790 0.144520
v 0.118520 -0.741667 0.168909
v 0.163113 -0.668730 0.168628
v 0.207388 -0.595306 0.168482
v 0.116944 -0.720293 0.182187
v 0.159843 -0.651264 0.181611
v 0.202239 -0.580772 0.181581
v 0.113664 -0.686875 0.199140
v 0.153981 -0.624217 0.197949
v 0.193317 -0.557702 0.198359
v 0.113664 -0.686875 -0.199140
v 0.153981 -0.624217 -0.197948
v 0.193317 -0.557702 -0.198359
v 0.116944 -0.720293 -0.182187
v 0.159843 -0.651264 -0.181611
v 0.202239 -0.580772 -0.181581
v 0.118520 -0.741667 -0.168909
v 0.163113 -0.668730 -0.168628
v 0.207388 -0.595306 -0.168482
v 0.117901 -0.769616 -0.144678
v 0.164826 -0.691834 -0.144583
v 0.211577 -0.613790 -0.144520
v 0.116453 -0.781258 -0.129206
v 0.164381 -0.701470 -0.129153
v 0.212247 -0.621365 -0.129119
v 0.114791 -0.790987 -0.108369
v 0.163570 -0.709525 -0.108342
v 0.212402 -0.627656 -0.108324
v 0.226954 -0.205266 -0.336306
v 0.261436 -0.257487 -0.298707
v 0.299462 -0.308627 -0.259899
v 0.193965 -0.206107 -0.342125
v 0.232502 -0.261660 -0.302032
v 0.271443 -0.315429 -0.261472
v 0.173398 -0.211394 -0.344137
v 0.214017 -0.268357 -0.302982
v 0.253535 -0.323126 -0.261738
v 0.147464 -0.230236 -0.344137
v 0.189088 -0.286469 -0.302982
v 0.228964 -0.340977 -0.261738
v 0.136081 -0.248162 -0.342125
v 0.177007 -0.301980 -0.302032
v 0.216110 -0.355631 -0.261471
v 0.125087 -0.279277 -0.336306
v 0.164097 -0.328208 -0.298707
v 0.200983 -0.380176 -0.259898
v 0.373611 -0.069238 -0.340206
v 0.481067 -0.106499 -0.303319
v 0.589059 -0.141420 -0.264583
v 0.362551 -0.086010 -0.348642
v 0.476898 -0.124531 -0.309217
v 0.591095 -0.161862 -0.268617
v 0.355337 -0.100455 -0.352771
v 0.472852 -0.139263 -0.312252
v 0.589670 -0.177434 -0.270875
v 0.346520 -0.127592 -0.352771
v 0.464402 -0.165270 -0.312252
v 0.581346 -0.203052 -0.270875
v 0.343865 -0.143518 -0.348642
v 0.459016 -0.179566 -0.309217
v 0.573346 -0.216488 -0.268617
v 0.342954 -0.163588 -0.340206
v 0.451790 -0.196604 -0.303319
v 0.559683 -0.231829 -0.264583
v 0.265352 0.152416 -0.336306
v 0.325673 0.169072 -0.298707
v 0.386060 0.189434 -0.259899
v 0.255957 0.120781 -0.342125
v 0.320701 0.140265 -0.302032
v 0.383872 0.160685 -0.261472
v 0.254630 0.099587 -0.344137
v 0.321358 0.120615 -0.302982
v 0.385657 0.141275 -0.261738
v 0.264536 0.069100 -0.344137
v 0.330880 0.091310 -0.302982
v 0.395042 0.112390 -0.261738
v 0.278067 0.052734 -0.342125
v 0.341898 0.075026 -0.302032
v 0.405007 0.095637 -0.261471
v 0.304262 0.032663 -0.336306
v 0.362854 0.054643 -0.298707
v 0.423676 0.073665 -0.259899
v 0.181301 0.333929 -0.340206
v 0.249945 0.424612 -0.303319
v 0.316527 0.516528 -0.264583
v 0.193835 0.318228 -0.348642
v 0.265806 0.415075 -0.309217
v 0.336599 0.512147 -0.268617
v 0.205344 0.306904 -0.352771
v 0.278566 0.406675 -0.312252
v 0.350968 0.505979 -0.270875
v 0.228428 0.290132 -0.352771
v 0.300689 0.390601 -0.312252
v 0.372760 0.490146 -0.270875
v 0.242754 0.282685 -0.348642
v 0.312621 0.381061 -0.309217
v 0.383066 0.478386 -0.268617
v 0.261561 0.275617 -0.340206
v 0.326593 0.368924 -0.303319
v 0.393434 0.460651 -0.264583
v -0.062957 0.299464 -0.336306
v -0.060159 0.361980 -0.298707
v -0.060863 0.425704 -0.259899
v -0.035774 0.280753 -0.342125
v -0.034298 0.348349 -0.302032
v -0.034198 0.414738 -0.261472
v -0.016028 0.272942 -0.344137
v -0.015407 0.342902 -0.302982
v -0.015185 0.410438 -0.261738
v 0.016028 0.272942 -0.344137
v 0.015407 0.342902 -0.302982
v 0.015185 0.410438 -0.261738
v 0.035774 0.280753 -0.342125
v 0.034298 0.348349 -0.302032
v 0.034198 0.414738 -0.261472
v 0.062957 0.299464 -0.336306
v 0.060159 0.361980 -0.298707
v 0.060863 0.425704 -0.259899
v -0.261561 0.275617 -0.340206
v -0.326593 0.368924 -0.303319
v -0.393434 0.460651 -0.264583
v -0.242754 0.282685 -0.348642
v -0.312621 0.381061 -0.309217
v -0.383066 0.478386 -0.268617
v -0.228428 0.290132 -0.352771
v -0.300689 0.390601 -0.312252
v -0.372760 0.490146 -0.270875
v -0.205344 0.306904 -0.352771
v -0.278566 0.406675 -0.312252
v -0.350968 0.505979 -0.270875
v -0.193835 0.318228 -0.348642
v -0.265806 0.415075 -0.309217
v -0.336599 0.512147 -0.268617
v -0.181301 0.333929 -0.340206
v -0.249945 0.424612 -0.303319
v -0.316527 0.516527 -0.264583
v -0.304262 0.032663 -0.336306
v -0.362854 0.054643 -0.298707
v -0.423676 0.073665 -0.259899
v -0.278067 0.052734 -0.342125
v -0.341898 0.075026 -0.302032
v -0.405007 0.095637 -0.261472
v -0.264536 0.069100 -0.344137
v -0.330880 0.091310 -0.302982
v -0.395042 0.112390 -0.261738
v -0.254630 0.099587 -0.344137
v -0.321358 0.120615 -0.302982
v -0.385657 0.141275 -0.261738
v -0.255957 0.120781 -0.342125
v -0.320701 0.140265 -0.302032
v -0.383872 0.160685 -0.261471
v -0.265352 0.152416 -0.336306
v -0.325673 0.169072 -0.298707
v -0.386060 0.189434 -0.259899
v -0.342954 -0.163588 -0.340206
v -0.451790 -0.196604 -0.303319
v -0.559683 -0.231829 -0.264583
v -0.343865 -0.143518 -0.348642
v -0.459016 -0.179566 -0.309217
v -0.573346 -0.216488 -0.268617
v -0.346520 -0.127592 -0.352771
v -0.464402 -0.165270 -0.312252
v -0.581346 -0.203052 -0.270875
v -0.355337 -0.100455 -0.352771
v -0.472852 -0.139263 -0.312252
v -0.589670 -0.177434 -0.270875
v -0.362551 -0.086010 -0.348642
v -0.476898 -0.124531 -0.309217
v -0.591095 -0.161862 -0.268617
v -0.373611 -0.069238 -0.340206
v -0.481067 -0.106499 -0.303319
v -0.589059 -0.141420 -0.264583
v -0.125087 -0.279277 -0.336306
v -0.164097 -0.328208 -0.298707
v -0.200983 -0.380176 -0.259898
v -0.136081 -0.248162 -0.342125
v -0.177007 -0.301980 -0.302032
v -0.216110 -0.355631 -0.261471
v -0.147464 -0.230236 -0.344137
v -0.189088 -0.286469 -0.302982
v -0.228964 -0.340977 -0.261738
v -0.173398 -0.211394 -0.344137
v -0.214017 -0.268358 -0.302982
v -0.253535 -0.323126 -0.261738
v -0.193965 -0.206107 -0.342125
v -0.232502 -0.261660 -0.302032
v -0.271443 -0.315429 -0.261471
v -0.226954 -0.205266 -0.336306
v -0.261436 -0.257487 -0.298707
v -0.299462 -0.308627 -0.259899
v 0.121595 -0.479841 0.269630
v 0.103962 -0.401311 0.305885
v 0.098398 -0.483450 0.281037
v 0.101613 -0.564799 0.251145
v 0.132371 -0.527911 0.246822
v 0.159287 -0.473950 0.250164
v 0.134067 -0.428437 0.280273
v -0.121595 -0.479841 0.269630
v -0.103962 -0.401311 0.305885
v -0.134067 -0.428437 0.280273
v -0.159287 -0.473950 0.250164
v -0.132371 -0.527911 0.246822
v -0.101613 -0.564799 0.251145
v -0.098398 -0.483450 0.281037
v -0.418781 -0.263922 0.269630
v -0.349543 -0.222886 0.305885
v -0.429382 -0.242976 0.281037
v -0.505755 -0.271172 0.251145
v -0.461168 -0.289026 0.246822
v -0.401531 -0.297949 0.250164
v -0.366039 -0.259900 0.280273
v -0.493931 -0.032636 0.269630
v -0.413796 -0.025138 0.305885
v -0.448897 -0.004889 0.280273
v -0.499976 0.005032 0.250164
v -0.542978 -0.037241 0.246822
v -0.568556 -0.077893 0.251145
v -0.490195 -0.055812 0.281037
v -0.380416 0.316728 0.269630
v -0.319992 0.263560 0.305885
v -0.363770 0.333283 0.281037
v -0.414187 0.397205 0.251145
v -0.417389 0.349283 0.246822
v -0.407447 0.289807 0.250164
v -0.360292 0.267810 0.280273
v -0.183672 0.459671 0.269630
v -0.151778 0.385775 0.305885
v -0.143366 0.425416 0.280273
v -0.149715 0.477060 0.250164
v -0.203208 0.504895 0.246822
v -0.249774 0.516658 0.251145
v -0.204559 0.448956 0.281037
v 0.183671 0.459671 0.269630
v 0.151778 0.385775 0.305885
v 0.204559 0.448956 0.281037
v 0.249774 0.516658 0.251145
v 0.203208 0.504895 0.246822
v 0.149715 0.477060 0.250164
v 0.143366 0.425416 0.280273
v 0.380416 0.316728 0.269630
v 0.319992 0.263560 0.305885
v 0.360292 0.267810 0.280273
v 0.407447 0.289807 0.250164
v 0.417389 0.349283 0.246822
v 0.414187 0.397205 0.251145
v 0.363770 0.333283 0.281037
v 0.493931 -0.032636 0.269630
v 0.413796 -0.025138 0.305885
v 0.490195 -0.055812 0.281037
v 0.568556 -0.077893 0.251145
v 0.542978 -0.037241 0.246822
v 0.499976 0.005032 0.250164
v 0.448897 -0.004889 0.280273
v 0.418781 -0.263922 0.269630
v 0.349543 -0.222886 0.305885
v 0.366039 -0.259900 0.280273
v 0.401531 -0.297949 0.250164
v 0.461168 -0.289026 0.246822
v 0.505755 -0.271172 0.251145
v 0.429382 -0.242976 0.281037
v -0.121595 -0.479841 -0.269630
v -0.159287 -0.473950 -0.250164
v -0.134067 -0.428437 -0.280273
v -0.103962 -0.401311 -0.305885
v -0.098398 -0.483450 -0.281037
v -0.101613 -0.564799 -0.251145
v -0.132371 -0.527911 -0.246822
v 0.121595 -0.479841 -0.269630
v 0.101613 -0.564799 -0.251145
v 0.098398 -0.483450 -0.281037
v 0.103962 -0.401311 -0.305885
v 0.134067 -0.428437 -0.280273
v 0.159287 -0.473950 -0.250164
v 0.132371 -0.527911 -0.246822
v 0.418781 -0.263922 -0.269630
v 0.401531 -0.297949 -0.250164
v 0.366039 -0.259900 -0.280273
v 0.349543 -0.222886 -0.305885
v 0.429382 -0.242976 -0.281037
v 0.505755 -0.271172 -0.251145
v 0.461168 -0.289026 -0.246822
v 0.493931 -0.032636 -0.269630
v 0.568556 -0.077893 -0.251145
v 0.490195 -0.055812 -0.281037
v 0.413796 -0.025138 -0.305885
v 0.448897 -0.004889 -0.280273
v 0.499976 0.005032 -0.250164
v 0.542978 -0.037241 -0.246822
v 0.380416 0.316728 -0.269630
v 0.407447 0.289807 -0.250164
v 0.360292 0.267810 -0.280273
v 0.319992 0.263560 -0.305885
v 0.363770 0.333283 -0.281037
v 0.414187 0.397205 -0.251145
v 0.417389 0.349283 -0.246822
v 0.183671 0.459671 -0.269630
v 0.249774 0.516658 -0.251145
v 0.204559 0.448956 -0.281037
v 0.151778 0.385775 -0.305885
v 0.143366 0.425416 -0.280273
v 0.149715 0.477060 -0.250164
v 0.203208 0.504895 -0.246822
v -0.183672 0.459671 -0.269630
v -0.149715 0.477060 -0.250164
v -0.143366 0.425416 -0.280273
v -0.151778 0.385775 -0.305885
v -0.204559 0.448956 -0.281037
v -0.249774 0.516658 -0.251145
v -0.203208 0.504895 -0.246822
v -0.380416 0.316728 -0.269630
v -0.414187 0.397205 -0.251145
v -0.363770 0.333283 -0.281037
v -0.319992 0.263560 -0.305885
v -0.360292 0.267810 -0.280273
v -0.407447 0.289807 -0.250164
v -0.417389 0.349283 -0.246822
v -0.493931 -0.032636 -0.269630
v -0.499976 0.005032 -0.250164
v -0.448897 -0.004889 -0.280273
v -0.413796 -0.025138 -0.305885
v -0.490195 -0.055812 -0.281037
v -0.568556 -0.077893 -0.251145
v -0.542978 -0.037241 -0.246822
v -0.418781 -0.263922 -0.269630
v -0.505755 -0.271172 -0.251145
v -0.429382 -0.242976 -0.281037
v -0.349543 -0.222886 -0.305885
v -0.366039 -0.259900 -0.280273
v -0.401531 -0.297949 -0.250164
v -0.461168 -0.289026 -0.246822
v 0.112411 -0.802715 0.042425
v 0.112104 -0.804192 0.000000
v 0.112411 -0.802715 -0.042425
v 0.162225 -0.719233 0.042420
v 0.162049 -0.720456 0.000000
v 0.162225 -0.719233 -0.042420
v 0.212251 -0.635203 0.042416
v 0.212226 -0.636153 0.000000
v 0.212251 -0.635203 -0.042416
v -0.212251 -0.635203 0.042416
v -0.212226 -0.636153 0.000000
v -0.212251 -0.635203 -0.042416
v -0.162225 -0.719233 0.042420
v -0.162049 -0.720456 0.000000
v -0.162225 -0.719233 -0.042420
v -0.112411 -0.802715 0.042425
v -0.112104 -0.804192 0.000000
v -0.112411 -0.802715 -0.042425
v 0.538525 -0.398151 0.042416
v 0.539436 -0.398421 0.000000
v 0.538525 -0.398151 -0.042416
v 0.633901 -0.376540 0.042420
v 0.635118 -0.376751 0.000000
v 0.633901 -0.376540 -0.042420
v 0.728691 -0.354961 0.042425
v 0.730190 -0.355127 0.000000
v 0.728691 -0.354961 -0.042425
v 0.798164 -0.141144 0.042425
v 0.799474 -0.141892 0.000000
v 0.798164 -0.141144 -0.042425
v 0.734162 -0.067971 0.042420
v 0.735270 -0.068516 0.000000
v 0.734162 -0.067971 -0.042420
v 0.669703 0.005574 0.042416
v 0.670599 0.005257 -0.000000
v 0.669703 0.005574 -0.042416
v 0.545078 0.389132 0.042416
v 0.545616 0.389915 -0.000000
v 0.545078 0.389132 -0.042416
v 0.553997 0.486519 0.042420
v 0.554573 0.487611 -0.000000
v 0.553997 0.486519 -0.042420
v 0.562766 0.583337 0.042425
v 0.563387 0.584712 -0.000000
v 0.562766 0.583337 -0.042425
v 0.380882 0.715484 0.042425
v 0.381998 0.716498 -0.000000
v 0.380882 0.715484 -0.042425
v 0.291512 0.677225 0.042420
v 0.292373 0.678111 -0.000000
v 0.291512 0.677225 -0.042420
v 0.201648 0.638648 0.042416
v 0.202227 0.639402 -0.000000
v 0.201648 0.638648 -0.042416
v -0.201648 0.638648 0.042416
v -0.202227 0.639402 -0.000000
v -0.201648 0.638648 -0.042416
v -0.291512 0.677225 0.042420
v -0.292373 0.678111 -0.000000
v -0.291512 0.677225 -0.042420
v -0.380882 0.715484 0.042425
v -0.381998 0.716498 -0.000000
v -0.380882 0.715484 -0.042425
v -0.562766 0.583337 0.042425
v -0.563387 0.584712 -0.000000
v -0.562766 0.583337 -0.042425
v -0.553997 0.486519 0.042420
v -0.554574 0.487611 -0.000000
v -0.553997 0.486519 -0.042420
v -0.545078 0.389132 0.042416
v -0.545616 0.389915 -0.000000
v -0.545078 0.389132 -0.042416
v -0.669703 0.005574 0.042416
v -0.670599 0.005257 0.000000
v -0.669704 0.005574 -0.042416
v -0.734162 -0.067971 0.042420
v -0.735270 -0.068516 0.000000
v -0.734162 -0.067971 -0.042420
v -0.798164 -0.141144 0.042425
v -0.799474 -0.141892 0.000000
v -0.798164 -0.141144 -0.042425
v -0.728691 -0.354961 0.042425
v -0.730190 -0.355127 0.000000
v -0.728691 -0.354961 -0.042425
v -0.633901 -0.376540 0.042420
v -0.635118 -0.376751 0.000000
v -0.633901 -0.376540 -0.042420
v -0.538525 -0.398151 0.042416
v -0.539436 -0.398421 0.000000
v -0.538525 -0.398151 -0.042416
vn 0.4091 -0.2872 0.8661
vn 0.1467 -0.4778 0.8661
vn 0.3996 0.3003 0.8661
vn 0.4998 -0.0081 0.8661
vn -0.1621 0.4728 0.8661
vn 0.1621 0.4728 0.8661
vn -0.4998 -0.0081 0.8661
vn -0.3996 0.3003 0.8661
vn -0.1467 -0.4778 0.8661
vn -0.4091 -0.2872 0.8661
vn 0.2739 -0.3770 0.8848
vn -0.0000 -0.0000 1.0000
vn 0.2771 -0.0900 0.9566
vn 0.4432 0.1440 0.8848
vn 0.1712 0.2357 0.9566
vn -0.0000 0.4661 0.8848
vn -0.1712 0.2357 0.9566
vn -0.4432 0.1440 0.8848
vn -0.2771 -0.0900 0.9566
vn -0.2739 -0.3770 0.8848
vn -0.0000 -0.2913 0.9566
vn -0.4091 -0.2872 -0.8661
vn -0.1467 -0.4778 -0.8661
vn -0.3996 0.3003 -0.8661
vn -0.4998 -0.0081 -0.8661
vn 0.1621 0.4728 -0.8661
vn -0.1621 0.4728 -0.8661
vn 0.4998 -0.0081 -0.8661
vn 0.3996 0.3003 -0.8661
vn 0.1467 -0.4778 -0.8661
vn 0.4091 -0.2872 -0.8661
vn -0.2739 -0.3770 -0.8848
vn -0.0000 -0.0000 -1.0000
vn -0.2771 -0.0900 -0.9566
vn -0.4432 0.1440 -0.8848
vn -0.1712 0.2357 -0.9566
vn -0.0000 0.4661 -0.8848
vn 0.1712 0.2357 -0.9566
vn 0.4432 0.1440 -0.8848
vn 0.2771 -0.0900 -0.9566
vn 0.2739 -0.3770 -0.8848
vn -0.0000 -0.2913 -0.9566
vn 0.4474 -0.3078 0.8397
vn -0.4474 -0.3078 0.8397
vn -0.8434 -0.5323 0.0728
vn 0.8434 -0.5323 0.0728
vn -0.0000 -0.3358 0.9419
vn -0.0000 -0.5666 0.8240
vn -0.7029 -0.4615 0.5412
vn -0.0000 -0.9793 0.2025
vn 0.7029 -0.4615 0.5412
vn 0.4474 -0.3078 -0.8397
vn 0.8434 -0.5323 -0.0728
vn -0.8434 -0.5323 -0.0728
vn -0.4474 -0.3078 -0.8397
vn 0.7029 -0.4615 -0.5412
vn -0.0000 -0.5666 -0.8240
vn -0.0000 -0.9793 -0.2025
vn -0.7029 -0.4615 -0.5412
vn -0.0000 -0.3358 -0.9419
vn 0.8494 -0.5243 -0.0598
vn 0.4911 -0.3063 -0.8155
vn 0.1396 -0.5617 -0.8155
vn 0.2362 -0.9699 -0.0598
vn 0.7447 -0.4644 -0.4794
vn 0.5145 -0.7082 -0.4835
vn 0.3229 -0.4445 -0.8356
vn 0.2115 -0.8517 -0.4794
vn 0.5866 -0.8074 -0.0630
vn 0.8494 -0.5243 0.0598
vn 0.2362 -0.9699 0.0598
vn 0.1396 -0.5617 0.8155
vn 0.4911 -0.3063 0.8155
vn 0.5866 -0.8074 0.0630
vn 0.5145 -0.7082 0.4835
vn 0.2115 -0.8517 0.4794
vn 0.3229 -0.4445 0.8356
vn 0.7447 -0.4644 0.4794
vn 0.2456 -0.9666 -0.0728
vn 0.1545 -0.5207 -0.8397
vn 0.4310 0.3304 -0.8397
vn 0.7669 0.6377 -0.0728
vn 0.2217 -0.8111 -0.5412
vn 0.5388 -0.1751 -0.8240
vn 0.3194 -0.1038 -0.9419
vn 0.6561 0.5259 -0.5412
vn 0.9313 -0.3026 -0.2025
vn 0.2456 -0.9666 0.0728
vn 0.7669 0.6377 0.0728
vn 0.4310 0.3304 0.8397
vn 0.1545 -0.5207 0.8397
vn 0.9313 -0.3026 0.2025
vn 0.5388 -0.1751 0.8240
vn 0.6561 0.5259 0.5412
vn 0.3194 -0.1038 0.9419
vn 0.2217 -0.8111 0.5412
vn 0.7611 0.6458 -0.0598
vn 0.4431 0.3724 -0.8155
vn 0.5774 -0.0409 -0.8155
vn 0.9954 -0.0751 -0.0598
vn 0.6718 0.5647 -0.4794
vn 0.8325 0.2705 -0.4835
vn 0.5225 0.1698 -0.8356
vn 0.8754 -0.0620 -0.4794
vn 0.9492 0.3084 -0.0630
vn 0.7611 0.6458 0.0598
vn 0.9954 -0.0751 0.0598
vn 0.5774 -0.0409 0.8155
vn 0.4431 0.3724 0.8155
vn 0.9492 0.3084 0.0630
vn 0.8325 0.2705 0.4835
vn 0.8754 -0.0620 0.4794
vn 0.5225 0.1698 0.8356
vn 0.6718 0.5647 0.4794
vn 0.9952 -0.0651 -0.0728
vn 0.5429 -0.0140 -0.8397
vn -0.1811 0.5120 -0.8397
vn -0.3695 0.9264 -0.0728
vn 0.8399 -0.0398 -0.5412
vn 0.3330 0.4584 -0.8240
vn 0.1974 0.2717 -0.9419
vn -0.2974 0.7865 -0.5412
vn 0.5756 0.7922 -0.2025
vn 0.9952 -0.0651 0.0728
vn -0.3695 0.9264 0.0728
vn -0.1811 0.5120 0.8397
vn 0.5429 -0.0140 0.8397
vn 0.5756 0.7922 0.2025
vn 0.3330 0.4584 0.8240
vn -0.2974 0.7865 0.5412
vn 0.1974 0.2717 0.9419
vn 0.8399 -0.0398 0.5412
vn -0.3790 0.9235 -0.0598
vn -0.2173 0.5365 -0.8155
vn 0.2173 0.5365 -0.8155
vn 0.3790 0.9235 -0.0598
vn -0.3295 0.8134 -0.4794
vn -0.0000 0.8753 -0.4835
vn -0.0000 0.5494 -0.8356
vn 0.3295 0.8134 -0.4794
vn -0.0000 0.9980 -0.0630
vn -0.2173 0.5365 0.8155
vn -0.3790 0.9235 0.0598
vn 0.3790 0.9235 0.0598
vn 0.2173 0.5365 0.8155
vn -0.3295 0.8134 0.4794
vn -0.0000 0.8753 0.4835
vn -0.0000 0.9980 0.0630
vn 0.3295 0.8134 0.4794
vn -0.0000 0.5494 0.8356
vn 0.3695 0.9264 -0.0728
vn 0.1811 0.5120 -0.8397
vn -0.5429 -0.0140 -0.8397
vn -0.9952 -0.0651 -0.0728
vn 0.2974 0.7865 -0.5412
vn -0.3330 0.4584 -0.8240
vn -0.1974 0.2717 -0.9419
vn -0.8399 -0.0398 -0.5412
vn -0.5756 0.7922 -0.2025
vn 0.1811 0.5120 0.8397
vn 0.3695 0.9264 0.0728
vn -0.9952 -0.0651 0.0728
vn -0.5429 -0.0140 0.8397
vn 0.2974 0.7865 0.5412
vn -0.3330 0.4584 0.8240
vn -0.5756 0.7922 0.2025
vn -0.8399 -0.0398 0.5412
vn -0.1974 0.2717 0.9419
vn -0.9954 -0.0751 -0.0598
vn -0.5774 -0.0409 -0.8155
vn -0.4431 0.3724 -0.8155
vn -0.7611 0.6458 -0.0598
vn -0.8754 -0.0620 -0.4794
vn -0.8325 0.2705 -0.4835
vn -0.5225 0.1698 -0.8356
vn -0.6718 0.5647 -0.4794
vn -0.9492 0.3084 -0.0630
vn -0.5774 -0.0409 0.8155
vn -0.9954 -0.0751 0.0598
vn -0.7611 0.6458 0.0598
vn -0.4431 0.3724 0.8155
vn -0.8754 -0.0620 0.4794
vn -0.8325 0.2705 0.4835
vn -0.9492 0.3084 0.0630
vn -0.6718 0.5647 0.4794
vn -0.5225 0.1698 0.8356
vn -0.7669 0.6377 -0.0728
vn -0.4310 0.3304 -0.8397
vn -0.1545 -0.5207 -0.8397
vn -0.2456 -0.9666 -0.0728
vn -0.6561 0.5259 -0.5412
vn -0.5388 -0.1751 -0.8240
vn -0.3194 -0.1038 -0.9419
vn -0.2217 -0.8111 -0.5412
vn -0.9313 -0.3026 -0.2025
vn -0.4310 0.3304 0.8397
vn -0.7669 0.6377 0.0728
vn -0.2456 -0.9666 0.0728
vn -0.1545 -0.5207 0.8397
vn -0.6561 0.5259 0.5412
vn -0.5388 -0.1751 0.8240
vn -0.9313 -0.3026 0.2025
vn -0.2217 -0.8111 0.5412
vn -0.3194 -0.1038 0.9419
vn -0.2362 -0.9699 -0.0598
vn -0.1396 -0.5617 -0.8155
vn -0.4911 -0.3063 -0.8155
vn -0.8494 -0.5243 -0.0598
vn -0.2115 -0.8517 -0.4794
vn -0.5145 -0.7082 -0.4835
vn -0.3229 -0.4445 -0.8356
vn -0.7447 -0.4644 -0.4794
vn -0.5866 -0.8074 -0.0630
vn -0.1396 -0.5617 0.8155
vn -0.2362 -0.9699 0.0598
vn -0.8494 -0.5243 0.0598
vn -0.4911 -0.3063 0.8155
vn -0.2115 -0.8517 0.4794
vn -0.5145 -0.7082 0.4835
vn -0.5866 -0.8074 0.0630
vn -0.7447 -0.4644 0.4794
vn -0.3229 -0.4445 0.8356
vn 0.1265 -0.2911 0.9483
vn 0.2526 -0.2896 0.9232
vn 0.3493 -0.2876 0.8918
vn 0.3986 -0.2907 0.8698
vn 0.3761 -0.3042 0.8752
vn 0.3336 -0.3336 0.8817
vn 0.2408 -0.3315 0.9122
vn 0.1868 -0.2572 0.9481
vn 0.1090 -0.1500 0.9827
vn -0.0000 -0.1507 0.9886
vn -0.0000 -0.2208 0.9753
vn -0.0000 -0.2644 0.9644
vn 0.2142 -0.4204 0.8817
vn 0.1731 -0.4517 0.8752
vn 0.1533 -0.4690 0.8698
vn 0.1656 -0.4210 0.8918
vn 0.1974 -0.3297 0.9232
vn 0.2377 -0.2103 0.9483
vn 0.2514 -0.0817 0.9644
vn 0.2100 -0.0682 0.9753
vn 0.1433 -0.0466 0.9886
vn 0.3159 0.0304 0.9483
vn 0.3535 0.1507 0.9232
vn 0.3814 0.2433 0.8918
vn 0.3997 0.2893 0.8698
vn 0.4055 0.2637 0.8752
vn 0.4204 0.2142 0.8817
vn 0.3897 0.1266 0.9122
vn 0.3023 0.0982 0.9481
vn 0.1763 0.0573 0.9827
vn 0.4660 0.0738 0.8817
vn 0.4830 0.0250 0.8752
vn 0.4934 0.0009 0.8698
vn 0.4516 0.0274 0.8918
vn 0.3745 0.0858 0.9232
vn 0.2734 0.1611 0.9483
vn 0.1554 0.2139 0.9644
vn 0.1298 0.1787 0.9753
vn 0.0886 0.1219 0.9886
vn 0.0687 0.3098 0.9483
vn -0.0341 0.3827 0.9232
vn -0.1135 0.4380 0.8918
vn -0.1516 0.4695 0.8698
vn -0.1255 0.4671 0.8752
vn -0.0738 0.4660 0.8817
vn -0.0000 0.4097 0.9122
vn -0.0000 0.3179 0.9481
vn -0.0000 0.1854 0.9827
vn 0.0738 0.4660 0.8817
vn 0.1255 0.4671 0.8752
vn 0.1516 0.4695 0.8698
vn 0.1135 0.4380 0.8918
vn 0.0341 0.3827 0.9232
vn -0.0687 0.3098 0.9483
vn -0.1554 0.2139 0.9644
vn -0.1298 0.1787 0.9753
vn -0.0886 0.1219 0.9886
vn -0.2734 0.1611 0.9483
vn -0.3745 0.0858 0.9232
vn -0.4516 0.0274 0.8918
vn -0.4934 0.0009 0.8698
vn -0.4830 0.0250 0.8752
vn -0.4660 0.0738 0.8817
vn -0.3897 0.1266 0.9122
vn -0.3023 0.0982 0.9481
vn -0.1763 0.0573 0.9827
vn -0.4204 0.2142 0.8817
vn -0.4055 0.2637 0.8752
vn -0.3997 0.2893 0.8698
vn -0.3814 0.2433 0.8918
vn -0.3535 0.1507 0.9232
vn -0.3159 0.0304 0.9483
vn -0.2514 -0.0817 0.9644
vn -0.2100 -0.0682 0.9753
vn -0.1433 -0.0466 0.9886
vn -0.2377 -0.2103 0.9483
vn -0.1974 -0.3297 0.9232
vn -0.1656 -0.4210 0.8918
vn -0.1533 -0.4690 0.8698
vn -0.1731 -0.4517 0.8752
vn -0.2142 -0.4204 0.8817
vn -0.2408 -0.3315 0.9122
vn -0.1868 -0.2572 0.9481
vn -0.1090 -0.1500 0.9827
vn -0.3336 -0.3336 0.8817
vn -0.3761 -0.3042 0.8752
vn -0.3986 -0.2907 0.8698
vn -0.3493 -0.2876 0.8918
vn -0.2526 -0.2896 0.9232
vn -0.1265 -0.2911 0.9483
vn -0.1265 -0.2911 -0.9483
vn -0.2526 -0.2896 -0.9232
vn -0.3493 -0.2876 -0.8918
vn -0.3986 -0.2907 -0.8698
vn -0.3761 -0.3042 -0.8752
vn -0.3336 -0.3336 -0.8817
vn -0.2408 -0.3315 -0.9122
vn -0.1868 -0.2572 -0.9481
vn -0.1090 -0.1500 -0.9827
vn -0.0000 -0.1507 -0.9886
vn -0.0000 -0.2208 -0.9753
vn -0.0000 -0.2644 -0.9644
vn -0.2142 -0.4204 -0.8817
vn -0.1731 -0.4517 -0.8752
vn -0.1533 -0.4690 -0.8698
vn -0.1656 -0.4210 -0.8918
vn -0.1974 -0.3297 -0.9232
vn -0.2377 -0.2103 -0.9483
vn -0.2514 -0.0817 -0.9644
vn -0.2100 -0.0682 -0.9753
vn -0.1433 -0.0466 -0.9886
vn -0.3159 0.0304 -0.9483
vn -0.3535 0.1507 -0.9232
vn -0.3814 0.2433 -0.8918
vn -0.3997 0.2893 -0.8698
vn -0.4055 0.2637 -0.8752
vn -0.4204 0.2142 -0.8817
vn -0.3897 0.1266 -0.9122
vn -0.3023 0.0982 -0.9481
vn -0.1763 0.0573 -0.9827
vn -0.4660 0.0738 -0.8817
vn -0.4830 0.0250 -0.8752
vn -0.4934 0.0009 -0.8698
vn -0.4516 0.0274 -0.8918
vn -0.3745 0.0858 -0.9232
vn -0.2734 0.1611 -0.9483
vn -0.1554 0.2139 -0.9644
vn -0.1298 0.1787 -0.9753
vn -0.0886 0.1219 -0.9886
vn -0.0687 0.3098 -0.9483
vn 0.0341 0.3827 -0.9232
vn 0.1135 0.4380 -0.8918
vn 0.1516 0.4695 -0.8698
vn 0.1255 0.4671 -0.8752
vn 0.0738 0.4660 -0.8817
vn -0.0000 0.4097 -0.9122
vn -0.0000 0.3179 -0.9481
vn -0.0000 0.1854 -0.9827
vn -0.0738 0.4660 -0.8817
vn -0.1255 0.4671 -0.8752
vn -0.1516 0.4695 -0.8698
vn -0.1135 0.4380 -0.8918
vn -0.0341 0.3827 -0.9232
vn 0.0687 0.3098 -0.9483
vn 0.1554 0.2139 -0.9644
vn 0.1298 0.1787 -0.9753
vn 0.0886 0.1219 -0.9886
vn 0.2734 0.1611 -0.9483
vn 0.3745 0.0858 -0.9232
vn 0.4516 0.0274 -0.8918
vn 0.4934 0.0009 -0.8698
vn 0.4830 0.0250 -0.8752
vn 0.4660 0.0738 -0.8817
vn 0.3897 0.1266 -0.9122
vn 0.3023 0.0982 -0.9481
vn 0.1763 0.0573 -0.9827
vn 0.4204 0.2142 -0.8817
vn 0.4055 0.2637 -0.8752
vn 0.3997 0.2893 -0.8698
vn 0.3814 0.2433 -0.8918
vn 0.3535 0.1507 -0.9232
vn 0.3159 0.0304 -0.9483
vn 0.2514 -0.0817 -0.9644
vn 0.2100 -0.0682 -0.9753
vn 0.1433 -0.0466 -0.9886
vn 0.2377 -0.2103 -0.9483
vn 0.1974 -0.3297 -0.9232
vn 0.1656 -0.4210 -0.8918
vn 0.1533 -0.4690 -0.8698
vn 0.1731 -0.4517 -0.8752
vn 0.2142 -0.4204 -0.8817
vn 0.2408 -0.3315 -0.9122
vn 0.1868 -0.2572 -0.9481
vn 0.1090 -0.1500 -0.9827
vn 0.3336 -0.3336 -0.8817
vn 0.3761 -0.3042 -0.8752
vn 0.3986 -0.2907 -0.8698
vn 0.3493 -0.2876 -0.8918
vn 0.2526 -0.2896 -0.9232
vn 0.1265 -0.2911 -0.9483
vn 0.6242 -0.4142 0.6625
vn 0.5413 -0.3627 0.7586
vn 0.4824 -0.3268 0.8127
vn 0.3876 -0.3148 0.8664
vn 0.2873 -0.3246 0.9012
vn 0.1480 -0.3332 0.9312
vn -0.0000 -0.3594 0.9332
vn -0.0000 -0.4048 0.9144
vn -0.0000 -0.4785 0.8781
vn 0.2758 -0.5518 0.7870
vn 0.5024 -0.5117 0.6969
vn 0.6347 -0.4791 0.6063
vn -0.1480 -0.3332 0.9312
vn -0.2873 -0.3246 0.9012
vn -0.3876 -0.3148 0.8664
vn -0.4824 -0.3268 0.8127
vn -0.5413 -0.3627 0.7586
vn -0.6242 -0.4142 0.6625
vn -0.6347 -0.4791 0.6063
vn -0.5024 -0.5117 0.6969
vn -0.2758 -0.5518 0.7870
vn -0.7660 -0.4976 0.4071
vn -0.8114 -0.5217 0.2636
vn -0.8345 -0.5311 0.1471
vn -0.8146 -0.5731 0.0899
vn -0.7295 -0.6729 0.1229
vn -0.4700 -0.8653 0.1744
vn -0.0000 -0.9278 0.3731
vn -0.0000 -0.8218 0.5698
vn -0.0000 -0.6830 0.7305
vn 0.4700 -0.8653 0.1744
vn 0.7295 -0.6729 0.1229
vn 0.8146 -0.5731 0.0899
vn 0.8345 -0.5311 0.1471
vn 0.8114 -0.5217 0.2636
vn 0.7660 -0.4976 0.4071
vn 0.1480 -0.3332 -0.9312
vn 0.2873 -0.3246 -0.9012
vn 0.3876 -0.3148 -0.8664
vn 0.4824 -0.3268 -0.8127
vn 0.5413 -0.3627 -0.7586
vn 0.6242 -0.4142 -0.6625
vn 0.6347 -0.4791 -0.6063
vn 0.5024 -0.5117 -0.6969
vn 0.2758 -0.5518 -0.7870
vn -0.0000 -0.4785 -0.8781
vn -0.0000 -0.4048 -0.9144
vn -0.0000 -0.3594 -0.9332
vn 0.7660 -0.4976 -0.4071
vn 0.8114 -0.5217 -0.2636
vn 0.8345 -0.5311 -0.1471
vn 0.8146 -0.5731 -0.0899
vn 0.7295 -0.6729 -0.1229
vn 0.4700 -0.8653 -0.1744
vn -0.0000 -0.9278 -0.3731
vn -0.0000 -0.8218 -0.5698
vn -0.0000 -0.6830 -0.7305
vn -0.4700 -0.8653 -0.1744
vn -0.7295 -0.6729 -0.1229
vn -0.8146 -0.5731 -0.0899
vn -0.8345 -0.5311 -0.1471
vn -0.8114 -0.5217 -0.2636
vn -0.7660 -0.4976 -0.4071
vn -0.6347 -0.4791 -0.6063
vn -0.5024 -0.5117 -0.6969
vn -0.2758 -0.5518 -0.7870
vn -0.6242 -0.4142 -0.6625
vn -0.5413 -0.3627 -0.7586
vn -0.4824 -0.3268 -0.8127
vn -0.3876 -0.3148 -0.8664
vn -0.2873 -0.3246 -0.9012
vn -0.1480 -0.3332 -0.9312
vn 0.7032 -0.7083 -0.0625
vn 0.7894 -0.6108 -0.0612
vn 0.8317 -0.5520 -0.0602
vn 0.8444 -0.5219 -0.1210
vn 0.8294 -0.5138 -0.2193
vn 0.7964 -0.4949 -0.3477
vn 0.7271 -0.4917 -0.4791
vn 0.6864 -0.5460 -0.4804
vn 0.6092 -0.6289 -0.4831
vn 0.5503 -0.7574 -0.3516
vn 0.5727 -0.7883 -0.2250
vn 0.5831 -0.8026 -0.1261
vn 0.6705 -0.4187 -0.6125
vn 0.5857 -0.3651 -0.7237
vn 0.5250 -0.3266 -0.7859
vn 0.4714 -0.3224 -0.8209
vn 0.4358 -0.3537 -0.8276
vn 0.3818 -0.3991 -0.8337
vn 0.3461 -0.4764 -0.8083
vn 0.3911 -0.5383 -0.7465
vn 0.4578 -0.6301 -0.6271
vn 0.2616 -0.4864 -0.8337
vn 0.2017 -0.5238 -0.8276
vn 0.1610 -0.5480 -0.8209
vn 0.1484 -0.6002 -0.7859
vn 0.1662 -0.6698 -0.7237
vn 0.1910 -0.7671 -0.6125
vn 0.2430 -0.8435 -0.4791
vn 0.3072 -0.8215 -0.4804
vn 0.4099 -0.7737 -0.4831
vn 0.2245 -0.9103 -0.3477
vn 0.2323 -0.9476 -0.2193
vn 0.2354 -0.9643 -0.1210
vn 0.2680 -0.9615 -0.0602
vn 0.3370 -0.9395 -0.0612
vn 0.4563 -0.8876 -0.0625
vn 0.7964 -0.4949 0.3477
vn 0.8294 -0.5138 0.2193
vn 0.8444 -0.5219 0.1210
vn 0.8317 -0.5520 0.0602
vn 0.7894 -0.6108 0.0612
vn 0.7032 -0.7083 0.0625
vn 0.5831 -0.8026 0.1261
vn 0.5727 -0.7883 0.2251
vn 0.5503 -0.7574 0.3516
vn 0.6092 -0.6289 0.4831
vn 0.6864 -0.5460 0.4804
vn 0.7271 -0.4917 0.4791
vn 0.4563 -0.8876 0.0625
vn 0.3370 -0.9395 0.0612
vn 0.2680 -0.9615 0.0602
vn 0.2354 -0.9643 0.1210
vn 0.2323 -0.9476 0.2193
vn 0.2245 -0.9103 0.3477
vn 0.2430 -0.8435 0.4791
vn 0.3072 -0.8215 0.4804
vn 0.4099 -0.7737 0.4831
vn 0.1910 -0.7671 0.6125
vn 0.1662 -0.6698 0.7237
vn 0.1484 -0.6002 0.7859
vn 0.1610 -0.5480 0.8209
vn 0.2017 -0.5238 0.8276
vn 0.2616 -0.4864 0.8337
vn 0.3461 -0.4764 0.8083
vn 0.3911 -0.5383 0.7465
vn 0.4578 -0.6301 0.6271
vn 0.3818 -0.3991 0.8337
vn 0.4358 -0.3537 0.8276
vn 0.4714 -0.3224 0.8209
vn 0.5250 -0.3266 0.7859
vn 0.5857 -0.3651 0.7237
vn 0.6705 -0.4187 0.6125
vn 0.6777 -0.7144 -0.1744
vn 0.4145 -0.9017 -0.1229
vn 0.2933 -0.9518 -0.0899
vn 0.2472 -0.9577 -0.1471
vn 0.2454 -0.9329 -0.2636
vn 0.2365 -0.8822 -0.4071
vn 0.2595 -0.7517 -0.6063
vn 0.3314 -0.6360 -0.6969
vn 0.4396 -0.4329 -0.7870
vn 0.6495 -0.2110 -0.7305
vn 0.7815 -0.2539 -0.5698
vn 0.8824 -0.2867 -0.3731
vn 0.2010 -0.7216 -0.6625
vn 0.1776 -0.6269 -0.7586
vn 0.1617 -0.5598 -0.8127
vn 0.1796 -0.4659 -0.8664
vn 0.2200 -0.3735 -0.9012
vn 0.2711 -0.2437 -0.9312
vn 0.3418 -0.1111 -0.9332
vn 0.3850 -0.1251 -0.9144
vn 0.4551 -0.1479 -0.8781
vn 0.3626 0.0378 -0.9312
vn 0.3975 0.1729 -0.9012
vn 0.4191 0.2714 -0.8664
vn 0.4598 0.3578 -0.8127
vn 0.5122 0.4028 -0.7586
vn 0.5868 0.4656 -0.6625
vn 0.6518 0.4556 -0.6063
vn 0.6419 0.3197 -0.6969
vn 0.6100 0.0918 -0.7870
vn 0.7099 0.5747 -0.4071
vn 0.7469 0.6105 -0.2636
vn 0.7629 0.6295 -0.1471
vn 0.7967 0.5976 -0.0899
vn 0.8654 0.4858 -0.1229
vn 0.9682 0.1796 -0.1744
vn 0.2365 -0.8822 0.4071
vn 0.2454 -0.9329 0.2636
vn 0.2472 -0.9577 0.1471
vn 0.2933 -0.9518 0.0899
vn 0.4145 -0.9017 0.1229
vn 0.6777 -0.7144 0.1744
vn 0.8824 -0.2867 0.3731
vn 0.7815 -0.2539 0.5698
vn 0.6495 -0.2111 0.7305
vn 0.4396 -0.4329 0.7870
vn 0.3314 -0.6360 0.6969
vn 0.2595 -0.7517 0.6063
vn 0.9682 0.1796 0.1744
vn 0.8654 0.4858 0.1229
vn 0.7967 0.5976 0.0899
vn 0.7629 0.6295 0.1471
vn 0.7469 0.6105 0.2636
vn 0.7099 0.5747 0.4071
vn 0.6518 0.4556 0.6063
vn 0.6419 0.3197 0.6970
vn 0.6100 0.0918 0.7870
vn 0.5868 0.4656 0.6625
vn 0.5122 0.4028 0.7586
vn 0.4598 0.3578 0.8127
vn 0.4191 0.2714 0.8664
vn 0.3975 0.1729 0.9012
vn 0.3626 0.0378 0.9312
vn 0.3418 -0.1111 0.9332
vn 0.3850 -0.1251 0.9144
vn 0.4551 -0.1479 0.8781
vn 0.2711 -0.2437 0.9312
vn 0.2200 -0.3735 0.9012
vn 0.1796 -0.4659 0.8664
vn 0.1617 -0.5598 0.8127
vn 0.1776 -0.6269 0.7586
vn 0.2010 -0.7216 0.6625
vn 0.8909 0.4499 -0.0625
vn 0.8249 0.5620 -0.0612
vn 0.7820 0.6204 -0.0602
vn 0.7573 0.6418 -0.1210
vn 0.7449 0.6301 -0.2193
vn 0.7167 0.6045 -0.3477
vn 0.6923 0.5396 -0.4791
vn 0.7314 0.4841 -0.4804
vn 0.7864 0.3850 -0.4831
vn 0.8903 0.2893 -0.3516
vn 0.9267 0.3011 -0.2251
vn 0.9435 0.3066 -0.1261
vn 0.6054 0.5083 -0.6125
vn 0.5282 0.4442 -0.7237
vn 0.4729 0.3984 -0.7859
vn 0.4523 0.3487 -0.8209
vn 0.4711 0.3052 -0.8276
vn 0.4975 0.2397 -0.8337
vn 0.5600 0.1820 -0.8083
vn 0.6328 0.2056 -0.7465
vn 0.7408 0.2407 -0.6271
vn 0.5434 0.0985 -0.8337
vn 0.5605 0.0300 -0.8276
vn 0.5709 -0.0163 -0.8209
vn 0.6167 -0.0444 -0.7859
vn 0.6884 -0.0489 -0.7237
vn 0.7886 -0.0554 -0.6125
vn 0.8773 -0.0296 -0.4791
vn 0.8762 0.0383 -0.4804
vn 0.8625 0.1508 -0.4831
vn 0.9352 -0.0678 -0.3477
vn 0.9730 -0.0719 -0.2193
vn 0.9899 -0.0741 -0.1210
vn 0.9973 -0.0422 -0.0602
vn 0.9977 0.0301 -0.0612
vn 0.9852 0.1597 -0.0625
vn 0.7167 0.6045 0.3477
vn 0.7449 0.6301 0.2193
vn 0.7573 0.6418 0.1210
vn 0.7820 0.6204 0.0602
vn 0.8249 0.5620 0.0612
vn 0.8909 0.4499 0.0625
vn 0.9435 0.3066 0.1261
vn 0.9267 0.3011 0.2251
vn 0.8903 0.2893 0.3516
vn 0.7864 0.3850 0.4831
vn 0.7314 0.4841 0.4804
vn 0.6923 0.5396 0.4791
vn 0.9852 0.1597 0.0625
vn 0.9977 0.0301 0.0612
vn 0.9973 -0.0422 0.0602
vn 0.9899 -0.0741 0.1210
vn 0.9730 -0.0719 0.2193
vn 0.9352 -0.0678 0.3477
vn 0.8773 -0.0296 0.4791
vn 0.8762 0.0383 0.4804
vn 0.8625 0.1508 0.4831
vn 0.7886 -0.0554 0.6125
vn 0.6884 -0.0489 0.7237
vn 0.6167 -0.0444 0.7859
vn 0.5709 -0.0163 0.8209
vn 0.5605 0.0300 0.8276
vn 0.5434 0.0985 0.8337
vn 0.5600 0.1820 0.8083
vn 0.6328 0.2056 0.7465
vn 0.7408 0.2407 0.6271
vn 0.4975 0.2397 0.8337
vn 0.4711 0.3052 0.8276
vn 0.4523 0.3487 0.8209
vn 0.4729 0.3984 0.7859
vn 0.5282 0.4442 0.7237
vn 0.6054 0.5083 0.6125
vn 0.8888 0.4237 -0.1744
vn 0.9857 0.1156 -0.1229
vn 0.9958 -0.0151 -0.0899
vn 0.9872 -0.0608 -0.1471
vn 0.9631 -0.0549 -0.2636
vn 0.9121 -0.0477 -0.4071
vn 0.7951 0.0145 -0.6063
vn 0.7072 0.1186 -0.6970
vn 0.5475 0.2843 -0.7870
vn 0.4014 0.5525 -0.7305
vn 0.4830 0.6648 -0.5698
vn 0.5454 0.7506 -0.3731
vn 0.7484 -0.0318 -0.6625
vn 0.6511 -0.0248 -0.7586
vn 0.5823 -0.0192 -0.8127
vn 0.4986 0.0268 -0.8664
vn 0.4232 0.0938 -0.9012
vn 0.3155 0.1825 -0.9312
vn 0.2112 0.2907 -0.9332
vn 0.2379 0.3275 -0.9144
vn 0.2812 0.3871 -0.8781
vn 0.0761 0.3565 -0.9312
vn -0.0416 0.4315 -0.9012
vn -0.1286 0.4825 -0.8664
vn -0.1982 0.5479 -0.8127
vn -0.2248 0.6116 -0.7586
vn -0.2615 0.7020 -0.6625
vn -0.2319 0.7607 -0.6063
vn -0.1057 0.7093 -0.6970
vn 0.1012 0.6086 -0.7870
vn -0.3272 0.8528 -0.4071
vn -0.3498 0.8990 -0.2636
vn -0.3629 0.9201 -0.1471
vn -0.3221 0.9424 -0.0899
vn -0.1946 0.9731 -0.1229
vn 0.1283 0.9763 -0.1744
vn 0.9121 -0.0477 0.4071
vn 0.9631 -0.0549 0.2636
vn 0.9872 -0.0608 0.1471
vn 0.9958 -0.0151 0.0899
vn 0.9857 0.1156 0.1229
vn 0.8888 0.4237 0.1744
vn 0.5454 0.7506 0.3731
vn 0.4830 0.6648 0.5698
vn 0.4014 0.5525 0.7305
vn 0.5475 0.2843 0.7870
vn 0.7072 0.1186 0.6970
vn 0.7951 0.0145 0.6063
vn 0.1283 0.9763 0.1744
vn -0.1946 0.9731 0.1229
vn -0.3221 0.9424 0.0899
vn -0.3629 0.9201 0.1471
vn -0.3498 0.8990 0.2636
vn -0.3272 0.8528 0.4071
vn -0.2319 0.7607 0.6063
vn -0.1057 0.7093 0.6969
vn 0.1012 0.6086 0.7870
vn -0.2615 0.7020 0.6625
vn -0.2248 0.6116 0.7586
vn -0.1982 0.5479 0.8127
vn -0.1286 0.4825 0.8664
vn -0.0416 0.4315 0.9012
vn 0.0761 0.3565 0.9312
vn 0.2112 0.2907 0.9332
vn 0.2379 0.3275 0.9144
vn 0.2812 0.3871 0.8781
vn 0.3155 0.1825 0.9312
vn 0.4232 0.0938 0.9012
vn 0.4986 0.0268 0.8664
vn 0.5823 -0.0192 0.8127
vn 0.6511 -0.0248 0.7586
vn 0.7484 -0.0318 0.6625
vn -0.1525 0.9863 -0.0625
vn -0.2796 0.9582 -0.0612
vn -0.3484 0.9354 -0.0602
vn -0.3763 0.9185 -0.1210
vn -0.3690 0.9032 -0.2193
vn -0.3534 0.8685 -0.3477
vn -0.2992 0.8252 -0.4791
vn -0.2343 0.8452 -0.4804
vn -0.1231 0.8669 -0.4831
vn -0.0000 0.9362 -0.3516
vn -0.0000 0.9743 -0.2251
vn -0.0000 0.9920 -0.1261
vn -0.2964 0.7328 -0.6125
vn -0.2592 0.6396 -0.7237
vn -0.2328 0.5728 -0.7859
vn -0.1919 0.5379 -0.8209
vn -0.1447 0.5423 -0.8276
vn -0.0743 0.5473 -0.8337
vn -0.0000 0.5888 -0.8083
vn -0.0000 0.6654 -0.7465
vn -0.0000 0.7789 -0.6271
vn 0.0743 0.5473 -0.8337
vn 0.1447 0.5423 -0.8276
vn 0.1919 0.5379 -0.8209
vn 0.2328 0.5728 -0.7859
vn 0.2592 0.6396 -0.7237
vn 0.2964 0.7328 -0.6125
vn 0.2992 0.8252 -0.4791
vn 0.2343 0.8452 -0.4804
vn 0.1231 0.8669 -0.4831
vn 0.3534 0.8684 -0.3477
vn 0.3690 0.9032 -0.2193
vn 0.3763 0.9185 -0.1210
vn 0.3484 0.9354 -0.0602
vn 0.2796 0.9582 -0.0612
vn 0.1525 0.9863 -0.0625
vn -0.0743 0.5473 0.8337
vn -0.1447 0.5423 0.8276
vn -0.1919 0.5379 0.8209
vn -0.2328 0.5728 0.7859
vn -0.2592 0.6396 0.7237
vn -0.2964 0.7328 0.6125
vn -0.2992 0.8252 0.4791
vn -0.2343 0.8452 0.4804
vn -0.1231 0.8669 0.4831
vn -0.0000 0.7789 0.6271
vn -0.0000 0.6654 0.7465
vn -0.0000 0.5888 0.8083
vn -0.3534 0.8685 0.3477
vn -0.3690 0.9032 0.2193
vn -0.3763 0.9186 0.1210
vn -0.3484 0.9354 0.0602
vn -0.2796 0.9582 0.0612
vn -0.1525 0.9863 0.0625
vn -0.0000 0.9920 0.1261
vn -0.0000 0.9743 0.2250
vn -0.0000 0.9362 0.3516
vn 0.1525 0.9863 0.0625
vn 0.2796 0.9582 0.0612
vn 0.3484 0.9354 0.0602
vn 0.3763 0.9186 0.1210
vn 0.3690 0.9032 0.2193
vn 0.3534 0.8685 0.3477
vn 0.2992 0.8252 0.4791
vn 0.2343 0.8452 0.4804
vn 0.1231 0.8669 0.4831
vn 0.2964 0.7328 0.6125
vn 0.2592 0.6396 0.7237
vn 0.2328 0.5728 0.7859
vn 0.1919 0.5379 0.8209
vn 0.1447 0.5423 0.8276
vn 0.0743 0.5473 0.8337
vn -0.1283 0.9763 -0.1744
vn 0.1946 0.9731 -0.1229
vn 0.3221 0.9424 -0.0899
vn 0.3629 0.9201 -0.1471
vn 0.3498 0.8990 -0.2636
vn 0.3272 0.8528 -0.4071
vn 0.2319 0.7607 -0.6063
vn 0.1057 0.7093 -0.6970
vn -0.1012 0.6086 -0.7870
vn -0.4014 0.5525 -0.7305
vn -0.4830 0.6648 -0.5698
vn -0.5453 0.7506 -0.3731
vn 0.2615 0.7020 -0.6625
vn 0.2248 0.6116 -0.7586
vn 0.1982 0.5479 -0.8127
vn 0.1286 0.4825 -0.8664
vn 0.0416 0.4315 -0.9012
vn -0.0761 0.3565 -0.9312
vn -0.2112 0.2907 -0.9332
vn -0.2379 0.3275 -0.9144
vn -0.2812 0.3871 -0.8781
vn -0.3155 0.1825 -0.9312
vn -0.4232 0.0938 -0.9012
vn -0.4986 0.0268 -0.8664
vn -0.5823 -0.0192 -0.8127
vn -0.6511 -0.0248 -0.7586
vn -0.7484 -0.0318 -0.6625
vn -0.7951 0.0145 -0.6063
vn -0.7072 0.1186 -0.6970
vn -0.5475 0.2843 -0.7870
vn -0.9121 -0.0477 -0.4071
vn -0.9631 -0.0549 -0.2636
vn -0.9872 -0.0608 -0.1471
vn -0.9958 -0.0151 -0.0899
vn -0.9857 0.1156 -0.1229
vn -0.8888 0.4237 -0.1744
vn -0.0761 0.3565 0.9312
vn 0.0416 0.4315 0.9012
vn 0.1286 0.4825 0.8664
vn 0.1982 0.5479 0.8127
vn 0.2248 0.6116 0.7586
vn 0.2615 0.7020 0.6625
vn 0.2319 0.7607 0.6063
vn 0.1057 0.7093 0.6969
vn -0.1012 0.6086 0.7870
vn -0.2812 0.3871 0.8781
vn -0.2379 0.3275 0.9144
vn -0.2112 0.2907 0.9332
vn 0.3272 0.8528 0.4071
vn 0.3498 0.8990 0.2636
vn 0.3629 0.9201 0.1471
vn 0.3221 0.9424 0.0899
vn 0.1946 0.9731 0.1229
vn -0.1283 0.9763 0.1744
vn -0.5454 0.7506 0.3731
vn -0.4830 0.6648 0.5698
vn -0.4014 0.5525 0.7305
vn -0.8888 0.4237 0.1744
vn -0.9857 0.1156 0.1229
vn -0.9958 -0.0151 0.0899
vn -0.9872 -0.0608 0.1471
vn -0.9631 -0.0549 0.2636
vn -0.9121 -0.0477 0.4071
vn -0.7951 0.0145 0.6063
vn -0.7072 0.1186 0.6970
vn -0.5475 0.2843 0.7870
vn -0.7484 -0.0318 0.6625
vn -0.6511 -0.0248 0.7586
vn -0.5823 -0.0192 0.8127
vn -0.4986 0.0268 0.8664
vn -0.4232 0.0938 0.9012
vn -0.3155 0.1825 0.9312
vn -0.9852 0.1597 -0.0625
vn -0.9977 0.0301 -0.0612
vn -0.9973 -0.0422 -0.0602
vn -0.9899 -0.0741 -0.1210
vn -0.9730 -0.0719 -0.2193
vn -0.9352 -0.0678 -0.3477
vn -0.8773 -0.0296 -0.4791
vn -0.8762 0.0383 -0.4804
vn -0.8625 0.1508 -0.4831
vn -0.8903 0.2893 -0.3516
vn -0.9267 0.3011 -0.2251
vn -0.9435 0.3066 -0.1261
vn -0.7886 -0.0554 -0.6125
vn -0.6884 -0.0489 -0.7237
vn -0.6167 -0.0444 -0.7859
vn -0.5709 -0.0163 -0.8209
vn -0.5605 0.0300 -0.8276
vn -0.5434 0.0985 -0.8337
vn -0.5600 0.1820 -0.8083
vn -0.6328 0.2056 -0.7465
vn -0.7408 0.2407 -0.6271
vn -0.4975 0.2397 -0.8337
vn -0.4711 0.3052 -0.8276
vn -0.4523 0.3487 -0.8209
vn -0.4729 0.3984 -0.7859
vn -0.5282 0.4442 -0.7237
vn -0.6054 0.5083 -0.6125
vn -0.6923 0.5396 -0.4791
vn -0.7314 0.4841 -0.4804
vn -0.7864 0.3850 -0.4831
vn -0.7167 0.6045 -0.3477
vn -0.7449 0.6301 -0.2193
vn -0.7573 0.6418 -0.1210
vn -0.7820 0.6204 -0.0602
vn -0.8249 0.5620 -0.0612
vn -0.8909 0.4499 -0.0625
vn -0.5434 0.0985 0.8337
vn -0.5605 0.0300 0.8276
vn -0.5709 -0.0163 0.8209
vn -0.6167 -0.0444 0.7859
vn -0.6884 -0.0489 0.7237
vn -0.7886 -0.0554 0.6125
vn -0.8773 -0.0296 0.4791
vn -0.8762 0.0383 0.4804
vn -0.8625 0.1508 0.4831
vn -0.7408 0.2407 0.6271
vn -0.6328 0.2056 0.7465
vn -0.5600 0.1820 0.8083
vn -0.9352 -0.0678 0.3477
vn -0.9730 -0.0719 0.2193
vn -0.9899 -0.0741 0.1210
vn -0.9973 -0.0422 0.0602
vn -0.9977 0.0301 0.0612
vn -0.9852 0.1597 0.0625
vn -0.9435 0.3066 0.1261
vn -0.9267 0.3011 0.2251
vn -0.8903 0.2893 0.3516
vn -0.8909 0.4499 0.0625
vn -0.8249 0.5620 0.0612
vn -0.7820 0.6204 0.0602
vn -0.7573 0.6418 0.1210
vn -0.7449 0.6301 0.2193
vn -0.7167 0.6045 0.3477
vn -0.6923 0.5396 0.4791
vn -0.7314 0.4841 0.4804
vn -0.7864 0.3850 0.4831
vn -0.6054 0.5083 0.6125
vn -0.5282 0.4442 0.7237
vn -0.4729 0.3984 0.7859
vn -0.4523 0.3487 0.8209
vn -0.4711 0.3052 0.8276
vn -0.4975 0.2397 0.8337
vn -0.9682 0.1796 -0.1744
vn -0.8654 0.4858 -0.1229
vn -0.7967 0.5976 -0.0899
vn -0.7629 0.6295 -0.1471
vn -0.7469 0.6105 -0.2636
vn -0.7099 0.5747 -0.4071
vn -0.6518 0.4556 -0.6063
vn -0.6419 0.3197 -0.6970
vn -0.6100 0.0918 -0.7870
vn -0.6495 -0.2111 -0.7305
vn -0.7815 -0.2539 -0.5698
vn -0.8824 -0.2867 -0.3731
vn -0.5868 0.4656 -0.6625
vn -0.5122 0.4028 -0.7586
vn -0.4598 0.3578 -0.8127
vn -0.4191 0.2714 -0.8664
vn -0.3975 0.1729 -0.9012
vn -0.3626 0.0378 -0.9312
vn -0.3418 -0.1111 -0.9332
vn -0.3850 -0.1251 -0.9144
vn -0.4551 -0.1479 -0.8781
vn -0.2711 -0.2437 -0.9312
vn -0.2200 -0.3735 -0.9012
vn -0.1796 -0.4659 -0.8664
vn -0.1617 -0.5598 -0.8127
vn -0.1776 -0.6269 -0.7586
vn -0.2010 -0.7216 -0.6625
vn -0.2595 -0.7517 -0.6063
vn -0.3314 -0.6360 -0.6969
vn -0.4396 -0.4329 -0.7870
vn -0.2365 -0.8822 -0.4071
vn -0.2454 -0.9329 -0.2636
vn -0.2472 -0.9577 -0.1471
vn -0.2933 -0.9518 -0.0899
vn -0.4145 -0.9017 -0.1229
vn -0.6777 -0.7144 -0.1744
vn -0.3626 0.0378 0.9312
vn -0.3975 0.1729 0.9012
vn -0.4191 0.2714 0.8664
vn -0.4598 0.3578 0.8127
vn -0.5122 0.4028 0.7586
vn -0.5868 0.4656 0.6625
vn -0.6518 0.4556 0.6063
vn -0.6419 0.3197 0.6969
vn -0.6100 0.0918 0.7870
vn -0.4551 -0.1479 0.8781
vn -0.3850 -0.1251 0.9144
vn -0.3418 -0.1111 0.9332
vn -0.7099 0.5747 0.4071
vn -0.7469 0.6105 0.2636
vn -0.7629 0.6295 0.1471
vn -0.7967 0.5976 0.0899
vn -0.8654 0.4858 0.1229
vn -0.9682 0.1796 0.1744
vn -0.8824 -0.2867 0.3731
vn -0.7815 -0.2539 0.5698
vn -0.6495 -0.2110 0.7305
vn -0.6777 -0.7144 0.1744
vn -0.4145 -0.9017 0.1229
vn -0.2933 -0.9518 0.0899
vn -0.2472 -0.9577 0.1471
vn -0.2454 -0.9329 0.2636
vn -0.2365 -0.8822 0.4071
vn -0.2595 -0.7517 0.6063
vn -0.3314 -0.6360 0.6970
vn -0.4396 -0.4329 0.7870
vn -0.2010 -0.7216 0.6625
vn -0.1776 -0.6269 0.7586
vn -0.1617 -0.5598 0.8127
vn -0.1796 -0.4659 0.8664
vn -0.2200 -0.3735 0.9012
vn -0.2711 -0.2437 0.9312
vn -0.4563 -0.8876 -0.0625
vn -0.3370 -0.9395 -0.0612
vn -0.2680 -0.9615 -0.0602
vn -0.2354 -0.9643 -0.1210
vn -0.2323 -0.9476 -0.2193
vn -0.2245 -0.9103 -0.3477
vn -0.2430 -0.8435 -0.4791
vn -0.3072 -0.8215 -0.4804
vn -0.4099 -0.7737 -0.4831
vn -0.5503 -0.7574 -0.3516
vn -0.5727 -0.7883 -0.2251
vn -0.5831 -0.8026 -0.1261
vn -0.1910 -0.7671 -0.6125
vn -0.1662 -0.6698 -0.7237
vn -0.1484 -0.6002 -0.7859
vn -0.1610 -0.5480 -0.8209
vn -0.2017 -0.5238 -0.8276
vn -0.2616 -0.4864 -0.8337
vn -0.3461 -0.4764 -0.8083
vn -0.3911 -0.5383 -0.7465
vn -0.4578 -0.6301 -0.6271
vn -0.3818 -0.3991 -0.8337
vn -0.4358 -0.3537 -0.8276
vn -0.4714 -0.3224 -0.8209
vn -0.5250 -0.3266 -0.7859
vn -0.5857 -0.3651 -0.7237
vn -0.6705 -0.4187 -0.6125
vn -0.7271 -0.4917 -0.4791
vn -0.6864 -0.5460 -0.4804
vn -0.6092 -0.6289 -0.4831
vn -0.7964 -0.4949 -0.3477
vn -0.8294 -0.5138 -0.2193
vn -0.8444 -0.5219 -0.1210
vn -0.8317 -0.5520 -0.0602
vn -0.7894 -0.6108 -0.0612
vn -0.7032 -0.7083 -0.0625
vn -0.2616 -0.4864 0.8337
vn -0.2017 -0.5238 0.8276
vn -0.1610 -0.5480 0.8209
vn -0.1484 -0.6002 0.7859
vn -0.1662 -0.6698 0.7237
vn -0.1910 -0.7671 0.6125
vn -0.2430 -0.8435 0.4791
vn -0.3072 -0.8215 0.4804
vn -0.4099 -0.7737 0.4831
vn -0.4578 -0.6301 0.6271
vn -0.3911 -0.5383 0.7465
vn -0.3461 -0.4764 0.8083
vn -0.2245 -0.9103 0.3477
vn -0.2323 -0.9476 0.2193
vn -0.2354 -0.9643 0.1210
vn -0.2680 -0.9615 0.0602
vn -0.3370 -0.9395 0.0612
vn -0.4563 -0.8876 0.0625
vn -0.5831 -0.8026 0.1261
vn -0.5727 -0.7883 0.2250
vn -0.5503 -0.7574 0.3516
vn -0.7032 -0.7083 0.0625
vn -0.7894 -0.6108 0.0612
vn -0.8317 -0.5520 0.0602
vn -0.8444 -0.5219 0.1210
vn -0.8294 -0.5138 0.2193
vn -0.7964 -0.4949 0.3477
vn -0.7271 -0.4917 0.4791
vn -0.6864 -0.5460 0.4804
vn -0.6092 -0.6289 0.4831
vn -0.6705 -0.4187 0.6125
vn -0.5857 -0.3651 0.7237
vn -0.5250 -0.3266 0.7859
vn -0.4714 -0.3224 0.8209
vn -0.4358 -0.3537 0.8276
vn -0.3818 -0.3991 0.8337
vn -0.4259 -0.2988 -0.8540
vn -0.4137 -0.2932 -0.8619
vn -0.4119 -0.2879 -0.8645
vn -0.0000 -0.3061 -0.9520
vn -0.0000 -0.3153 -0.9490
vn -0.0000 -0.3235 -0.9462
vn 0.4119 -0.2879 -0.8645
vn 0.4137 -0.2932 -0.8619
vn 0.4259 -0.2988 -0.8540
vn -0.4119 -0.2879 0.8645
vn -0.4137 -0.2932 0.8619
vn -0.4259 -0.2988 0.8540
vn -0.0000 -0.3235 0.9462
vn -0.0000 -0.3153 0.9490
vn -0.0000 -0.3061 0.9520
vn 0.4259 -0.2988 0.8540
vn 0.4137 -0.2932 0.8619
vn 0.4119 -0.2879 0.8645
vn -0.8466 -0.5314 0.0295
vn -0.8474 -0.5309 -0.0000
vn -0.8466 -0.5314 -0.0295
vn -0.0000 -0.9964 -0.0849
vn -0.0000 -1.0000 -0.0000
vn -0.0000 -0.9964 0.0849
vn 0.8466 -0.5314 -0.0295
vn 0.8474 -0.5309 -0.0000
vn 0.8466 -0.5314 0.0295
vn -0.4721 -0.2972 0.8299
vn -0.4582 -0.2927 0.8393
vn -0.4411 -0.2892 0.8496
vn -0.2915 -0.4012 0.8684
vn -0.3019 -0.4155 0.8580
vn -0.3108 -0.4277 0.8488
vn -0.1387 -0.5088 0.8496
vn -0.1367 -0.5263 0.8393
vn -0.1368 -0.5409 0.8299
vn 0.2362 -0.9714 -0.0243
vn 0.2362 -0.9717 -0.0000
vn 0.2362 -0.9714 0.0243
vn 0.5876 -0.8088 0.0256
vn 0.5878 -0.8090 -0.0000
vn 0.5876 -0.8088 -0.0256
vn 0.8509 -0.5248 0.0243
vn 0.8512 -0.5249 -0.0000
vn 0.8509 -0.5248 -0.0243
vn -0.1525 -0.4974 0.8540
vn -0.1510 -0.4841 0.8619
vn -0.1465 -0.4807 0.8645
vn -0.2911 -0.0946 0.9520
vn -0.2998 -0.0974 0.9490
vn -0.3077 -0.1000 0.9462
vn -0.4011 0.3028 0.8645
vn -0.4067 0.3029 0.8619
vn -0.4158 0.3128 0.8540
vn 0.7670 0.6410 -0.0295
vn 0.7668 0.6419 -0.0000
vn 0.7670 0.6410 0.0295
vn 0.9476 -0.3079 0.0849
vn 0.9511 -0.3090 -0.0000
vn 0.9476 -0.3079 -0.0849
vn 0.2438 -0.9694 0.0295
vn 0.2431 -0.9700 -0.0000
vn 0.2438 -0.9694 -0.0295
vn -0.4286 0.3572 0.8299
vn -0.4200 0.3454 0.8393
vn -0.4113 0.3301 0.8496
vn -0.4716 0.1532 0.8684
vn -0.4884 0.1587 0.8580
vn -0.5028 0.1634 0.8488
vn -0.5268 -0.0253 0.8496
vn -0.5428 -0.0326 0.8393
vn -0.5567 -0.0370 0.8299
vn 0.9968 -0.0755 -0.0243
vn 0.9971 -0.0757 -0.0000
vn 0.9968 -0.0755 0.0243
vn 0.9507 0.3089 0.0256
vn 0.9511 0.3090 -0.0000
vn 0.9507 0.3089 -0.0256
vn 0.7621 0.6470 0.0243
vn 0.7622 0.6473 -0.0000
vn 0.7621 0.6470 -0.0243
vn -0.5202 -0.0087 0.8540
vn -0.5071 -0.0060 0.8619
vn -0.5025 -0.0092 0.8645
vn -0.1799 0.2476 0.9520
vn -0.1853 0.2551 0.9490
vn -0.1902 0.2617 0.9462
vn 0.1640 0.4750 0.8645
vn 0.1624 0.4804 0.8619
vn 0.1690 0.4921 0.8540
vn -0.3726 0.9275 -0.0295
vn -0.3735 0.9276 -0.0000
vn -0.3726 0.9275 0.0295
vn 0.5857 0.8061 0.0849
vn 0.5878 0.8090 -0.0000
vn 0.5857 0.8061 -0.0849
vn 0.9973 -0.0677 0.0295
vn 0.9976 -0.0686 -0.0000
vn 0.9973 -0.0677 -0.0295
vn 0.2072 0.5180 0.8299
vn 0.1987 0.5061 0.8393
vn 0.1869 0.4932 0.8496
vn -0.0000 0.4959 0.8684
vn -0.0000 0.5136 0.8580
vn -0.0000 0.5287 0.8488
vn -0.1869 0.4932 0.8496
vn -0.1987 0.5061 0.8393
vn -0.2072 0.5180 0.8299
vn 0.3799 0.9247 -0.0243
vn 0.3801 0.9250 -0.0000
vn 0.3799 0.9247 0.0243
vn -0.0000 0.9997 0.0256
vn -0.0000 1.0000 -0.0000
vn -0.0000 0.9997 -0.0256
vn -0.3799 0.9247 0.0243
vn -0.3801 0.9250 -0.0000
vn -0.3799 0.9247 -0.0243
vn -0.1690 0.4921 0.8540
vn -0.1624 0.4804 0.8619
vn -0.1640 0.4750 0.8645
vn 0.1799 0.2476 0.9520
vn 0.1853 0.2551 0.9490
vn 0.1902 0.2617 0.9462
vn 0.5025 -0.0092 0.8645
vn 0.5071 -0.0060 0.8619
vn 0.5202 -0.0087 0.8540
vn -0.9973 -0.0677 -0.0295
vn -0.9976 -0.0686 -0.0000
vn -0.9973 -0.0677 0.0295
vn -0.5857 0.8061 0.0849
vn -0.5878 0.8090 -0.0000
vn -0.5857 0.8061 -0.0849
vn 0.3726 0.9275 0.0295
vn 0.3735 0.9276 -0.0000
vn 0.3726 0.9275 -0.0295
vn 0.5567 -0.0370 0.8299
vn 0.5428 -0.0326 0.8393
vn 0.5268 -0.0253 0.8496
vn 0.4716 0.1532 0.8684
vn 0.4884 0.1587 0.8580
vn 0.5028 0.1634 0.8488
vn 0.4113 0.3301 0.8496
vn 0.4200 0.3454 0.8393
vn 0.4286 0.3572 0.8299
vn -0.7621 0.6470 -0.0243
vn -0.7622 0.6473 -0.0000
vn -0.7621 0.6470 0.0243
vn -0.9507 0.3089 0.0256
vn -0.9511 0.3090 -0.0000
vn -0.9507 0.3089 -0.0256
vn -0.9968 -0.0755 0.0243
vn -0.9971 -0.0757 -0.0000
vn -0.9968 -0.0755 -0.0243
vn 0.4158 0.3128 0.8540
vn 0.4067 0.3029 0.8619
vn 0.4011 0.3028 0.8645
vn 0.2911 -0.0946 0.9520
vn 0.2998 -0.0974 0.9490
vn 0.3077 -0.1000 0.9462
vn 0.1465 -0.4807 0.8645
vn 0.1510 -0.4841 0.8619
vn 0.1525 -0.4974 0.8540
vn -0.2438 -0.9694 -0.0295
vn -0.2431 -0.9700 -0.0000
vn -0.2438 -0.9694 0.0295
vn -0.9476 -0.3079 0.0849
vn -0.9511 -0.3090 -0.0000
vn -0.9476 -0.3079 -0.0849
vn -0.7670 0.6410 0.0295
vn -0.7668 0.6419 -0.0000
vn -0.7670 0.6410 -0.0295
vn 0.1368 -0.5409 0.8299
vn 0.1367 -0.5263 0.8393
vn 0.1387 -0.5088 0.8496
vn 0.2915 -0.4012 0.8684
vn 0.3019 -0.4155 0.8580
vn 0.3108 -0.4277 0.8488
vn 0.4411 -0.2892 0.8496
vn 0.4582 -0.2927 0.8393
vn 0.4721 -0.2972 0.8299
vn -0.8509 -0.5248 -0.0243
vn -0.8512 -0.5249 -0.0000
vn -0.8509 -0.5248 0.0243
vn -0.5876 -0.8088 0.0256
vn -0.5878 -0.8090 -0.0000
vn -0.5876 -0.8088 -0.0256
vn -0.2362 -0.9714 0.0243
vn -0.2362 -0.9717 -0.0000
vn -0.2362 -0.9714 -0.0243
vn -0.8560 -0.5134 0.0598
vn -0.8571 -0.5116 0.0610
vn -0.8540 -0.5162 0.0645
vn -0.7353 -0.4534 0.5037
vn -0.7482 -0.4512 0.4864
vn -0.7507 -0.4535 0.4804
vn -0.4796 -0.3047 0.8229
vn -0.4958 -0.3032 0.8138
vn -0.4996 -0.3018 0.8120
vn -0.4996 -0.3018 -0.8120
vn -0.4958 -0.3032 -0.8138
vn -0.4796 -0.3047 -0.8229
vn -0.7353 -0.4534 -0.5037
vn -0.7482 -0.4512 -0.4864
vn -0.7507 -0.4535 -0.4804
vn -0.8540 -0.5162 -0.0645
vn -0.8571 -0.5116 -0.0610
vn -0.8560 -0.5134 -0.0598
vn -0.2271 -0.9717 0.0645
vn -0.2217 -0.9732 0.0610
vn -0.2238 -0.9728 0.0599
vn -0.1993 -0.8541 0.4804
vn -0.1980 -0.8510 0.4864
vn -0.2040 -0.8394 0.5037
vn -0.1326 -0.5684 0.8120
vn -0.1351 -0.5652 0.8138
vn -0.1415 -0.5503 0.8229
vn -0.1415 -0.5503 -0.8229
vn -0.1351 -0.5652 -0.8138
vn -0.1326 -0.5684 -0.8120
vn -0.1993 -0.8541 -0.4804
vn -0.1980 -0.8510 -0.4864
vn -0.2040 -0.8394 -0.5037
vn -0.2238 -0.9728 -0.0599
vn -0.2217 -0.9732 -0.0610
vn -0.2271 -0.9717 -0.0645
vn -0.7528 0.6555 0.0599
vn -0.7514 0.6571 0.0610
vn -0.7549 0.6527 0.0645
vn -0.6585 0.5592 0.5037
vn -0.6604 0.5721 0.4864
vn -0.6633 0.5738 0.4804
vn -0.4380 0.3620 0.8229
vn -0.4416 0.3779 0.8138
vn -0.4414 0.3819 0.8120
vn -0.4414 0.3819 -0.8120
vn -0.4416 0.3779 -0.8138
vn -0.4380 0.3620 -0.8229
vn -0.6585 0.5592 -0.5037
vn -0.6604 0.5721 -0.4864
vn -0.6633 0.5738 -0.4804
vn -0.7549 0.6527 -0.0645
vn -0.7514 0.6571 -0.0610
vn -0.7528 0.6555 -0.0599
vn -0.9944 -0.0843 0.0645
vn -0.9941 -0.0899 0.0610
vn -0.9943 -0.0878 0.0599
vn -0.8739 -0.0744 0.4804
vn -0.8705 -0.0747 0.4864
vn -0.8614 -0.0653 0.5037
vn -0.5815 -0.0495 0.8120
vn -0.5793 -0.0461 0.8138
vn -0.5671 -0.0354 0.8229
vn -0.5671 -0.0354 -0.8229
vn -0.5793 -0.0461 -0.8138
vn -0.5815 -0.0495 -0.8120
vn -0.8739 -0.0744 -0.4804
vn -0.8705 -0.0747 -0.4864
vn -0.8614 -0.0653 -0.5037
vn -0.9943 -0.0878 -0.0599
vn -0.9941 -0.0899 -0.0610
vn -0.9944 -0.0843 -0.0645
vn 0.3908 0.9185 0.0599
vn 0.3927 0.9176 0.0610
vn 0.3875 0.9196 0.0645
vn 0.3283 0.7990 0.5037
vn 0.3400 0.8048 0.4864
vn 0.3408 0.8081 0.4804
vn 0.2090 0.5284 0.8229
vn 0.2229 0.5367 0.8138
vn 0.2268 0.5378 0.8120
vn 0.2268 0.5378 -0.8120
vn 0.2229 0.5367 -0.8138
vn 0.2090 0.5284 -0.8229
vn 0.3283 0.7990 -0.5037
vn 0.3400 0.8048 -0.4864
vn 0.3408 0.8081 -0.4804
vn 0.3875 0.9196 -0.0645
vn 0.3927 0.9176 -0.0610
vn 0.3908 0.9185 -0.0598
vn -0.3875 0.9196 0.0645
vn -0.3927 0.9176 0.0610
vn -0.3908 0.9185 0.0599
vn -0.3408 0.8081 0.4804
vn -0.3400 0.8048 0.4864
vn -0.3283 0.7990 0.5037
vn -0.2268 0.5378 0.8120
vn -0.2229 0.5367 0.8138
vn -0.2090 0.5284 0.8229
vn -0.2090 0.5284 -0.8229
vn -0.2229 0.5367 -0.8138
vn -0.2268 0.5378 -0.8120
vn -0.3408 0.8081 -0.4804
vn -0.3400 0.8048 -0.4864
vn -0.3283 0.7990 -0.5037
vn -0.3908 0.9185 -0.0599
vn -0.3927 0.9176 -0.0610
vn -0.3875 0.9196 -0.0645
vn 0.9943 -0.0878 0.0599
vn 0.9941 -0.0899 0.0610
vn 0.9944 -0.0843 0.0645
vn 0.8614 -0.0653 0.5037
vn 0.8705 -0.0747 0.4864
vn 0.8739 -0.0744 0.4804
vn 0.5671 -0.0354 0.8229
vn 0.5793 -0.0461 0.8138
vn 0.5815 -0.0495 0.8120
vn 0.5815 -0.0495 -0.8120
vn 0.5793 -0.0461 -0.8138
vn 0.5671 -0.0354 -0.8229
vn 0.8614 -0.0653 -0.5037
vn 0.8705 -0.0747 -0.4864
vn 0.8739 -0.0744 -0.4804
vn 0.9944 -0.0843 -0.0645
vn 0.9941 -0.0899 -0.0610
vn 0.9943 -0.0878 -0.0599
vn 0.7549 0.6527 0.0645
vn 0.7514 0.6571 0.0610
vn 0.7528 0.6555 0.0599
vn 0.6633 0.5738 0.4804
vn 0.6604 0.5721 0.4864
vn 0.6585 0.5592 0.5037
vn 0.4414 0.3819 0.8120
vn 0.4416 0.3779 0.8138
vn 0.4380 0.3620 0.8229
vn 0.4380 0.3620 -0.8229
vn 0.4416 0.3779 -0.8138
vn 0.4414 0.3819 -0.8120
vn 0.6633 0.5738 -0.4804
vn 0.6604 0.5721 -0.4864
vn 0.6585 0.5592 -0.5037
vn 0.7528 0.6555 -0.0599
vn 0.7514 0.6571 -0.0610
vn 0.7549 0.6527 -0.0645
vn 0.2238 -0.9728 0.0599
vn 0.2217 -0.9732 0.0610
vn 0.2271 -0.9717 0.0645
vn 0.2040 -0.8394 0.5037
vn 0.1980 -0.8510 0.4864
vn 0.1993 -0.8541 0.4804
vn 0.1415 -0.5503 0.8229
vn 0.1351 -0.5652 0.8138
vn 0.1326 -0.5684 0.8120
vn 0.1326 -0.5684 -0.8120
vn 0.1351 -0.5652 -0.8138
vn 0.1415 -0.5503 -0.8229
vn 0.2040 -0.8394 -0.5037
vn 0.1980 -0.8510 -0.4864
vn 0.1993 -0.8541 -0.4804
vn 0.2271 -0.9717 -0.0645
vn 0.2217 -0.9732 -0.0610
vn 0.2238 -0.9728 -0.0598
vn 0.8540 -0.5162 0.0645
vn 0.8571 -0.5116 0.0610
vn 0.8560 -0.5134 0.0599
vn 0.7507 -0.4535 0.4804
vn 0.7482 -0.4512 0.4864
vn 0.7353 -0.4534 0.5037
vn 0.4996 -0.3018 0.8120
vn 0.4958 -0.3032 0.8138
vn 0.4796 -0.3047 0.8229
vn 0.4796 -0.3047 -0.8229
vn 0.4958 -0.3032 -0.8138
vn 0.4996 -0.3018 -0.8120
vn 0.7507 -0.4535 -0.4804
vn 0.7482 -0.4512 -0.4864
vn 0.7353 -0.4534 -0.5037
vn 0.8560 -0.5134 -0.0599
vn 0.8571 -0.5116 -0.0610
vn 0.8540 -0.5162 -0.0645
vn 0.1387 -0.5088 -0.8496
vn 0.1367 -0.5263 -0.8393
vn 0.1368 -0.5409 -0.8299
vn 0.3108 -0.4277 -0.8488
vn 0.3019 -0.4155 -0.8580
vn 0.2915 -0.4012 -0.8684
vn 0.4721 -0.2972 -0.8299
vn 0.4582 -0.2927 -0.8393
vn 0.4411 -0.2892 -0.8496
vn 0.4011 0.3028 -0.8645
vn 0.4067 0.3029 -0.8619
vn 0.4158 0.3128 -0.8540
vn 0.3077 -0.1000 -0.9462
vn 0.2998 -0.0974 -0.9490
vn 0.2911 -0.0946 -0.9520
vn 0.1525 -0.4974 -0.8540
vn 0.1510 -0.4841 -0.8619
vn 0.1465 -0.4807 -0.8645
vn 0.5268 -0.0253 -0.8496
vn 0.5428 -0.0326 -0.8393
vn 0.5567 -0.0370 -0.8299
vn 0.5028 0.1634 -0.8488
vn 0.4884 0.1587 -0.8580
vn 0.4716 0.1532 -0.8684
vn 0.4286 0.3572 -0.8299
vn 0.4200 0.3454 -0.8393
vn 0.4113 0.3301 -0.8496
vn -0.1640 0.4750 -0.8645
vn -0.1624 0.4804 -0.8619
vn -0.1690 0.4921 -0.8540
vn 0.1902 0.2617 -0.9462
vn 0.1853 0.2551 -0.9490
vn 0.1799 0.2476 -0.9520
vn 0.5202 -0.0087 -0.8540
vn 0.5071 -0.0060 -0.8619
vn 0.5025 -0.0092 -0.8645
vn 0.1869 0.4932 -0.8496
vn 0.1987 0.5061 -0.8393
vn 0.2072 0.5180 -0.8299
vn -0.0000 0.5287 -0.8488
vn -0.0000 0.5136 -0.8580
vn -0.0000 0.4959 -0.8684
vn -0.2072 0.5180 -0.8299
vn -0.1987 0.5061 -0.8393
vn -0.1869 0.4932 -0.8496
vn -0.5025 -0.0092 -0.8645
vn -0.5071 -0.0060 -0.8619
vn -0.5202 -0.0087 -0.8540
vn -0.1902 0.2617 -0.9462
vn -0.1853 0.2551 -0.9490
vn -0.1799 0.2476 -0.9520
vn 0.1690 0.4921 -0.8540
vn 0.1624 0.4804 -0.8619
vn 0.1640 0.4750 -0.8645
vn -0.4113 0.3301 -0.8496
vn -0.4200 0.3454 -0.8393
vn -0.4286 0.3572 -0.8299
vn -0.5028 0.1634 -0.8488
vn -0.4884 0.1587 -0.8580
vn -0.4716 0.1532 -0.8684
vn -0.5567 -0.0370 -0.8299
vn -0.5428 -0.0326 -0.8393
vn -0.5268 -0.0253 -0.8496
vn -0.1465 -0.4807 -0.8645
vn -0.1510 -0.4841 -0.8619
vn -0.1525 -0.4974 -0.8540
vn -0.3077 -0.1000 -0.9462
vn -0.2998 -0.0974 -0.9490
vn -0.2911 -0.0946 -0.9520
vn -0.4158 0.3128 -0.8540
vn -0.4067 0.3029 -0.8619
vn -0.4011 0.3028 -0.8645
vn -0.4411 -0.2892 -0.8496
vn -0.4582 -0.2927 -0.8393
vn -0.4721 -0.2972 -0.8299
vn -0.3108 -0.4277 -0.8488
vn -0.3019 -0.4155 -0.8580
vn -0.2915 -0.4012 -0.8684
vn -0.1368 -0.5409 -0.8299
vn -0.1367 -0.5263 -0.8393
vn -0.1387 -0.5088 -0.8496
vn 0.3416 -0.2827 0.8963
vn 0.3266 -0.2819 0.9021
vn 0.2947 -0.2959 0.9086
vn 0.2469 -0.2754 0.9291
vn 0.2382 -0.2559 0.9369
vn 0.2211 -0.2444 0.9441
vn 0.1233 -0.2681 0.9555
vn 0.1210 -0.2325 0.9651
vn 0.1178 -0.1927 0.9742
vn 0.1633 -0.4123 0.8963
vn 0.1856 -0.3199 0.9291
vn 0.2169 -0.2002 0.9555
vn 0.1671 -0.3978 0.9021
vn 0.1697 -0.3056 0.9369
vn 0.1837 -0.1869 0.9651
vn 0.1903 -0.3717 0.9086
vn 0.1641 -0.2858 0.9441
vn 0.1469 -0.1716 0.9742
vn 0.3744 0.2375 0.8963
vn 0.3690 0.2236 0.9021
vn 0.3724 0.1889 0.9086
vn 0.3382 0.1497 0.9291
vn 0.3170 0.1475 0.9369
vn 0.3008 0.1348 0.9441
vn 0.2931 0.0345 0.9555
vn 0.2585 0.0432 0.9651
vn 0.2197 0.0525 0.9742
vn 0.4425 0.0279 0.8963
vn 0.3616 0.0777 0.9291
vn 0.2574 0.1444 0.9555
vn 0.4299 0.0360 0.9021
vn 0.3431 0.0670 0.9369
vn 0.2345 0.1170 0.9651
vn 0.4123 0.0661 0.9086
vn 0.3225 0.0678 0.9441
vn 0.2086 0.0867 0.9742
vn -0.1102 0.4295 0.8963
vn -0.0986 0.4200 0.9021
vn -0.0645 0.4126 0.9086
vn -0.0379 0.3679 0.9291
vn -0.0423 0.3470 0.9369
vn -0.0352 0.3277 0.9441
vn 0.0578 0.2894 0.9555
vn 0.0388 0.2592 0.9651
vn 0.0180 0.2252 0.9742
vn 0.1102 0.4295 0.8963
vn 0.0379 0.3679 0.9291
vn -0.0578 0.2894 0.9555
vn 0.0986 0.4200 0.9021
vn 0.0423 0.3470 0.9369
vn -0.0388 0.2592 0.9651
vn 0.0645 0.4126 0.9086
vn 0.0352 0.3277 0.9441
vn -0.0180 0.2252 0.9742
vn -0.4425 0.0279 0.8963
vn -0.4299 0.0360 0.9021
vn -0.4123 0.0661 0.9086
vn -0.3616 0.0777 0.9291
vn -0.3431 0.0670 0.9369
vn -0.3225 0.0678 0.9441
vn -0.2574 0.1444 0.9555
vn -0.2345 0.1170 0.9651
vn -0.2086 0.0867 0.9742
vn -0.3744 0.2375 0.8963
vn -0.3382 0.1497 0.9291
vn -0.2931 0.0345 0.9555
vn -0.3690 0.2236 0.9021
vn -0.3170 0.1475 0.9369
vn -0.2585 0.0432 0.9651
vn -0.3724 0.1889 0.9086
vn -0.3008 0.1348 0.9441
vn -0.2197 0.0525 0.9742
vn -0.1633 -0.4123 0.8963
vn -0.1671 -0.3978 0.9021
vn -0.1903 -0.3717 0.9086
vn -0.1856 -0.3199 0.9291
vn -0.1697 -0.3056 0.9369
vn -0.1641 -0.2858 0.9441
vn -0.2169 -0.2002 0.9555
vn -0.1837 -0.1869 0.9651
vn -0.1469 -0.1716 0.9742
vn -0.3416 -0.2827 0.8963
vn -0.2469 -0.2754 0.9291
vn -0.1233 -0.2681 0.9555
vn -0.3266 -0.2819 0.9021
vn -0.2382 -0.2559 0.9369
vn -0.1210 -0.2325 0.9651
vn -0.2947 -0.2959 0.9086
vn -0.2211 -0.2444 0.9441
vn -0.1178 -0.1927 0.9742
vn -0.3416 -0.2827 -0.8963
vn -0.3266 -0.2819 -0.9021
vn -0.2947 -0.2959 -0.9086
vn -0.2469 -0.2754 -0.9291
vn -0.2382 -0.2559 -0.9369
vn -0.2211 -0.2444 -0.9441
vn -0.1233 -0.2681 -0.9555
vn -0.1210 -0.2325 -0.9651
vn -0.1178 -0.1927 -0.9742
vn -0.1633 -0.4123 -0.8963
vn -0.1856 -0.3199 -0.9291
vn -0.2169 -0.2002 -0.9555
vn -0.1671 -0.3978 -0.9021
vn -0.1697 -0.3056 -0.9369
vn -0.1837 -0.1869 -0.9651
vn -0.1903 -0.3717 -0.9086
vn -0.1641 -0.2858 -0.9441
vn -0.1469 -0.1716 -0.9742
vn -0.3744 0.2375 -0.8963
vn -0.3690 0.2236 -0.9021
vn -0.3724 0.1889 -0.9086
vn -0.3382 0.1497 -0.9291
vn -0.3170 0.1475 -0.9369
vn -0.3008 0.1348 -0.9441
vn -0.2931 0.0345 -0.9555
vn -0.2585 0.0432 -0.9651
vn -0.2197 0.0525 -0.9742
vn -0.4425 0.0279 -0.8963
vn -0.3616 0.0777 -0.9291
vn -0.2574 0.1444 -0.9555
vn -0.4299 0.0360 -0.9021
vn -0.3431 0.0670 -0.9369
vn -0.2345 0.1170 -0.9651
vn -0.4123 0.0661 -0.9086
vn -0.3225 0.0678 -0.9441
vn -0.2086 0.0867 -0.9742
vn 0.1102 0.4295 -0.8963
vn 0.0986 0.4200 -0.9021
vn 0.0645 0.4126 -0.9086
vn 0.0379 0.3679 -0.9291
vn 0.0423 0.3470 -0.9369
vn 0.0352 0.3277 -0.9441
vn -0.0578 0.2894 -0.9555
vn -0.0388 0.2592 -0.9651
vn -0.0180 0.2252 -0.9742
vn -0.1102 0.4295 -0.8963
vn -0.0379 0.3679 -0.9291
vn 0.0578 0.2894 -0.9555
vn -0.0986 0.4200 -0.9021
vn -0.0423 0.3470 -0.9369
vn 0.0388 0.2592 -0.9651
vn -0.0645 0.4126 -0.9086
vn -0.0352 0.3277 -0.9441
vn 0.0180 0.2252 -0.9742
vn 0.4425 0.0279 -0.8963
vn 0.4299 0.0360 -0.9021
vn 0.4123 0.0661 -0.9086
vn 0.3616 0.0777 -0.9291
vn 0.3431 0.0670 -0.9369
vn 0.3225 0.0678 -0.9441
vn 0.2574 0.1444 -0.9555
vn 0.2345 0.1170 -0.9651
vn 0.2086 0.0867 -0.9742
vn 0.3744 0.2375 -0.8963
vn 0.3382 0.1497 -0.9291
vn 0.2931 0.0345 -0.9555
vn 0.3690 0.2236 -0.9021
vn 0.3170 0.1475 -0.9369
vn 0.2585 0.0432 -0.9651
vn 0.3724 0.1889 -0.9086
vn 0.3008 0.1348 -0.9441
vn 0.2197 0.0525 -0.9742
vn 0.1633 -0.4123 -0.8963
vn 0.1671 -0.3978 -0.9021
vn 0.1903 -0.3717 -0.9086
vn 0.1856 -0.3199 -0.9291
vn 0.1697 -0.3056 -0.9369
vn 0.1641 -0.2858 -0.9441
vn 0.2169 -0.2002 -0.9555
vn 0.1837 -0.1869 -0.9651
vn 0.1469 -0.1716 -0.9742
vn 0.3416 -0.2827 -0.8963
vn 0.2469 -0.2754 -0.9291
vn 0.1233 -0.2681 -0.9555
vn 0.3266 -0.2819 -0.9021
vn 0.2382 -0.2559 -0.9369
vn 0.1210 -0.2325 -0.9651
vn 0.2947 -0.2959 -0.9086
vn 0.2211 -0.2444 -0.9441
vn 0.1178 -0.1927 -0.9742
vn 0.4210 -0.3341 0.8433
vn 0.3147 -0.3460 0.8839
vn 0.1626 -0.3564 0.9201
vn 0.4758 -0.3705 0.7977
vn 0.3602 -0.3860 0.8493
vn 0.1876 -0.4009 0.8967
vn 0.5543 -0.4252 0.7155
vn 0.4279 -0.4469 0.7856
vn 0.2276 -0.4713 0.8521
vn -0.4210 -0.3341 0.8433
vn -0.4758 -0.3705 0.7977
vn -0.5543 -0.4252 0.7155
vn -0.3147 -0.3460 0.8839
vn -0.3602 -0.3860 0.8493
vn -0.4279 -0.4470 0.7856
vn -0.1626 -0.3564 0.9201
vn -0.1876 -0.4009 0.8967
vn -0.2276 -0.4713 0.8521
vn -0.7999 -0.5722 0.1806
vn -0.7043 -0.6673 0.2422
vn -0.4422 -0.8345 0.3287
vn -0.7665 -0.5586 0.3170
vn -0.6549 -0.6368 0.4068
vn -0.3956 -0.7591 0.5169
vn -0.7076 -0.5248 0.4732
vn -0.5813 -0.5775 0.5733
vn -0.3343 -0.6505 0.6819
vn 0.7999 -0.5722 0.1806
vn 0.7665 -0.5586 0.3170
vn 0.7076 -0.5248 0.4732
vn 0.7043 -0.6673 0.2422
vn 0.6549 -0.6368 0.4068
vn 0.5813 -0.5775 0.5733
vn 0.4422 -0.8345 0.3287
vn 0.3956 -0.7591 0.5169
vn 0.3343 -0.6505 0.6819
vn 0.4210 -0.3341 -0.8433
vn 0.4758 -0.3705 -0.7977
vn 0.5543 -0.4252 -0.7155
vn 0.3147 -0.3460 -0.8839
vn 0.3602 -0.3860 -0.8493
vn 0.4279 -0.4469 -0.7856
vn 0.1626 -0.3564 -0.9201
vn 0.1876 -0.4009 -0.8967
vn 0.2276 -0.4713 -0.8521
vn 0.7999 -0.5722 -0.1806
vn 0.7043 -0.6673 -0.2422
vn 0.4422 -0.8345 -0.3287
vn 0.7665 -0.5586 -0.3170
vn 0.6549 -0.6368 -0.4068
vn 0.3956 -0.7591 -0.5169
vn 0.7076 -0.5248 -0.4732
vn 0.5813 -0.5775 -0.5733
vn 0.3343 -0.6505 -0.6819
vn -0.7999 -0.5722 -0.1806
vn -0.7665 -0.5586 -0.3170
vn -0.7076 -0.5248 -0.4732
vn -0.7043 -0.6673 -0.2422
vn -0.6549 -0.6368 -0.4068
vn -0.5813 -0.5775 -0.5733
vn -0.4422 -0.8345 -0.3287
vn -0.3956 -0.7591 -0.5169
vn -0.3343 -0.6505 -0.6819
vn -0.4210 -0.3341 -0.8433
vn -0.3147 -0.3460 -0.8839
vn -0.1626 -0.3564 -0.9201
vn -0.4758 -0.3705 -0.7977
vn -0.3602 -0.3860 -0.8493
vn -0.1876 -0.4009 -0.8967
vn -0.5543 -0.4252 -0.7155
vn -0.4279 -0.4470 -0.7856
vn -0.2276 -0.4713 -0.8521
vn 0.8263 -0.5499 -0.1215
vn 0.8112 -0.5420 -0.2195
vn 0.7785 -0.5230 -0.3470
vn 0.7837 -0.6088 -0.1230
vn 0.7684 -0.6005 -0.2211
vn 0.7363 -0.5802 -0.3481
vn 0.6977 -0.7053 -0.1253
vn 0.6835 -0.6947 -0.2241
vn 0.6542 -0.6700 -0.3509
vn 0.5045 -0.3430 -0.7923
vn 0.4676 -0.3765 -0.7998
vn 0.4098 -0.4265 -0.8063
vn 0.5649 -0.3838 -0.7305
vn 0.5261 -0.4225 -0.7380
vn 0.4625 -0.4809 -0.7448
vn 0.6515 -0.4424 -0.6163
vn 0.6117 -0.4899 -0.6212
vn 0.5409 -0.5614 -0.6263
vn 0.1703 -0.5858 -0.7923
vn 0.1904 -0.6558 -0.7305
vn 0.2194 -0.7563 -0.6163
vn 0.2135 -0.5611 -0.7998
vn 0.2393 -0.6309 -0.7380
vn 0.2769 -0.7331 -0.6212
vn 0.2790 -0.5215 -0.8064
vn 0.3145 -0.5885 -0.7448
vn 0.3668 -0.6879 -0.6263
vn 0.2676 -0.9558 -0.1215
vn 0.3368 -0.9335 -0.1230
vn 0.4552 -0.8815 -0.1253
vn 0.2648 -0.9390 -0.2195
vn 0.3336 -0.9164 -0.2211
vn 0.4495 -0.8647 -0.2241
vn 0.2569 -0.9020 -0.3470
vn 0.3243 -0.8796 -0.3481
vn 0.4350 -0.8292 -0.3509
vn 0.8263 -0.5499 0.1215
vn 0.7837 -0.6088 0.1230
vn 0.6977 -0.7053 0.1253
vn 0.8112 -0.5420 0.2195
vn 0.7684 -0.6005 0.2211
vn 0.6835 -0.6947 0.2241
vn 0.7785 -0.5230 0.3470
vn 0.7363 -0.5802 0.3481
vn 0.6542 -0.6700 0.3509
vn 0.2676 -0.9558 0.1215
vn 0.2648 -0.9390 0.2195
vn 0.2569 -0.9020 0.3470
vn 0.3368 -0.9335 0.1230
vn 0.3336 -0.9164 0.2211
vn 0.3243 -0.8796 0.3481
vn 0.4552 -0.8815 0.1253
vn 0.4495 -0.8647 0.2241
vn 0.4350 -0.8292 0.3509
vn 0.1703 -0.5858 0.7923
vn 0.2135 -0.5611 0.7998
vn 0.2790 -0.5215 0.8064
vn 0.1904 -0.6558 0.7305
vn 0.2393 -0.6309 0.7380
vn 0.3145 -0.5885 0.7448
vn 0.2194 -0.7563 0.6163
vn 0.2769 -0.7331 0.6212
vn 0.3668 -0.6879 0.6263
vn 0.5045 -0.3430 0.7923
vn 0.5649 -0.3838 0.7305
vn 0.6515 -0.4424 0.6163
vn 0.4676 -0.3765 0.7998
vn 0.5261 -0.4225 0.7380
vn 0.6117 -0.4899 0.6212
vn 0.4098 -0.4265 0.8064
vn 0.4625 -0.4809 0.7448
vn 0.5409 -0.5614 0.6263
vn 0.2970 -0.9376 -0.1806
vn 0.2944 -0.9016 -0.3170
vn 0.2804 -0.8351 -0.4732
vn 0.4170 -0.8760 -0.2422
vn 0.4033 -0.8197 -0.4068
vn 0.3696 -0.7313 -0.5733
vn 0.6570 -0.6785 -0.3287
vn 0.5997 -0.6108 -0.5169
vn 0.5154 -0.5190 -0.6819
vn 0.1877 -0.5036 -0.8433
vn 0.2318 -0.4062 -0.8839
vn 0.2887 -0.2648 -0.9201
vn 0.2054 -0.5670 -0.7977
vn 0.2558 -0.4619 -0.8493
vn 0.3233 -0.3024 -0.8967
vn 0.2331 -0.6586 -0.7155
vn 0.2929 -0.5450 -0.7856
vn 0.3779 -0.3621 -0.8521
vn 0.4478 0.2971 -0.8433
vn 0.4994 0.3380 -0.7977
vn 0.5756 0.3958 -0.7155
vn 0.4263 0.1924 -0.8839
vn 0.4784 0.2233 -0.8493
vn 0.5573 0.2688 -0.7856
vn 0.3892 0.0445 -0.9201
vn 0.4393 0.0546 -0.8967
vn 0.5186 0.0708 -0.8521
vn 0.7914 0.5840 -0.1806
vn 0.8523 0.4636 -0.2422
vn 0.9303 0.1627 -0.3287
vn 0.7681 0.5563 -0.3170
vn 0.8080 0.4261 -0.4068
vn 0.8442 0.1417 -0.5169
vn 0.7178 0.5108 -0.4732
vn 0.7289 0.3744 -0.5733
vn 0.7220 0.1169 -0.6819
vn 0.2970 -0.9376 0.1806
vn 0.4170 -0.8760 0.2422
vn 0.6570 -0.6785 0.3287
vn 0.2944 -0.9016 0.3170
vn 0.4033 -0.8197 0.4068
vn 0.5997 -0.6108 0.5169
vn 0.2804 -0.8351 0.4732
vn 0.3696 -0.7313 0.5733
vn 0.5154 -0.5190 0.6819
vn 0.7914 0.5840 0.1806
vn 0.7681 0.5563 0.3170
vn 0.7178 0.5108 0.4732
vn 0.8523 0.4636 0.2422
vn 0.8080 0.4261 0.4068
vn 0.7289 0.3744 0.5733
vn 0.9303 0.1627 0.3287
vn 0.8442 0.1417 0.5169
vn 0.7220 0.1169 0.6819
vn 0.4478 0.2971 0.8433
vn 0.4263 0.1924 0.8839
vn 0.3892 0.0445 0.9201
vn 0.4994 0.3380 0.7977
vn 0.4784 0.2233 0.8493
vn 0.4393 0.0546 0.8967
vn 0.5757 0.3958 0.7155
vn 0.5573 0.2688 0.7856
vn 0.5186 0.0708 0.8521
vn 0.1877 -0.5036 0.8433
vn 0.2054 -0.5670 0.7977
vn 0.2331 -0.6586 0.7155
vn 0.2318 -0.4062 0.8839
vn 0.2558 -0.4619 0.8493
vn 0.2929 -0.5450 0.7856
vn 0.2887 -0.2648 0.9201
vn 0.3233 -0.3024 0.8967
vn 0.3779 -0.3621 0.8521
vn 0.7783 0.6160 -0.1215
vn 0.7661 0.6040 -0.2195
vn 0.7380 0.5787 -0.3470
vn 0.8212 0.5573 -0.1230
vn 0.8086 0.5453 -0.2211
vn 0.7793 0.5210 -0.3481
vn 0.8864 0.4456 -0.1253
vn 0.8719 0.4353 -0.2241
vn 0.8393 0.4152 -0.3509
vn 0.4821 0.3739 -0.7923
vn 0.5025 0.3284 -0.7998
vn 0.5322 0.2579 -0.8064
vn 0.5395 0.4186 -0.7305
vn 0.5644 0.3698 -0.7380
vn 0.6003 0.2913 -0.7448
vn 0.6220 0.4829 -0.6163
vn 0.6549 0.4304 -0.6212
vn 0.7011 0.3409 -0.6263
vn 0.6098 -0.0191 -0.7923
vn 0.6826 -0.0216 -0.7305
vn 0.7871 -0.0251 -0.6163
vn 0.5996 0.0297 -0.7998
vn 0.6740 0.0326 -0.7380
vn 0.7828 0.0368 -0.6212
vn 0.5822 0.1042 -0.8064
vn 0.6569 0.1172 -0.7448
vn 0.7676 0.1363 -0.6263
vn 0.9918 -0.0408 -0.1215
vn 0.9919 0.0319 -0.1230
vn 0.9790 0.1605 -0.1253
vn 0.9749 -0.0384 -0.2195
vn 0.9746 0.0341 -0.2211
vn 0.9613 0.1603 -0.2241
vn 0.9372 -0.0344 -0.3470
vn 0.9367 0.0366 -0.3481
vn 0.9231 0.1575 -0.3509
vn 0.7783 0.6160 0.1215
vn 0.8212 0.5573 0.1230
vn 0.8864 0.4456 0.1253
vn 0.7661 0.6040 0.2195
vn 0.8086 0.5453 0.2211
vn 0.8719 0.4353 0.2241
vn 0.7380 0.5787 0.3470
vn 0.7793 0.5210 0.3481
vn 0.8393 0.4152 0.3509
vn 0.9918 -0.0408 0.1215
vn 0.9749 -0.0384 0.2195
vn 0.9372 -0.0344 0.3470
vn 0.9919 0.0319 0.1230
vn 0.9746 0.0341 0.2211
vn 0.9367 0.0366 0.3481
vn 0.9790 0.1605 0.1253
vn 0.9613 0.1603 0.2241
vn 0.9231 0.1575 0.3509
vn 0.6098 -0.0191 0.7923
vn 0.5996 0.0297 0.7998
vn 0.5822 0.1042 0.8063
vn 0.6826 -0.0216 0.7305
vn 0.6740 0.0326 0.7380
vn 0.6569 0.1172 0.7448
vn 0.7871 -0.0251 0.6163
vn 0.7828 0.0368 0.6212
vn 0.7676 0.1363 0.6263
vn 0.4821 0.3739 0.7923
vn 0.5395 0.4186 0.7305
vn 0.6220 0.4829 0.6163
vn 0.5025 0.3284 0.7998
vn 0.5644 0.3698 0.7380
vn 0.6549 0.4304 0.6212
vn 0.5322 0.2579 0.8064
vn 0.6003 0.2913 0.7448
vn 0.7011 0.3409 0.6263
vn 0.9835 -0.0072 -0.1806
vn 0.9484 0.0014 -0.3170
vn 0.8809 0.0086 -0.4732
vn 0.9620 0.1259 -0.2422
vn 0.9042 0.1302 -0.4068
vn 0.8097 0.1256 -0.5733
vn 0.8483 0.4152 -0.3287
vn 0.7663 0.3816 -0.5169
vn 0.6529 0.3298 -0.6819
vn 0.5370 0.0229 -0.8433
vn 0.4580 0.0949 -0.8839
vn 0.3411 0.1928 -0.9201
vn 0.6027 0.0201 -0.7977
vn 0.5183 0.1005 -0.8493
vn 0.3875 0.2140 -0.8967
vn 0.6984 0.0181 -0.7155
vn 0.6089 0.1101 -0.7856
vn 0.4612 0.2475 -0.8521
vn -0.1442 0.5177 -0.8433
vn -0.1671 0.5794 -0.7977
vn -0.1986 0.6698 -0.7155
vn -0.0513 0.4649 -0.8839
vn -0.0646 0.5240 -0.8493
vn -0.0834 0.6131 -0.7856
vn 0.0779 0.3839 -0.9201
vn 0.0838 0.4346 -0.8967
vn 0.0929 0.5151 -0.8521
vn -0.3108 0.9331 -0.1806
vn -0.1775 0.9538 -0.2422
vn 0.1327 0.9351 -0.3287
vn -0.2917 0.9024 -0.3170
vn -0.1555 0.9002 -0.4068
vn 0.1261 0.8467 -0.5169
vn -0.2640 0.8405 -0.4732
vn -0.1308 0.8089 -0.5733
vn 0.1119 0.7228 -0.6819
vn 0.9835 -0.0072 0.1806
vn 0.9620 0.1259 0.2422
vn 0.8483 0.4152 0.3287
vn 0.9484 0.0014 0.3170
vn 0.9042 0.1302 0.4068
vn 0.7663 0.3816 0.5169
vn 0.8809 0.0086 0.4732
vn 0.8097 0.1256 0.5733
vn 0.6529 0.3298 0.6819
vn -0.3108 0.9331 0.1806
vn -0.2917 0.9024 0.3170
vn -0.2640 0.8405 0.4732
vn -0.1775 0.9538 0.2422
vn -0.1555 0.9002 0.4068
vn -0.1308 0.8089 0.5733
vn 0.1327 0.9351 0.3287
vn 0.1261 0.8467 0.5169
vn 0.1119 0.7228 0.6819
vn -0.1442 0.5177 0.8433
vn -0.0513 0.4649 0.8839
vn 0.0779 0.3839 0.9201
vn -0.1671 0.5794 0.7977
vn -0.0646 0.5240 0.8493
vn 0.0838 0.4346 0.8967
vn -0.1986 0.6698 0.7155
vn -0.0834 0.6131 0.7856
vn 0.0929 0.5151 0.8521
vn 0.5370 0.0229 0.8433
vn 0.6027 0.0201 0.7977
vn 0.6984 0.0181 0.7155
vn 0.4580 0.0949 0.8839
vn 0.5183 0.1005 0.8493
vn 0.6089 0.1101 0.7856
vn 0.3411 0.1928 0.9201
vn 0.3875 0.2140 0.8967
vn 0.4612 0.2475 0.8521
vn -0.3453 0.9306 -0.1215
vn -0.3377 0.9153 -0.2195
vn -0.3224 0.8807 -0.3470
vn -0.2762 0.9532 -0.1230
vn -0.2687 0.9375 -0.2211
vn -0.2547 0.9022 -0.3481
vn -0.1499 0.9807 -0.1253
vn -0.1446 0.9638 -0.2241
vn -0.1355 0.9266 -0.3509
vn -0.2066 0.5740 -0.7923
vn -0.1570 0.5794 -0.7998
vn -0.0808 0.5859 -0.8064
vn -0.2314 0.6425 -0.7305
vn -0.1773 0.6511 -0.7380
vn -0.0915 0.6610 -0.7448
vn -0.2670 0.7408 -0.6163
vn -0.2069 0.7559 -0.6212
vn -0.1076 0.7721 -0.6263
vn 0.2066 0.5740 -0.7923
vn 0.2314 0.6425 -0.7305
vn 0.2670 0.7408 -0.6163
vn 0.1570 0.5794 -0.7998
vn 0.1773 0.6511 -0.7380
vn 0.2069 0.7559 -0.6212
vn 0.0808 0.5859 -0.8064
vn 0.0915 0.6610 -0.7448
vn 0.1076 0.7721 -0.6263
vn 0.3453 0.9306 -0.1215
vn 0.2762 0.9532 -0.1230
vn 0.1499 0.9807 -0.1253
vn 0.3377 0.9153 -0.2195
vn 0.2687 0.9375 -0.2211
vn 0.1446 0.9638 -0.2241
vn 0.3224 0.8807 -0.3470
vn 0.2547 0.9022 -0.3481
vn 0.1355 0.9266 -0.3509
vn -0.2066 0.5740 0.7923
vn -0.2314 0.6425 0.7305
vn -0.2670 0.7408 0.6163
vn -0.1570 0.5794 0.7998
vn -0.1773 0.6511 0.7380
vn -0.2069 0.7559 0.6212
vn -0.0808 0.5859 0.8064
vn -0.0915 0.6610 0.7448
vn -0.1076 0.7721 0.6263
vn -0.3453 0.9306 0.1215
vn -0.2762 0.9532 0.1230
vn -0.1499 0.9807 0.1253
vn -0.3377 0.9153 0.2195
vn -0.2687 0.9375 0.2211
vn -0.1446 0.9638 0.2241
vn -0.3224 0.8807 0.3470
vn -0.2547 0.9022 0.3481
vn -0.1355 0.9266 0.3509
vn 0.3453 0.9306 0.1215
vn 0.3377 0.9153 0.2195
vn 0.3224 0.8807 0.3470
vn 0.2762 0.9532 0.1230
vn 0.2687 0.9375 0.2211
vn 0.2547 0.9022 0.3481
vn 0.1499 0.9807 0.1253
vn 0.1446 0.9638 0.2241
vn 0.1355 0.9266 0.3509
vn 0.2066 0.5740 0.7923
vn 0.1570 0.5794 0.7998
vn 0.0808 0.5859 0.8064
vn 0.2314 0.6425 0.7305
vn 0.1773 0.6511 0.7380
vn 0.0915 0.6610 0.7448
vn 0.2670 0.7408 0.6163
vn 0.2069 0.7559 0.6212
vn 0.1076 0.7721 0.6263
vn 0.3108 0.9331 -0.1806
vn 0.2917 0.9024 -0.3170
vn 0.2640 0.8405 -0.4732
vn 0.1775 0.9538 -0.2422
vn 0.1555 0.9002 -0.4068
vn 0.1308 0.8089 -0.5733
vn -0.1327 0.9351 -0.3287
vn -0.1261 0.8467 -0.5169
vn -0.1119 0.7228 -0.6819
vn 0.1442 0.5177 -0.8433
vn 0.0513 0.4649 -0.8839
vn -0.0779 0.3839 -0.9201
vn 0.1671 0.5794 -0.7977
vn 0.0646 0.5240 -0.8493
vn -0.0838 0.4346 -0.8967
vn 0.1986 0.6698 -0.7155
vn 0.0834 0.6131 -0.7856
vn -0.0929 0.5151 -0.8521
vn -0.5370 0.0229 -0.8433
vn -0.6027 0.0201 -0.7977
vn -0.6984 0.0181 -0.7155
vn -0.4580 0.0949 -0.8839
vn -0.5183 0.1005 -0.8493
vn -0.6089 0.1101 -0.7856
vn -0.3411 0.1928 -0.9201
vn -0.3875 0.2140 -0.8967
vn -0.4612 0.2475 -0.8521
vn -0.9835 -0.0072 -0.1806
vn -0.9620 0.1259 -0.2422
vn -0.8483 0.4152 -0.3287
vn -0.9484 0.0014 -0.3170
vn -0.9042 0.1302 -0.4068
vn -0.7663 0.3816 -0.5169
vn -0.8809 0.0086 -0.4732
vn -0.8097 0.1256 -0.5733
vn -0.6529 0.3298 -0.6819
vn 0.1442 0.5177 0.8433
vn 0.1671 0.5794 0.7977
vn 0.1986 0.6698 0.7155
vn 0.0513 0.4649 0.8839
vn 0.0646 0.5240 0.8493
vn 0.0834 0.6131 0.7856
vn -0.0779 0.3839 0.9201
vn -0.0838 0.4346 0.8967
vn -0.0929 0.5151 0.8521
vn 0.3108 0.9331 0.1806
vn 0.1775 0.9538 0.2422
vn -0.1327 0.9351 0.3287
vn 0.2917 0.9024 0.3170
vn 0.1555 0.9002 0.4068
vn -0.1262 0.8467 0.5169
vn 0.2640 0.8405 0.4732
vn 0.1308 0.8089 0.5733
vn -0.1119 0.7228 0.6819
vn -0.9835 -0.0072 0.1806
vn -0.9484 0.0014 0.3170
vn -0.8809 0.0086 0.4732
vn -0.9620 0.1259 0.2422
vn -0.9042 0.1302 0.4068
vn -0.8097 0.1256 0.5733
vn -0.8483 0.4152 0.3287
vn -0.7663 0.3816 0.5169
vn -0.6529 0.3298 0.6819
vn -0.5370 0.0229 0.8433
vn -0.4580 0.0949 0.8839
vn -0.3411 0.1928 0.9201
vn -0.6027 0.0201 0.7977
vn -0.5183 0.1005 0.8493
vn -0.3875 0.2140 0.8967
vn -0.6984 0.0181 0.7155
vn -0.6089 0.1101 0.7856
vn -0.4612 0.2475 0.8521
vn -0.9918 -0.0408 -0.1215
vn -0.9749 -0.0384 -0.2195
vn -0.9372 -0.0344 -0.3470
vn -0.9919 0.0319 -0.1230
vn -0.9746 0.0341 -0.2211
vn -0.9367 0.0366 -0.3481
vn -0.9790 0.1605 -0.1253
vn -0.9613 0.1603 -0.2241
vn -0.9231 0.1575 -0.3509
vn -0.6098 -0.0191 -0.7923
vn -0.5996 0.0297 -0.7998
vn -0.5822 0.1042 -0.8064
vn -0.6826 -0.0216 -0.7305
vn -0.6740 0.0326 -0.7380
vn -0.6569 0.1172 -0.7448
vn -0.7871 -0.0251 -0.6163
vn -0.7828 0.0368 -0.6212
vn -0.7676 0.1363 -0.6263
vn -0.4821 0.3739 -0.7923
vn -0.5395 0.4186 -0.7305
vn -0.6220 0.4829 -0.6163
vn -0.5025 0.3284 -0.7998
vn -0.5644 0.3698 -0.7380
vn -0.6549 0.4304 -0.6212
vn -0.5322 0.2579 -0.8064
vn -0.6003 0.2913 -0.7448
vn -0.7011 0.3409 -0.6263
vn -0.7783 0.6160 -0.1215
vn -0.8212 0.5573 -0.1230
vn -0.8864 0.4456 -0.1253
vn -0.7661 0.6040 -0.2195
vn -0.8086 0.5453 -0.2211
vn -0.8719 0.4353 -0.2241
vn -0.7380 0.5787 -0.3470
vn -0.7793 0.5210 -0.3481
vn -0.8393 0.4152 -0.3509
vn -0.6098 -0.0191 0.7923
vn -0.6826 -0.0216 0.7305
vn -0.7871 -0.0251 0.6163
vn -0.5996 0.0297 0.7998
vn -0.6740 0.0326 0.7380
vn -0.7828 0.0368 0.6212
vn -0.5822 0.1042 0.8064
vn -0.6569 0.1172 0.7448
vn -0.7676 0.1363 0.6263
vn -0.9918 -0.0408 0.1215
vn -0.9919 0.0319 0.1230
vn -0.9790 0.1605 0.1253
vn -0.9749 -0.0384 0.2195
vn -0.9746 0.0341 0.2211
vn -0.9613 0.1603 0.2241
vn -0.9372 -0.0344 0.3470
vn -0.9367 0.0366 0.3481
vn -0.9231 0.1575 0.3509
vn -0.7783 0.6160 0.1215
vn -0.7661 0.6040 0.2195
vn -0.7380 0.5787 0.3470
vn -0.8212 0.5573 0.1230
vn -0.8086 0.5453 0.2211
vn -0.7793 0.5210 0.3481
vn -0.8864 0.4456 0.1253
vn -0.8719 0.4353 0.2241
vn -0.8393 0.4152 0.3509
vn -0.4821 0.3739 0.7923
vn -0.5025 0.3284 0.7998
vn -0.5322 0.2579 0.8064
vn -0.5395 0.4186 0.7305
vn -0.5644 0.3698 0.7380
vn -0.6003 0.2913 0.7448
vn -0.6220 0.4829 0.6163
vn -0.6549 0.4304 0.6212
vn -0.7011 0.3409 0.6263
vn -0.7914 0.5840 -0.1806
vn -0.7681 0.5563 -0.3170
vn -0.7178 0.5108 -0.4732
vn -0.8523 0.4636 -0.2422
vn -0.8080 0.4261 -0.4068
vn -0.7289 0.3744 -0.5733
vn -0.9303 0.1627 -0.3287
vn -0.8442 0.1417 -0.5169
vn -0.7220 0.1169 -0.6819
vn -0.4478 0.2971 -0.8433
vn -0.4263 0.1924 -0.8839
vn -0.3892 0.0445 -0.9201
vn -0.4994 0.3380 -0.7977
vn -0.4784 0.2233 -0.8493
vn -0.4393 0.0546 -0.8967
vn -0.5757 0.3958 -0.7155
vn -0.5573 0.2688 -0.7856
vn -0.5186 0.0708 -0.8521
vn -0.1877 -0.5036 -0.8433
vn -0.2054 -0.5670 -0.7977
vn -0.2331 -0.6586 -0.7155
vn -0.2318 -0.4062 -0.8839
vn -0.2558 -0.4619 -0.8493
vn -0.2929 -0.5450 -0.7856
vn -0.2887 -0.2648 -0.9201
vn -0.3233 -0.3024 -0.8967
vn -0.3779 -0.3621 -0.8521
vn -0.2970 -0.9376 -0.1806
vn -0.4170 -0.8760 -0.2422
vn -0.6570 -0.6785 -0.3287
vn -0.2944 -0.9016 -0.3170
vn -0.4033 -0.8197 -0.4068
vn -0.5997 -0.6108 -0.5169
vn -0.2804 -0.8351 -0.4732
vn -0.3696 -0.7313 -0.5733
vn -0.5154 -0.5190 -0.6819
vn -0.4478 0.2971 0.8433
vn -0.4994 0.3380 0.7977
vn -0.5756 0.3958 0.7155
vn -0.4263 0.1924 0.8839
vn -0.4784 0.2233 0.8493
vn -0.5573 0.2688 0.7856
vn -0.3892 0.0445 0.9201
vn -0.4393 0.0546 0.8967
vn -0.5186 0.0708 0.8521
vn -0.7914 0.5840 0.1806
vn -0.8523 0.4636 0.2422
vn -0.9303 0.1627 0.3287
vn -0.7681 0.5563 0.3170
vn -0.8080 0.4261 0.4068
vn -0.8442 0.1417 0.5169
vn -0.7178 0.5108 0.4732
vn -0.7289 0.3744 0.5733
vn -0.7220 0.1169 0.6819
vn -0.2970 -0.9376 0.1806
vn -0.2944 -0.9016 0.3170
vn -0.2804 -0.8351 0.4732
vn -0.4170 -0.8760 0.2422
vn -0.4033 -0.8197 0.4068
vn -0.3696 -0.7313 0.5733
vn -0.6570 -0.6785 0.3287
vn -0.5997 -0.6108 0.5169
vn -0.5154 -0.5190 0.6819
vn -0.1877 -0.5036 0.8433
vn -0.2318 -0.4062 0.8839
vn -0.2887 -0.2648 0.9201
vn -0.2054 -0.5670 0.7977
vn -0.2558 -0.4619 0.8493
vn -0.3233 -0.3024 0.8967
vn -0.2331 -0.6586 0.7155
vn -0.2929 -0.5450 0.7856
vn -0.3779 -0.3621 0.8521
vn -0.2676 -0.9558 -0.1215
vn -0.2648 -0.9390 -0.2195
vn -0.2569 -0.9020 -0.3470
vn -0.3368 -0.9335 -0.1230
vn -0.3336 -0.9164 -0.2211
vn -0.3243 -0.8796 -0.3481
vn -0.4552 -0.8815 -0.1253
vn -0.4495 -0.8647 -0.2241
vn -0.4350 -0.8292 -0.3509
vn -0.1703 -0.5858 -0.7923
vn -0.2135 -0.5611 -0.7998
vn -0.2790 -0.5215 -0.8064
vn -0.1904 -0.6558 -0.7305
vn -0.2393 -0.6309 -0.7380
vn -0.3145 -0.5885 -0.7448
vn -0.2194 -0.7563 -0.6163
vn -0.2769 -0.7331 -0.6212
vn -0.3668 -0.6879 -0.6263
vn -0.5045 -0.3430 -0.7923
vn -0.5649 -0.3838 -0.7305
vn -0.6515 -0.4424 -0.6163
vn -0.4676 -0.3765 -0.7998
vn -0.5261 -0.4225 -0.7380
vn -0.6117 -0.4899 -0.6212
vn -0.4098 -0.4265 -0.8064
vn -0.4625 -0.4809 -0.7448
vn -0.5409 -0.5614 -0.6263
vn -0.8263 -0.5499 -0.1215
vn -0.7837 -0.6088 -0.1230
vn -0.6977 -0.7053 -0.1253
vn -0.8112 -0.5420 -0.2195
vn -0.7684 -0.6005 -0.2211
vn -0.6835 -0.6947 -0.2241
vn -0.7785 -0.5230 -0.3470
vn -0.7363 -0.5802 -0.3481
vn -0.6542 -0.6700 -0.3509
vn -0.1703 -0.5858 0.7923
vn -0.1904 -0.6558 0.7305
vn -0.2194 -0.7563 0.6163
vn -0.2135 -0.5611 0.7998
vn -0.2393 -0.6309 0.7380
vn -0.2769 -0.7331 0.6212
vn -0.2790 -0.5215 0.8064
vn -0.3145 -0.5885 0.7448
vn -0.3668 -0.6879 0.6263
vn -0.2676 -0.9558 0.1215
vn -0.3368 -0.9335 0.1230
vn -0.4552 -0.8815 0.1253
vn -0.2648 -0.9390 0.2195
vn -0.3336 -0.9164 0.2211
vn -0.4495 -0.8647 0.2241
vn -0.2569 -0.9020 0.3470
vn -0.3243 -0.8796 0.3481
vn -0.4350 -0.8292 0.3509
vn -0.8263 -0.5499 0.1215
vn -0.8112 -0.5420 0.2195
vn -0.7785 -0.5230 0.3470
vn -0.7837 -0.6088 0.1230
vn -0.7684 -0.6005 0.2211
vn -0.7363 -0.5802 0.3481
vn -0.6977 -0.7053 0.1253
vn -0.6835 -0.6947 0.2241
vn -0.6542 -0.6700 0.3509
vn -0.5045 -0.3430 0.7923
vn -0.4676 -0.3765 0.7998
vn -0.4098 -0.4265 0.8063
vn -0.5649 -0.3838 0.7305
vn -0.5261 -0.4225 0.7380
vn -0.4625 -0.4809 0.7448
vn -0.6515 -0.4424 0.6163
vn -0.6117 -0.4899 0.6212
vn -0.5409 -0.5614 0.6263
vn -0.3659 -0.3051 -0.8792
vn -0.3531 -0.2990 -0.8865
vn -0.3509 -0.2924 -0.8896
vn -0.2687 -0.3138 -0.9107
vn -0.2572 -0.3068 -0.9164
vn -0.2542 -0.2989 -0.9198
vn -0.1381 -0.3211 -0.9369
vn -0.1314 -0.3131 -0.9406
vn -0.1286 -0.3043 -0.9439
vn 0.1381 -0.3211 -0.9369
vn 0.1314 -0.3131 -0.9406
vn 0.1286 -0.3043 -0.9439
vn 0.2687 -0.3138 -0.9107
vn 0.2572 -0.3068 -0.9164
vn 0.2542 -0.2989 -0.9198
vn 0.3659 -0.3051 -0.8792
vn 0.3531 -0.2990 -0.8865
vn 0.3509 -0.2924 -0.8896
vn -0.3509 -0.2924 0.8896
vn -0.3531 -0.2990 0.8865
vn -0.3659 -0.3051 0.8792
vn -0.2542 -0.2989 0.9198
vn -0.2572 -0.3068 0.9164
vn -0.2687 -0.3138 0.9107
vn -0.1286 -0.3043 0.9439
vn -0.1314 -0.3131 0.9406
vn -0.1381 -0.3211 0.9369
vn 0.1286 -0.3043 0.9439
vn 0.1314 -0.3131 0.9406
vn 0.1381 -0.3211 0.9369
vn 0.2542 -0.2989 0.9198
vn 0.2572 -0.3068 0.9164
vn 0.2687 -0.3138 0.9107
vn 0.3509 -0.2924 0.8896
vn 0.3531 -0.2990 0.8865
vn 0.3659 -0.3051 0.8792
vn -0.8203 -0.5708 0.0364
vn -0.8218 -0.5697 -0.0000
vn -0.8203 -0.5708 -0.0364
vn -0.7406 -0.6701 0.0499
vn -0.7437 -0.6685 -0.0000
vn -0.7406 -0.6701 -0.0499
vn -0.4840 -0.8721 0.0722
vn -0.4880 -0.8728 -0.0000
vn -0.4840 -0.8721 -0.0722
vn 0.4840 -0.8721 0.0722
vn 0.4880 -0.8728 -0.0000
vn 0.4840 -0.8721 -0.0722
vn 0.7406 -0.6701 0.0499
vn 0.7437 -0.6685 -0.0000
vn 0.7406 -0.6701 -0.0499
vn 0.8203 -0.5708 0.0364
vn 0.8218 -0.5697 -0.0000
vn 0.8203 -0.5708 -0.0364
vn -0.4527 -0.3136 0.8347
vn -0.4403 -0.3076 0.8435
vn -0.4267 -0.2996 0.8533
vn -0.4177 -0.3435 0.8411
vn -0.4068 -0.3351 0.8498
vn -0.3974 -0.3220 0.8593
vn -0.3663 -0.3855 0.8469
vn -0.3571 -0.3741 0.8559
vn -0.3497 -0.3580 0.8658
vn -0.2534 -0.4675 0.8469
vn -0.2455 -0.4552 0.8559
vn -0.2325 -0.4432 0.8658
vn -0.1976 -0.5034 0.8411
vn -0.1930 -0.4904 0.8498
vn -0.1834 -0.4774 0.8593
vn -0.1583 -0.5274 0.8347
vn -0.1565 -0.5138 0.8435
vn -0.1530 -0.4984 0.8533
vn 0.2678 -0.9632 -0.0245
vn 0.2676 -0.9635 -0.0000
vn 0.2678 -0.9632 0.0245
vn 0.3365 -0.9414 -0.0249
vn 0.3362 -0.9418 -0.0000
vn 0.3365 -0.9414 0.0249
vn 0.4562 -0.8895 -0.0254
vn 0.4560 -0.8900 -0.0000
vn 0.4562 -0.8895 0.0254
vn 0.7050 -0.7087 -0.0254
vn 0.7055 -0.7087 -0.0000
vn 0.7050 -0.7087 0.0254
vn 0.7913 -0.6109 -0.0249
vn 0.7918 -0.6108 -0.0000
vn 0.7913 -0.6109 0.0249
vn 0.8333 -0.5523 -0.0244
vn 0.8337 -0.5523 -0.0000
vn 0.8333 -0.5523 0.0244
vn -0.1771 -0.4423 0.8792
vn -0.1752 -0.4282 0.8865
vn -0.1697 -0.4241 0.8896
vn -0.2154 -0.3525 0.9107
vn -0.2123 -0.3394 0.9164
vn -0.2057 -0.3341 0.9198
vn -0.2627 -0.2305 0.9369
vn -0.2572 -0.2218 0.9406
vn -0.2497 -0.2163 0.9439
vn -0.3480 0.0321 0.9369
vn -0.3384 0.0282 0.9406
vn -0.3291 0.0283 0.9439
vn -0.3815 0.1586 0.9107
vn -0.3712 0.1498 0.9164
vn -0.3628 0.1494 0.9198
vn -0.4033 0.2537 0.8792
vn -0.3935 0.2435 0.8865
vn -0.3866 0.2433 0.8896
vn 0.7963 0.6038 -0.0364
vn 0.7958 0.6056 -0.0000
vn 0.7963 0.6038 0.0364
vn 0.8661 0.4973 -0.0499
vn 0.8656 0.5007 -0.0000
vn 0.8661 0.4973 0.0499
vn 0.9790 0.1908 -0.0722
vn 0.9809 0.1944 -0.0000
vn 0.9790 0.1908 0.0722
vn 0.6799 -0.7298 -0.0722
vn 0.6793 -0.7339 -0.0000
vn 0.6799 -0.7298 0.0722
vn 0.4084 -0.9114 -0.0499
vn 0.4060 -0.9139 -0.0000
vn 0.4084 -0.9114 0.0499
vn 0.2893 -0.9565 -0.0364
vn 0.2879 -0.9577 -0.0000
vn 0.2893 -0.9565 0.0364
vn -0.4381 0.3336 0.8347
vn -0.4286 0.3237 0.8435
vn -0.4168 0.3133 0.8533
vn -0.4558 0.2911 0.8411
vn -0.4444 0.2833 0.8498
vn -0.4290 0.2784 0.8593
vn -0.4798 0.2292 0.8469
vn -0.4662 0.2240 0.8559
vn -0.4486 0.2219 0.8658
vn -0.5229 0.0966 0.8469
vn -0.5088 0.0928 0.8559
vn -0.4933 0.0841 0.8658
vn -0.5399 0.0324 0.8411
vn -0.5261 0.0320 0.8498
vn -0.5107 0.0269 0.8593
vn -0.5506 -0.0124 0.8347
vn -0.5370 -0.0099 0.8435
vn -0.5213 -0.0085 0.8533
vn 0.9988 -0.0430 -0.0245
vn 0.9991 -0.0432 -0.0000
vn 0.9988 -0.0430 0.0244
vn 0.9993 0.0291 -0.0249
vn 0.9996 0.0288 -0.0000
vn 0.9993 0.0291 0.0249
vn 0.9870 0.1590 -0.0254
vn 0.9873 0.1587 -0.0000
vn 0.9870 0.1590 0.0254
vn 0.8919 0.4515 -0.0254
vn 0.8920 0.4520 -0.0000
vn 0.8919 0.4515 0.0254
vn 0.8255 0.5638 -0.0249
vn 0.8256 0.5643 -0.0000
vn 0.8255 0.5638 0.0249
vn 0.7828 0.6218 -0.0244
vn 0.7829 0.6222 -0.0000
vn 0.7828 0.6218 0.0245
vn -0.4754 0.0318 0.8792
vn -0.4614 0.0343 0.8865
vn -0.4558 0.0303 0.8896
vn -0.4018 0.0959 0.9107
vn -0.3884 0.0970 0.9164
vn -0.3813 0.0924 0.9198
vn -0.3004 0.1786 0.9369
vn -0.2904 0.1761 0.9406
vn -0.2829 0.1706 0.9439
vn -0.0770 0.3409 0.9369
vn -0.0777 0.3306 0.9406
vn -0.0748 0.3218 0.9439
vn 0.0330 0.4118 0.9107
vn 0.0277 0.3993 0.9164
vn 0.0299 0.3912 0.9198
vn 0.1167 0.4619 0.8792
vn 0.1099 0.4495 0.8865
vn 0.1120 0.4428 0.8896
vn -0.3282 0.9439 -0.0364
vn -0.3300 0.9440 -0.0000
vn -0.3282 0.9439 0.0364
vn -0.2053 0.9774 -0.0499
vn -0.2087 0.9780 -0.0000
vn -0.2053 0.9774 0.0499
vn 0.1211 0.9900 -0.0722
vn 0.1182 0.9930 -0.0000
vn 0.1211 0.9900 0.0722
vn 0.9042 0.4211 -0.0722
vn 0.9079 0.4193 -0.0000
vn 0.9042 0.4211 0.0722
vn 0.9930 0.1068 -0.0499
vn 0.9946 0.1037 -0.0000
vn 0.9930 0.1068 0.0499
vn 0.9991 -0.0204 -0.0364
vn 0.9998 -0.0221 -0.0000
vn 0.9991 -0.0204 0.0364
vn 0.1819 0.5198 0.8347
vn 0.1754 0.5077 0.8435
vn 0.1691 0.4932 0.8533
vn 0.1360 0.5234 0.8411
vn 0.1321 0.5102 0.8498
vn 0.1322 0.4941 0.8593
vn 0.0698 0.5272 0.8469
vn 0.0690 0.5126 0.8559
vn 0.0724 0.4952 0.8658
vn -0.0698 0.5272 0.8469
vn -0.0690 0.5126 0.8559
vn -0.0724 0.4952 0.8658
vn -0.1360 0.5234 0.8411
vn -0.1321 0.5102 0.8498
vn -0.1322 0.4941 0.8593
vn -0.1819 0.5198 0.8347
vn -0.1754 0.5077 0.8435
vn -0.1691 0.4932 0.8533
vn 0.3495 0.9366 -0.0244
vn 0.3498 0.9368 -0.0000
vn 0.3495 0.9366 0.0245
vn 0.2811 0.9594 -0.0249
vn 0.2815 0.9595 -0.0000
vn 0.2811 0.9594 0.0249
vn 0.1538 0.9878 -0.0254
vn 0.1542 0.9880 -0.0000
vn 0.1538 0.9878 0.0254
vn -0.1538 0.9878 -0.0254
vn -0.1542 0.9880 -0.0000
vn -0.1538 0.9878 0.0254
vn -0.2811 0.9594 -0.0249
vn -0.2815 0.9595 -0.0000
vn -0.2811 0.9594 0.0249
vn -0.3495 0.9366 -0.0244
vn -0.3498 0.9368 -0.0000
vn -0.3495 0.9366 0.0245
vn -0.1167 0.4619 0.8792
vn -0.1099 0.4495 0.8865
vn -0.1120 0.4428 0.8896
vn -0.0330 0.4118 0.9107
vn -0.0277 0.3993 0.9164
vn -0.0299 0.3912 0.9198
vn 0.0770 0.3409 0.9369
vn 0.0777 0.3306 0.9406
vn 0.0748 0.3218 0.9439
vn 0.3004 0.1786 0.9369
vn 0.2904 0.1761 0.9406
vn 0.2829 0.1706 0.9439
vn 0.4018 0.0959 0.9107
vn 0.3884 0.0970 0.9164
vn 0.3813 0.0924 0.9198
vn 0.4754 0.0318 0.8792
vn 0.4614 0.0343 0.8865
vn 0.4558 0.0304 0.8896
vn -0.9991 -0.0204 -0.0364
vn -0.9998 -0.0221 -0.0000
vn -0.9991 -0.0204 0.0364
vn -0.9930 0.1068 -0.0499
vn -0.9946 0.1037 -0.0000
vn -0.9930 0.1068 0.0499
vn -0.9042 0.4211 -0.0722
vn -0.9079 0.4193 -0.0000
vn -0.9042 0.4211 0.0722
vn -0.1211 0.9900 -0.0722
vn -0.1182 0.9930 -0.0000
vn -0.1211 0.9900 0.0722
vn 0.2053 0.9774 -0.0499
vn 0.2087 0.9780 -0.0000
vn 0.2053 0.9774 0.0499
vn 0.3282 0.9439 -0.0364
vn 0.3300 0.9440 -0.0000
vn 0.3282 0.9439 0.0364
vn 0.5506 -0.0124 0.8347
vn 0.5370 -0.0099 0.8435
vn 0.5213 -0.0085 0.8533
vn 0.5399 0.0324 0.8411
vn 0.5261 0.0320 0.8498
vn 0.5107 0.0269 0.8593
vn 0.5229 0.0966 0.8469
vn 0.5088 0.0928 0.8559
vn 0.4933 0.0841 0.8658
vn 0.4798 0.2292 0.8469
vn 0.4662 0.2240 0.8559
vn 0.4486 0.2219 0.8658
vn 0.4558 0.2911 0.8411
vn 0.4444 0.2833 0.8498
vn 0.4290 0.2784 0.8593
vn 0.4381 0.3336 0.8347
vn 0.4286 0.3237 0.8435
vn 0.4168 0.3133 0.8533
vn -0.7828 0.6218 -0.0244
vn -0.7829 0.6222 -0.0000
vn -0.7828 0.6218 0.0244
vn -0.8255 0.5638 -0.0249
vn -0.8256 0.5643 -0.0000
vn -0.8255 0.5638 0.0249
vn -0.8919 0.4515 -0.0254
vn -0.8920 0.4520 -0.0000
vn -0.8919 0.4515 0.0254
vn -0.9870 0.1590 -0.0254
vn -0.9873 0.1587 -0.0000
vn -0.9870 0.1590 0.0254
vn -0.9993 0.0291 -0.0249
vn -0.9996 0.0288 -0.0000
vn -0.9993 0.0291 0.0249
vn -0.9988 -0.0430 -0.0244
vn -0.9991 -0.0432 -0.0000
vn -0.9988 -0.0430 0.0245
vn 0.4033 0.2537 0.8792
vn 0.3935 0.2435 0.8865
vn 0.3866 0.2433 0.8896
vn 0.3815 0.1586 0.9107
vn 0.3712 0.1498 0.9164
vn 0.3628 0.1494 0.9198
vn 0.3480 0.0321 0.9369
vn 0.3384 0.0282 0.9406
vn 0.3291 0.0283 0.9439
vn 0.2627 -0.2305 0.9369
vn 0.2572 -0.2218 0.9406
vn 0.2497 -0.2163 0.9439
vn 0.2154 -0.3525 0.9107
vn 0.2123 -0.3394 0.9164
vn 0.2057 -0.3341 0.9198
vn 0.1771 -0.4423 0.8792
vn 0.1752 -0.4282 0.8865
vn 0.1697 -0.4241 0.8896
vn -0.2893 -0.9565 -0.0364
vn -0.2879 -0.9577 -0.0000
vn -0.2893 -0.9565 0.0364
vn -0.4084 -0.9114 -0.0499
vn -0.4060 -0.9139 -0.0000
vn -0.4084 -0.9114 0.0499
vn -0.6799 -0.7298 -0.0722
vn -0.6793 -0.7339 -0.0000
vn -0.6799 -0.7298 0.0722
vn -0.9790 0.1908 -0.0722
vn -0.9809 0.1944 -0.0000
vn -0.9790 0.1908 0.0722
vn -0.8661 0.4973 -0.0499
vn -0.8656 0.5007 -0.0000
vn -0.8661 0.4973 0.0499
vn -0.7963 0.6038 -0.0364
vn -0.7958 0.6056 -0.0000
vn -0.7963 0.6038 0.0364
vn 0.1583 -0.5274 0.8347
vn 0.1565 -0.5138 0.8435
vn 0.1531 -0.4984 0.8533
vn 0.1976 -0.5034 0.8411
vn 0.1930 -0.4904 0.8498
vn 0.1834 -0.4774 0.8593
vn 0.2534 -0.4675 0.8469
vn 0.2455 -0.4552 0.8559
vn 0.2325 -0.4432 0.8658
vn 0.3663 -0.3855 0.8469
vn 0.3571 -0.3741 0.8559
vn 0.3497 -0.3580 0.8658
vn 0.4177 -0.3435 0.8411
vn 0.4068 -0.3351 0.8498
vn 0.3974 -0.3220 0.8593
vn 0.4527 -0.3136 0.8347
vn 0.4403 -0.3076 0.8435
vn 0.4267 -0.2996 0.8533
vn -0.8333 -0.5523 -0.0244
vn -0.8337 -0.5523 -0.0000
vn -0.8333 -0.5523 0.0244
vn -0.7913 -0.6109 -0.0249
vn -0.7918 -0.6108 -0.0000
vn -0.7913 -0.6109 0.0249
vn -0.7050 -0.7087 -0.0254
vn -0.7055 -0.7087 -0.0000
vn -0.7050 -0.7087 0.0254
vn -0.4562 -0.8895 -0.0254
vn -0.4560 -0.8900 -0.0000
vn -0.4562 -0.8895 0.0254
vn -0.3365 -0.9414 -0.0249
vn -0.3362 -0.9418 -0.0000
vn -0.3365 -0.9414 0.0249
vn -0.2678 -0.9632 -0.0244
vn -0.2676 -0.9635 -0.0000
vn -0.2678 -0.9632 0.0245
vn -0.8510 -0.5110 0.1213
vn -0.8517 -0.5093 0.1236
vn -0.8476 -0.5144 0.1306
vn -0.8359 -0.5027 0.2202
vn -0.8358 -0.5010 0.2244
vn -0.8296 -0.5059 0.2362
vn -0.8025 -0.4836 0.3495
vn -0.8011 -0.4816 0.3555
vn -0.7916 -0.4853 0.3713
vn -0.6786 -0.4104 0.6092
vn -0.6762 -0.4094 0.6124
vn -0.6604 -0.4102 0.6290
vn -0.5961 -0.3602 0.7176
vn -0.5944 -0.3612 0.7185
vn -0.5772 -0.3612 0.7324
vn -0.5348 -0.3227 0.7809
vn -0.5322 -0.3243 0.7820
vn -0.5156 -0.3248 0.7929
vn -0.5348 -0.3227 -0.7809
vn -0.5322 -0.3243 -0.7820
vn -0.5156 -0.3248 -0.7929
vn -0.5961 -0.3602 -0.7176
vn -0.5944 -0.3612 -0.7185
vn -0.5772 -0.3612 -0.7324
vn -0.6786 -0.4104 -0.6092
vn -0.6762 -0.4094 -0.6124
vn -0.6604 -0.4102 -0.6290
vn -0.8025 -0.4836 -0.3495
vn -0.8011 -0.4816 -0.3555
vn -0.7916 -0.4853 -0.3713
vn -0.8359 -0.5027 -0.2202
vn -0.8358 -0.5010 -0.2244
vn -0.8296 -0.5059 -0.2362
vn -0.8510 -0.5110 -0.1213
vn -0.8517 -0.5093 -0.1236
vn -0.8476 -0.5144 -0.1306
vn -0.2273 -0.9650 0.1306
vn -0.2212 -0.9674 0.1236
vn -0.2230 -0.9673 0.1213
vn -0.2248 -0.9453 0.2362
vn -0.2182 -0.9497 0.2244
vn -0.2198 -0.9504 0.2202
vn -0.2170 -0.9028 0.3713
vn -0.2105 -0.9107 0.3555
vn -0.2120 -0.9127 0.3495
vn -0.1860 -0.7549 0.6290
vn -0.1804 -0.7697 0.6124
vn -0.1806 -0.7722 0.6092
vn -0.1651 -0.6606 0.7324
vn -0.1598 -0.6769 0.7185
vn -0.1584 -0.6782 0.7176
vn -0.1496 -0.5907 0.7929
vn -0.1440 -0.6064 0.7820
vn -0.1417 -0.6083 0.7809
vn -0.1496 -0.5907 -0.7929
vn -0.1440 -0.6064 -0.7820
vn -0.1417 -0.6083 -0.7809
vn -0.1651 -0.6606 -0.7324
vn -0.1598 -0.6769 -0.7185
vn -0.1584 -0.6782 -0.7176
vn -0.1860 -0.7549 -0.6290
vn -0.1804 -0.7697 -0.6124
vn -0.1806 -0.7722 -0.6092
vn -0.2170 -0.9028 -0.3713
vn -0.2105 -0.9107 -0.3555
vn -0.2120 -0.9127 -0.3495
vn -0.2248 -0.9453 -0.2362
vn -0.2182 -0.9497 -0.2244
vn -0.2198 -0.9504 -0.2202
vn -0.2273 -0.9650 -0.1306
vn -0.2212 -0.9674 -0.1236
vn -0.2230 -0.9673 -0.1213
vn -0.7489 0.6515 0.1213
vn -0.7475 0.6526 0.1236
vn -0.7511 0.6472 0.1306
vn -0.7364 0.6397 0.2202
vn -0.7348 0.6401 0.2244
vn -0.7375 0.6327 0.2362
vn -0.7079 0.6137 0.3495
vn -0.7056 0.6130 0.3555
vn -0.7062 0.6029 0.3713
vn -0.6000 0.5186 0.6092
vn -0.5983 0.5166 0.6124
vn -0.5942 0.5013 0.6290
vn -0.5268 0.4556 0.7176
vn -0.5272 0.4537 0.7185
vn -0.5219 0.4374 0.7324
vn -0.4722 0.4089 0.7809
vn -0.4729 0.4060 0.7820
vn -0.4682 0.3900 0.7929
vn -0.4722 0.4089 -0.7809
vn -0.4729 0.4060 -0.7820
vn -0.4682 0.3900 -0.7929
vn -0.5268 0.4556 -0.7176
vn -0.5272 0.4537 -0.7185
vn -0.5219 0.4374 -0.7324
vn -0.6000 0.5186 -0.6092
vn -0.5983 0.5166 -0.6124
vn -0.5942 0.5013 -0.6290
vn -0.7079 0.6137 -0.3495
vn -0.7056 0.6130 -0.3555
vn -0.7062 0.6029 -0.3713
vn -0.7364 0.6397 -0.2202
vn -0.7348 0.6401 -0.2244
vn -0.7375 0.6327 -0.2362
vn -0.7489 0.6515 -0.1213
vn -0.7475 0.6526 -0.1236
vn -0.7511 0.6472 -0.1306
vn -0.9880 -0.0821 0.1306
vn -0.9884 -0.0886 0.1236
vn -0.9888 -0.0868 0.1213
vn -0.9685 -0.0783 0.2362
vn -0.9707 -0.0859 0.2244
vn -0.9718 -0.0846 0.2202
vn -0.9257 -0.0726 0.3713
vn -0.9311 -0.0812 0.3555
vn -0.9335 -0.0804 0.3495
vn -0.7754 -0.0563 0.6290
vn -0.7877 -0.0663 0.6124
vn -0.7902 -0.0668 0.6092
vn -0.6793 -0.0471 0.7324
vn -0.6932 -0.0572 0.7185
vn -0.6940 -0.0589 0.7176
vn -0.6080 -0.0403 0.7929
vn -0.6212 -0.0505 0.7820
vn -0.6223 -0.0533 0.7809
vn -0.6080 -0.0403 -0.7929
vn -0.6212 -0.0505 -0.7820
vn -0.6223 -0.0533 -0.7809
vn -0.6793 -0.0471 -0.7324
vn -0.6932 -0.0572 -0.7185
vn -0.6940 -0.0589 -0.7176
vn -0.7754 -0.0563 -0.6290
vn -0.7877 -0.0663 -0.6124
vn -0.7902 -0.0668 -0.6092
vn -0.9257 -0.0726 -0.3713
vn -0.9311 -0.0812 -0.3555
vn -0.9335 -0.0804 -0.3495
vn -0.9685 -0.0783 -0.2362
vn -0.9707 -0.0859 -0.2244
vn -0.9718 -0.0846 -0.2202
vn -0.9880 -0.0821 -0.1306
vn -0.9884 -0.0886 -0.1236
vn -0.9888 -0.0868 -0.1213
vn 0.3881 0.9136 0.1213
vn 0.3897 0.9126 0.1236
vn 0.3834 0.9143 0.1306
vn 0.3808 0.8981 0.2202
vn 0.3817 0.8966 0.2244
vn 0.3738 0.8969 0.2362
vn 0.3649 0.8630 0.3495
vn 0.3650 0.8605 0.3555
vn 0.3551 0.8579 0.3713
vn 0.3078 0.7309 0.6092
vn 0.3065 0.7287 0.6124
vn 0.2932 0.7200 0.6290
vn 0.2705 0.6418 0.7176
vn 0.2686 0.6416 0.7185
vn 0.2547 0.6315 0.7324
vn 0.2430 0.5754 0.7809
vn 0.2400 0.5752 0.7820
vn 0.2262 0.5658 0.7929
vn 0.2430 0.5754 -0.7809
vn 0.2400 0.5752 -0.7820
vn 0.2262 0.5658 -0.7929
vn 0.2705 0.6418 -0.7176
vn 0.2686 0.6416 -0.7185
vn 0.2547 0.6315 -0.7324
vn 0.3078 0.7309 -0.6092
vn 0.3064 0.7287 -0.6124
vn 0.2932 0.7200 -0.6290
vn 0.3649 0.8630 -0.3495
vn 0.3650 0.8605 -0.3555
vn 0.3551 0.8579 -0.3713
vn 0.3808 0.8981 -0.2202
vn 0.3817 0.8966 -0.2244
vn 0.3738 0.8969 -0.2362
vn 0.3881 0.9136 -0.1213
vn 0.3897 0.9126 -0.1236
vn 0.3834 0.9143 -0.1306
vn -0.3834 0.9143 0.1306
vn -0.3897 0.9126 0.1236
vn -0.3881 0.9136 0.1213
vn -0.3738 0.8969 0.2362
vn -0.3817 0.8966 0.2244
vn -0.3808 0.8981 0.2202
vn -0.3551 0.8579 0.3713
vn -0.3650 0.8605 0.3555
vn -0.3649 0.8630 0.3495
vn -0.2932 0.7200 0.6290
vn -0.3065 0.7287 0.6124
vn -0.3078 0.7309 0.6092
vn -0.2547 0.6315 0.7324
vn -0.2686 0.6416 0.7185
vn -0.2705 0.6418 0.7176
vn -0.2262 0.5658 0.7929
vn -0.2400 0.5752 0.7820
vn -0.2430 0.5754 0.7809
vn -0.2262 0.5658 -0.7929
vn -0.2400 0.5752 -0.7820
vn -0.2430 0.5754 -0.7809
vn -0.2547 0.6315 -0.7324
vn -0.2686 0.6416 -0.7185
vn -0.2705 0.6418 -0.7176
vn -0.2932 0.7200 -0.6290
vn -0.3065 0.7287 -0.6124
vn -0.3078 0.7309 -0.6092
vn -0.3551 0.8579 -0.3713
vn -0.3650 0.8605 -0.3555
vn -0.3649 0.8630 -0.3495
vn -0.3738 0.8969 -0.2362
vn -0.3817 0.8966 -0.2244
vn -0.3808 0.8981 -0.2202
vn -0.3834 0.9143 -0.1306
vn -0.3897 0.9126 -0.1236
vn -0.3881 0.9136 -0.1213
vn 0.9888 -0.0868 0.1213
vn 0.9884 -0.0886 0.1236
vn 0.9880 -0.0821 0.1306
vn 0.9718 -0.0846 0.2202
vn 0.9707 -0.0859 0.2244
vn 0.9685 -0.0783 0.2362
vn 0.9335 -0.0804 0.3495
vn 0.9311 -0.0812 0.3555
vn 0.9257 -0.0726 0.3713
vn 0.7902 -0.0668 0.6092
vn 0.7877 -0.0663 0.6124
vn 0.7754 -0.0563 0.6290
vn 0.6940 -0.0589 0.7176
vn 0.6932 -0.0572 0.7185
vn 0.6793 -0.0471 0.7324
vn 0.6223 -0.0533 0.7809
vn 0.6212 -0.0505 0.7820
vn 0.6080 -0.0403 0.7929
vn 0.6223 -0.0533 -0.7809
vn 0.6212 -0.0505 -0.7820
vn 0.6080 -0.0403 -0.7929
vn 0.6940 -0.0590 -0.7176
vn 0.6932 -0.0572 -0.7185
vn 0.6793 -0.0471 -0.7324
vn 0.7902 -0.0668 -0.6092
vn 0.7877 -0.0663 -0.6124
vn 0.7754 -0.0563 -0.6290
vn 0.9335 -0.0804 -0.3495
vn 0.9311 -0.0812 -0.3555
vn 0.9257 -0.0726 -0.3713
vn 0.9718 -0.0846 -0.2202
vn 0.9707 -0.0859 -0.2244
vn 0.9685 -0.0783 -0.2362
vn 0.9888 -0.0868 -0.1213
vn 0.9884 -0.0886 -0.1236
vn 0.9880 -0.0821 -0.1306
vn 0.7511 0.6472 0.1306
vn 0.7475 0.6526 0.1236
vn 0.7489 0.6515 0.1213
vn 0.7375 0.6327 0.2362
vn 0.7348 0.6401 0.2244
vn 0.7364 0.6397 0.2202
vn 0.7062 0.6029 0.3713
vn 0.7056 0.6130 0.3555
vn 0.7079 0.6137 0.3495
vn 0.5942 0.5013 0.6290
vn 0.5983 0.5166 0.6124
vn 0.6000 0.5186 0.6092
vn 0.5219 0.4374 0.7324
vn 0.5272 0.4537 0.7185
vn 0.5268 0.4556 0.7176
vn 0.4682 0.3900 0.7929
vn 0.4729 0.4060 0.7820
vn 0.4722 0.4089 0.7809
vn 0.4682 0.3900 -0.7929
vn 0.4729 0.4060 -0.7820
vn 0.4722 0.4089 -0.7809
vn 0.5219 0.4374 -0.7324
vn 0.5272 0.4537 -0.7185
vn 0.5268 0.4556 -0.7176
vn 0.5942 0.5013 -0.6290
vn 0.5983 0.5166 -0.6124
vn 0.6000 0.5186 -0.6092
vn 0.7062 0.6029 -0.3713
vn 0.7056 0.6130 -0.3555
vn 0.7079 0.6137 -0.3495
vn 0.7375 0.6327 -0.2362
vn 0.7348 0.6401 -0.2244
vn 0.7364 0.6397 -0.2202
vn 0.7511 0.6472 -0.1306
vn 0.7475 0.6526 -0.1236
vn 0.7489 0.6515 -0.1213
vn 0.2230 -0.9673 0.1213
vn 0.2212 -0.9674 0.1236
vn 0.2273 -0.9650 0.1306
vn 0.2198 -0.9504 0.2202
vn 0.2182 -0.9497 0.2244
vn 0.2248 -0.9453 0.2362
vn 0.2120 -0.9127 0.3495
vn 0.2105 -0.9107 0.3555
vn 0.2170 -0.9028 0.3713
vn 0.1806 -0.7722 0.6092
vn 0.1804 -0.7697 0.6124
vn 0.1860 -0.7549 0.6290
vn 0.1584 -0.6782 0.7176
vn 0.1598 -0.6769 0.7185
vn 0.1651 -0.6606 0.7324
vn 0.1417 -0.6083 0.7809
vn 0.1440 -0.6064 0.7820
vn 0.1496 -0.5907 0.7929
vn 0.1417 -0.6083 -0.7809
vn 0.1440 -0.6064 -0.7820
vn 0.1496 -0.5907 -0.7929
vn 0.1584 -0.6782 -0.7176
vn 0.1598 -0.6769 -0.7185
vn 0.1651 -0.6606 -0.7324
vn 0.1806 -0.7722 -0.6092
vn 0.1804 -0.7697 -0.6124
vn 0.1860 -0.7549 -0.6290
vn 0.2120 -0.9127 -0.3495
vn 0.2105 -0.9107 -0.3555
vn 0.2170 -0.9028 -0.3713
vn 0.2198 -0.9504 -0.2202
vn 0.2182 -0.9497 -0.2244
vn 0.2248 -0.9453 -0.2362
vn 0.2230 -0.9673 -0.1213
vn 0.2212 -0.9674 -0.1236
vn 0.2273 -0.9650 -0.1306
vn 0.8476 -0.5144 0.1306
vn 0.8517 -0.5093 0.1236
vn 0.8510 -0.5110 0.1213
vn 0.8296 -0.5059 0.2362
vn 0.8358 -0.5010 0.2244
vn 0.8359 -0.5027 0.2202
vn 0.7916 -0.4853 0.3713
vn 0.8011 -0.4816 0.3555
vn 0.8025 -0.4836 0.3495
vn 0.6604 -0.4102 0.6290
vn 0.6762 -0.4094 0.6124
vn 0.6786 -0.4104 0.6092
vn 0.5772 -0.3612 0.7324
vn 0.5944 -0.3612 0.7185
vn 0.5961 -0.3602 0.7176
vn 0.5156 -0.3248 0.7929
vn 0.5322 -0.3243 0.7820
vn 0.5348 -0.3227 0.7809
vn 0.5156 -0.3248 -0.7929
vn 0.5322 -0.3243 -0.7820
vn 0.5348 -0.3227 -0.7809
vn 0.5772 -0.3612 -0.7324
vn 0.5944 -0.3612 -0.7185
vn 0.5961 -0.3602 -0.7176
vn 0.6604 -0.4102 -0.6290
vn 0.6762 -0.4094 -0.6124
vn 0.6786 -0.4104 -0.6092
vn 0.7916 -0.4853 -0.3713
vn 0.8011 -0.4816 -0.3555
vn 0.8025 -0.4836 -0.3495
vn 0.8296 -0.5059 -0.2362
vn 0.8358 -0.5010 -0.2244
vn 0.8359 -0.5027 -0.2202
vn 0.8476 -0.5144 -0.1306
vn 0.8517 -0.5093 -0.1236
vn 0.8510 -0.5110 -0.1213
vn 0.1530 -0.4984 -0.8533
vn 0.1565 -0.5138 -0.8435
vn 0.1583 -0.5274 -0.8347
vn 0.1834 -0.4774 -0.8593
vn 0.1930 -0.4904 -0.8498
vn 0.1976 -0.5034 -0.8411
vn 0.2325 -0.4432 -0.8658
vn 0.2455 -0.4552 -0.8559
vn 0.2534 -0.4675 -0.8469
vn 0.3497 -0.3580 -0.8658
vn 0.3571 -0.3741 -0.8559
vn 0.3663 -0.3855 -0.8469
vn 0.3974 -0.3220 -0.8593
vn 0.4068 -0.3351 -0.8498
vn 0.4177 -0.3435 -0.8411
vn 0.4267 -0.2996 -0.8533
vn 0.4403 -0.3076 -0.8435
vn 0.4527 -0.3136 -0.8347
vn 0.3866 0.2433 -0.8896
vn 0.3935 0.2435 -0.8865
vn 0.4033 0.2537 -0.8792
vn 0.3628 0.1494 -0.9198
vn 0.3712 0.1498 -0.9164
vn 0.3815 0.1586 -0.9107
vn 0.3291 0.0283 -0.9439
vn 0.3384 0.0282 -0.9406
vn 0.3480 0.0321 -0.9369
vn 0.2497 -0.2163 -0.9439
vn 0.2572 -0.2218 -0.9406
vn 0.2627 -0.2305 -0.9369
vn 0.2057 -0.3341 -0.9198
vn 0.2123 -0.3394 -0.9164
vn 0.2154 -0.3525 -0.9107
vn 0.1697 -0.4241 -0.8896
vn 0.1752 -0.4283 -0.8865
vn 0.1771 -0.4423 -0.8792
vn 0.5213 -0.0085 -0.8533
vn 0.5370 -0.0099 -0.8435
vn 0.5506 -0.0124 -0.8347
vn 0.5107 0.0269 -0.8593
vn 0.5261 0.0320 -0.8498
vn 0.5399 0.0324 -0.8411
vn 0.4933 0.0841 -0.8658
vn 0.5088 0.0928 -0.8559
vn 0.5229 0.0966 -0.8469
vn 0.4486 0.2219 -0.8658
vn 0.4662 0.2240 -0.8559
vn 0.4798 0.2292 -0.8469
vn 0.4290 0.2784 -0.8593
vn 0.4444 0.2833 -0.8498
vn 0.4558 0.2911 -0.8411
vn 0.4168 0.3133 -0.8533
vn 0.4286 0.3237 -0.8435
vn 0.4381 0.3336 -0.8347
vn -0.1120 0.4428 -0.8896
vn -0.1099 0.4495 -0.8865
vn -0.1167 0.4619 -0.8792
vn -0.0299 0.3912 -0.9198
vn -0.0277 0.3993 -0.9164
vn -0.0330 0.4118 -0.9107
vn 0.0748 0.3218 -0.9439
vn 0.0777 0.3306 -0.9406
vn 0.0770 0.3409 -0.9369
vn 0.2829 0.1706 -0.9439
vn 0.2904 0.1761 -0.9406
vn 0.3004 0.1786 -0.9369
vn 0.3813 0.0924 -0.9198
vn 0.3884 0.0970 -0.9164
vn 0.4018 0.0959 -0.9107
vn 0.4558 0.0304 -0.8896
vn 0.4614 0.0343 -0.8865
vn 0.4754 0.0318 -0.8792
vn 0.1691 0.4932 -0.8533
vn 0.1754 0.5077 -0.8435
vn 0.1819 0.5198 -0.8347
vn 0.1322 0.4941 -0.8593
vn 0.1321 0.5102 -0.8498
vn 0.1360 0.5234 -0.8411
vn 0.0724 0.4952 -0.8658
vn 0.0690 0.5126 -0.8559
vn 0.0698 0.5272 -0.8469
vn -0.0724 0.4952 -0.8658
vn -0.0690 0.5126 -0.8559
vn -0.0698 0.5272 -0.8469
vn -0.1322 0.4941 -0.8593
vn -0.1321 0.5102 -0.8498
vn -0.1360 0.5234 -0.8411
vn -0.1691 0.4932 -0.8533
vn -0.1754 0.5077 -0.8435
vn -0.1819 0.5198 -0.8347
vn -0.4558 0.0304 -0.8896
vn -0.4614 0.0343 -0.8865
vn -0.4754 0.0318 -0.8792
vn -0.3813 0.0924 -0.9198
vn -0.3884 0.0970 -0.9164
vn -0.4018 0.0959 -0.9107
vn -0.2829 0.1706 -0.9439
vn -0.2904 0.1761 -0.9406
vn -0.3004 0.1786 -0.9369
vn -0.0748 0.3218 -0.9439
vn -0.0777 0.3306 -0.9406
vn -0.0770 0.3409 -0.9369
vn 0.0299 0.3912 -0.9198
vn 0.0277 0.3993 -0.9164
vn 0.0330 0.4118 -0.9107
vn 0.1120 0.4428 -0.8896
vn 0.1099 0.4495 -0.8865
vn 0.1167 0.4619 -0.8792
vn -0.4168 0.3133 -0.8533
vn -0.4286 0.3237 -0.8435
vn -0.4381 0.3336 -0.8347
vn -0.4290 0.2784 -0.8593
vn -0.4444 0.2833 -0.8498
vn -0.4558 0.2911 -0.8411
vn -0.4486 0.2219 -0.8658
vn -0.4662 0.2240 -0.8559
vn -0.4798 0.2292 -0.8469
vn -0.4933 0.0841 -0.8658
vn -0.5088 0.0928 -0.8559
vn -0.5229 0.0966 -0.8469
vn -0.5107 0.0269 -0.8593
vn -0.5261 0.0320 -0.8498
vn -0.5399 0.0324 -0.8411
vn -0.5213 -0.0085 -0.8533
vn -0.5370 -0.0099 -0.8435
vn -0.5506 -0.0124 -0.8347
vn -0.1697 -0.4241 -0.8896
vn -0.1752 -0.4282 -0.8865
vn -0.1771 -0.4423 -0.8792
vn -0.2057 -0.3341 -0.9198
vn -0.2123 -0.3394 -0.9164
vn -0.2154 -0.3525 -0.9107
vn -0.2497 -0.2163 -0.9439
vn -0.2572 -0.2218 -0.9406
vn -0.2627 -0.2305 -0.9369
vn -0.3291 0.0283 -0.9439
vn -0.3384 0.0282 -0.9406
vn -0.3480 0.0321 -0.9369
vn -0.3628 0.1494 -0.9198
vn -0.3712 0.1498 -0.9164
vn -0.3815 0.1586 -0.9107
vn -0.3866 0.2433 -0.8896
vn -0.3935 0.2435 -0.8865
vn -0.4033 0.2537 -0.8792
vn -0.4267 -0.2996 -0.8533
vn -0.4403 -0.3076 -0.8435
vn -0.4527 -0.3136 -0.8347
vn -0.3974 -0.3220 -0.8593
vn -0.4068 -0.3351 -0.8498
vn -0.4177 -0.3435 -0.8411
vn -0.3497 -0.3580 -0.8658
vn -0.3571 -0.3741 -0.8559
vn -0.3663 -0.3855 -0.8469
vn -0.2325 -0.4432 -0.8658
vn -0.2455 -0.4552 -0.8559
vn -0.2534 -0.4675 -0.8469
vn -0.1834 -0.4774 -0.8593
vn -0.1930 -0.4904 -0.8498
vn -0.1976 -0.5034 -0.8411
vn -0.1530 -0.4984 -0.8533
vn -0.1565 -0.5138 -0.8435
vn -0.1583 -0.5274 -0.8347
vn 0.4652 -0.2892 0.8366
vn 0.4459 -0.2863 0.8480
vn 0.4473 -0.2903 0.8460
vn 0.4591 -0.2954 0.8378
vn 0.4762 -0.2932 0.8290
vn 0.4804 -0.2917 0.8271
vn 0.4653 -0.2873 0.8372
vn -0.4652 -0.2892 0.8366
vn -0.4459 -0.2863 0.8480
vn -0.4653 -0.2873 0.8372
vn -0.4804 -0.2917 0.8271
vn -0.4762 -0.2932 0.8290
vn -0.4591 -0.2954 0.8378
vn -0.4473 -0.2903 0.8460
vn -0.1313 -0.5318 0.8366
vn -0.1345 -0.5126 0.8480
vn -0.1379 -0.5151 0.8460
vn -0.1391 -0.5279 0.8378
vn -0.1317 -0.5435 0.8290
vn -0.1290 -0.5470 0.8271
vn -0.1295 -0.5313 0.8372
vn -0.4188 0.3530 0.8366
vn -0.4101 0.3356 0.8480
vn -0.4171 0.3537 0.8372
vn -0.4259 0.3668 0.8271
vn -0.4260 0.3623 0.8290
vn -0.4228 0.3454 0.8378
vn -0.4143 0.3356 0.8460
vn -0.5463 -0.0394 0.8366
vn -0.5291 -0.0305 0.8480
vn -0.5325 -0.0280 0.8460
vn -0.5451 -0.0309 0.8378
vn -0.5576 -0.0427 0.8290
vn -0.5601 -0.0464 0.8271
vn -0.5453 -0.0410 0.8372
vn 0.2063 0.5074 0.8366
vn 0.1925 0.4937 0.8480
vn 0.2075 0.5060 0.8372
vn 0.2172 0.5184 0.8271
vn 0.2129 0.5171 0.8290
vn 0.1978 0.5089 0.8378
vn 0.1912 0.4978 0.8460
vn -0.2063 0.5074 0.8366
vn -0.1925 0.4937 0.8480
vn -0.1912 0.4978 0.8460
vn -0.1978 0.5089 0.8378
vn -0.2129 0.5171 0.8290
vn -0.2172 0.5184 0.8271
vn -0.2075 0.5060 0.8372
vn 0.5463 -0.0394 0.8366
vn 0.5291 -0.0305 0.8480
vn 0.5453 -0.0410 0.8372
vn 0.5601 -0.0464 0.8271
vn 0.5576 -0.0427 0.8290
vn 0.5451 -0.0309 0.8378
vn 0.5325 -0.0280 0.8460
vn 0.4188 0.3530 0.8366
vn 0.4101 0.3356 0.8480
vn 0.4143 0.3356 0.8460
vn 0.4228 0.3454 0.8378
vn 0.4260 0.3623 0.8290
vn 0.4259 0.3668 0.8271
vn 0.4171 0.3537 0.8372
vn 0.1313 -0.5318 0.8366
vn 0.1345 -0.5126 0.8480
vn 0.1295 -0.5313 0.8372
vn 0.1290 -0.5470 0.8271
vn 0.1317 -0.5435 0.8290
vn 0.1391 -0.5279 0.8378
vn 0.1379 -0.5151 0.8460
vn -0.4652 -0.2892 -0.8366
vn -0.4804 -0.2917 -0.8271
vn -0.4653 -0.2873 -0.8372
vn -0.4459 -0.2863 -0.8480
vn -0.4473 -0.2903 -0.8460
vn -0.4591 -0.2954 -0.8378
vn -0.4762 -0.2932 -0.8290
vn 0.4652 -0.2892 -0.8366
vn 0.4591 -0.2954 -0.8378
vn 0.4473 -0.2903 -0.8460
vn 0.4459 -0.2863 -0.8480
vn 0.4653 -0.2873 -0.8372
vn 0.4804 -0.2917 -0.8271
vn 0.4762 -0.2932 -0.8290
vn 0.1313 -0.5318 -0.8366
vn 0.1290 -0.5470 -0.8271
vn 0.1295 -0.5313 -0.8372
vn 0.1345 -0.5126 -0.8480
vn 0.1379 -0.5151 -0.8460
vn 0.1391 -0.5279 -0.8378
vn 0.1317 -0.5435 -0.8290
vn 0.4188 0.3530 -0.8366
vn 0.4228 0.3454 -0.8378
vn 0.4143 0.3356 -0.8460
vn 0.4101 0.3356 -0.8480
vn 0.4171 0.3537 -0.8372
vn 0.4259 0.3668 -0.8271
vn 0.4260 0.3623 -0.8290
vn 0.5463 -0.0394 -0.8366
vn 0.5601 -0.0464 -0.8271
vn 0.5453 -0.0410 -0.8372
vn 0.5291 -0.0305 -0.8480
vn 0.5325 -0.0280 -0.8460
vn 0.5451 -0.0309 -0.8378
vn 0.5576 -0.0427 -0.8290
vn -0.2063 0.5074 -0.8366
vn -0.1978 0.5089 -0.8378
vn -0.1912 0.4978 -0.8460
vn -0.1925 0.4937 -0.8480
vn -0.2075 0.5060 -0.8372
vn -0.2172 0.5184 -0.8271
vn -0.2129 0.5171 -0.8290
vn 0.2063 0.5074 -0.8366
vn 0.2172 0.5184 -0.8271
vn 0.2075 0.5060 -0.8372
vn 0.1925 0.4937 -0.8480
vn 0.1912 0.4978 -0.8460
vn 0.1978 0.5089 -0.8378
vn 0.2129 0.5171 -0.8290
vn -0.5463 -0.0394 -0.8366
vn -0.5451 -0.0309 -0.8378
vn -0.5325 -0.0280 -0.8460
vn -0.5291 -0.0305 -0.8480
vn -0.5453 -0.0410 -0.8372
vn -0.5601 -0.0464 -0.8271
vn -0.5576 -0.0427 -0.8290
vn -0.4188 0.3530 -0.8366
vn -0.4259 0.3668 -0.8271
vn -0.4171 0.3537 -0.8372
vn -0.4101 0.3356 -0.8480
vn -0.4143 0.3356 -0.8460
vn -0.4228 0.3454 -0.8378
vn -0.4260 0.3623 -0.8290
vn -0.1313 -0.5318 -0.8366
vn -0.1391 -0.5279 -0.8378
vn -0.1379 -0.5151 -0.8460
vn -0.1345 -0.5126 -0.8480
vn -0.1295 -0.5313 -0.8372
vn -0.1290 -0.5470 -0.8271
vn -0.1317 -0.5435 -0.8290
vn 0.8561 -0.5162 0.0261
vn 0.8565 -0.5161 -0.0000
vn 0.8561 -0.5162 -0.0261
vn 0.8587 -0.5119 0.0247
vn 0.8590 -0.5119 -0.0000
vn 0.8587 -0.5119 -0.0247
vn 0.8575 -0.5140 0.0243
vn 0.8578 -0.5140 -0.0000
vn 0.8575 -0.5140 -0.0243
vn -0.8575 -0.5140 0.0243
vn -0.8578 -0.5140 -0.0000
vn -0.8575 -0.5140 -0.0243
vn -0.8587 -0.5119 0.0247
vn -0.8590 -0.5119 -0.0000
vn -0.8587 -0.5119 -0.0247
vn -0.8561 -0.5162 0.0261
vn -0.8565 -0.5161 -0.0000
vn -0.8561 -0.5162 -0.0261
vn 0.2238 -0.9743 0.0243
vn 0.2238 -0.9746 -0.0000
vn 0.2238 -0.9743 -0.0243
vn 0.2215 -0.9748 0.0247
vn 0.2214 -0.9752 -0.0000
vn 0.2215 -0.9748 -0.0247
vn 0.2264 -0.9737 0.0261
vn 0.2261 -0.9741 -0.0000
vn 0.2264 -0.9737 -0.0261
vn 0.7555 0.6546 0.0261
vn 0.7555 0.6552 -0.0000
vn 0.7555 0.6546 -0.0261
vn 0.7522 0.6585 0.0247
vn 0.7523 0.6588 -0.0000
vn 0.7522 0.6585 -0.0247
vn 0.7538 0.6567 0.0243
vn 0.7539 0.6570 -0.0000
vn 0.7538 0.6567 -0.0243
vn 0.9958 -0.0882 0.0243
vn 0.9961 -0.0883 -0.0000
vn 0.9958 -0.0882 -0.0243
vn 0.9956 -0.0906 0.0247
vn 0.9959 -0.0908 -0.0000
vn 0.9956 -0.0906 -0.0247
vn 0.9960 -0.0856 0.0261
vn 0.9963 -0.0860 -0.0000
vn 0.9960 -0.0856 -0.0261
vn -0.3892 0.9208 0.0261
vn -0.3896 0.9210 -0.0000
vn -0.3892 0.9208 -0.0261
vn -0.3938 0.9189 0.0247
vn -0.3941 0.9191 -0.0000
vn -0.3938 0.9189 -0.0247
vn -0.3916 0.9198 0.0243
vn -0.3918 0.9200 -0.0000
vn -0.3916 0.9198 -0.0243
vn 0.3916 0.9198 0.0243
vn 0.3918 0.9200 -0.0000
vn 0.3916 0.9198 -0.0243
vn 0.3938 0.9189 0.0247
vn 0.3941 0.9191 -0.0000
vn 0.3938 0.9189 -0.0247
vn 0.3892 0.9208 0.0261
vn 0.3896 0.9210 -0.0000
vn 0.3892 0.9208 -0.0261
vn -0.9960 -0.0856 0.0261
vn -0.9963 -0.0860 -0.0000
vn -0.9960 -0.0856 -0.0261
vn -0.9956 -0.0906 0.0247
vn -0.9959 -0.0908 -0.0000
vn -0.9956 -0.0906 -0.0247
vn -0.9958 -0.0882 0.0243
vn -0.9961 -0.0883 -0.0000
vn -0.9958 -0.0882 -0.0243
vn -0.7538 0.6567 0.0243
vn -0.7539 0.6570 -0.0000
vn -0.7538 0.6567 -0.0243
vn -0.7522 0.6585 0.0247
vn -0.7523 0.6588 -0.0000
vn -0.7522 0.6585 -0.0247
vn -0.7555 0.6546 0.0261
vn -0.7555 0.6552 -0.0000
vn -0.7555 0.6546 -0.0261
vn -0.2264 -0.9737 0.0261
vn -0.2261 -0.9741 -0.0000
vn -0.2264 -0.9737 -0.0261
vn -0.2215 -0.9748 0.0247
vn -0.2214 -0.9752 -0.0000
vn -0.2215 -0.9748 -0.0247
vn -0.2238 -0.9743 0.0243
vn -0.2238 -0.9746 -0.0000
vn -0.2238 -0.9743 -0.0243
vt 0.979505 0.546128
vt 0.988356 0.542075
vt 0.981377 0.552189
vt 0.977981 0.542031
vt 0.986779 0.535258
vt 0.994076 0.533057
vt 0.985163 0.530799
vt 0.992865 0.526126
vt 0.972427 0.565135
vt 0.983207 0.562138
vt 0.974918 0.573116
vt 0.970117 0.560412
vt 0.968634 0.556781
vt 0.970310 0.549483
vt 0.976929 0.538452
vt 0.983547 0.527422
vt 0.991539 0.520907
vt 0.990166 0.516391
vt 0.997588 0.511568
vt 0.998392 0.517775
vt 0.999196 0.523983
vt 1.000000 0.530191
vt 0.995023 0.544505
vt 0.989689 0.553311
vt 0.885971 0.541549
vt 0.892575 0.545602
vt 0.886997 0.551853
vt 0.885660 0.532357
vt 0.891683 0.534368
vt 0.896544 0.541331
vt 0.890960 0.524845
vt 0.895894 0.529518
vt 0.878982 0.561964
vt 0.888324 0.564961
vt 0.880928 0.573023
vt 0.877578 0.553066
vt 0.877505 0.544253
vt 0.881886 0.530191
vt 0.886115 0.523142
vt 0.890344 0.516093
vt 0.895236 0.519011
vt 0.894574 0.509044
vt 0.899102 0.513867
vt 0.899401 0.525739
vt 0.899701 0.537611
vt 0.900000 0.549483
vt 0.897204 0.556528
vt 0.893517 0.560167
vt 0.779561 0.546128
vt 0.788597 0.542075
vt 0.781569 0.552189
vt 0.777988 0.542031
vt 0.786846 0.535258
vt 0.794257 0.533057
vt 0.785171 0.530799
vt 0.792908 0.526126
vt 0.772533 0.565135
vt 0.783674 0.562138
vt 0.775169 0.573116
vt 0.770149 0.560412
vt 0.768637 0.556781
vt 0.770310 0.549483
vt 0.776929 0.538452
vt 0.783547 0.527422
vt 0.791545 0.520907
vt 0.790166 0.516391
vt 0.797588 0.511568
vt 0.798392 0.517775
vt 0.799196 0.523983
vt 0.800000 0.530191
vt 0.795702 0.544505
vt 0.790348 0.553311
vt 0.685971 0.541549
vt 0.692575 0.545602
vt 0.686997 0.551853
vt 0.685660 0.532357
vt 0.691683 0.534368
vt 0.696544 0.541331
vt 0.690960 0.524845
vt 0.695894 0.529518
vt 0.678982 0.561964
vt 0.688324 0.564962
vt 0.680928 0.573023
vt 0.677578 0.553066
vt 0.677505 0.544253
vt 0.681885 0.530191
vt 0.686115 0.523142
vt 0.690344 0.516093
vt 0.695236 0.519011
vt 0.694574 0.509044
vt 0.699102 0.513867
vt 0.699401 0.525739
vt 0.699701 0.537611
vt 0.700000 0.549483
vt 0.697204 0.556528
vt 0.693517 0.560167
vt 0.579561 0.546128
vt 0.588596 0.542075
vt 0.581569 0.552189
vt 0.577988 0.542031
vt 0.586846 0.535258
vt 0.594257 0.533057
vt 0.585171 0.530799
vt 0.592908 0.526126
vt 0.572533 0.565135
vt 0.583674 0.562138
vt 0.575169 0.573116
vt 0.570149 0.560412
vt 0.568637 0.556781
vt 0.570310 0.549483
vt 0.576929 0.538452
vt 0.583547 0.527422
vt 0.591545 0.520907
vt 0.590166 0.516391
vt 0.597588 0.511568
vt 0.598392 0.517775
vt 0.599196 0.523983
vt 0.600000 0.530191
vt 0.595702 0.544505
vt 0.590348 0.553311
vt 0.485971 0.541549
vt 0.492575 0.545602
vt 0.486997 0.551853
vt 0.485660 0.532357
vt 0.491683 0.534368
vt 0.496544 0.541331
vt 0.490960 0.524845
vt 0.495894 0.529518
vt 0.478982 0.561964
vt 0.488324 0.564962
vt 0.480928 0.573023
vt 0.477578 0.553066
vt 0.477505 0.544253
vt 0.481885 0.530191
vt 0.486115 0.523142
vt 0.490344 0.516093
vt 0.495236 0.519011
vt 0.494573 0.509044
vt 0.499102 0.513867
vt 0.499401 0.525739
vt 0.499701 0.537611
vt 0.500000 0.549483
vt 0.497204 0.556528
vt 0.493517 0.560167
vt 0.379561 0.546128
vt 0.388596 0.542075
vt 0.381569 0.552189
vt 0.377988 0.542031
vt 0.386846 0.535258
vt 0.394257 0.533057
vt 0.385171 0.530799
vt 0.392908 0.526126
vt 0.372533 0.565135
vt 0.383674 0.562138
vt 0.375169 0.573116
vt 0.370149 0.560412
vt 0.368637 0.556781
vt 0.370310 0.549483
vt 0.376929 0.538452
vt 0.383547 0.527422
vt 0.391545 0.520907
vt 0.390165 0.516391
vt 0.397588 0.511568
vt 0.398392 0.517775
vt 0.399196 0.523983
vt 0.400000 0.530191
vt 0.395702 0.544505
vt 0.390348 0.553311
vt 0.285971 0.541549
vt 0.292575 0.545602
vt 0.286997 0.551853
vt 0.285659 0.532357
vt 0.291683 0.534368
vt 0.296544 0.541331
vt 0.290960 0.524845
vt 0.295894 0.529518
vt 0.278982 0.561964
vt 0.288324 0.564961
vt 0.280928 0.573023
vt 0.277578 0.553066
vt 0.277505 0.544253
vt 0.281885 0.530191
vt 0.286115 0.523142
vt 0.290344 0.516093
vt 0.295236 0.519011
vt 0.294573 0.509044
vt 0.299102 0.513867
vt 0.299401 0.525739
vt 0.299701 0.537611
vt 0.300000 0.549483
vt 0.297204 0.556528
vt 0.293517 0.560167
vt 0.179561 0.546128
vt 0.188596 0.542075
vt 0.181569 0.552189
vt 0.177988 0.542031
vt 0.186846 0.535258
vt 0.194257 0.533057
vt 0.185171 0.530799
vt 0.192908 0.526126
vt 0.172533 0.565135
vt 0.183674 0.562138
vt 0.175169 0.573116
vt 0.170149 0.560412
vt 0.168637 0.556781
vt 0.170310 0.549483
vt 0.176929 0.538452
vt 0.183547 0.527422
vt 0.191545 0.520907
vt 0.190165 0.516391
vt 0.197588 0.511568
vt 0.198392 0.517775
vt 0.199196 0.523983
vt 0.200000 0.530191
vt 0.195702 0.544505
vt 0.190348 0.553311
vt 0.086212 0.541549
vt 0.092631 0.545602
vt 0.087190 0.551853
vt 0.085840 0.532357
vt 0.091750 0.534368
vt 0.096551 0.541331
vt 0.091004 0.524845
vt 0.095902 0.529518
vt 0.079449 0.561964
vt 0.088430 0.564961
vt 0.081179 0.573023
vt 0.078237 0.553066
vt 0.078184 0.544253
vt 0.081885 0.530191
vt 0.086115 0.523142
vt 0.090344 0.516093
vt 0.095241 0.519011
vt 0.094573 0.509044
vt 0.099102 0.513867
vt 0.099401 0.525739
vt 0.099701 0.537611
vt 0.100000 0.549483
vt 0.097208 0.556528
vt 0.093548 0.560167
vt 0.020495 0.953872
vt 0.011644 0.957925
vt 0.018623 0.947811
vt 0.022019 0.957969
vt 0.013221 0.964743
vt 0.005924 0.966943
vt 0.014837 0.969201
vt 0.007135 0.973874
vt 0.027573 0.934865
vt 0.016793 0.937863
vt 0.025082 0.926884
vt 0.029883 0.939588
vt 0.031366 0.943219
vt 0.029690 0.950517
vt 0.023071 0.961548
vt 0.016453 0.972579
vt 0.008461 0.979093
vt 0.009834 0.983609
vt 0.002412 0.988432
vt 0.001608 0.982225
vt 0.000804 0.976017
vt -0.000000 0.969809
vt 0.004977 0.955495
vt 0.010311 0.946689
vt 0.114029 0.958451
vt 0.107425 0.954398
vt 0.113003 0.948147
vt 0.114340 0.967643
vt 0.108317 0.965632
vt 0.103456 0.958669
vt 0.109040 0.975155
vt 0.104106 0.970482
vt 0.121018 0.938036
vt 0.111676 0.935039
vt 0.119072 0.926977
vt 0.122422 0.946934
vt 0.122495 0.955747
vt 0.118114 0.969809
vt 0.113885 0.976858
vt 0.109656 0.983907
vt 0.104764 0.980989
vt 0.105426 0.990956
vt 0.100898 0.986133
vt 0.100599 0.974261
vt 0.100299 0.962389
vt 0.100000 0.950517
vt 0.102796 0.943472
vt 0.106483 0.939834
vt 0.220439 0.953872
vt 0.211403 0.957925
vt 0.218431 0.947811
vt 0.222012 0.957969
vt 0.213154 0.964743
vt 0.205743 0.966943
vt 0.214829 0.969201
vt 0.207092 0.973874
vt 0.227467 0.934865
vt 0.216326 0.937863
vt 0.224831 0.926884
vt 0.229851 0.939588
vt 0.231363 0.943219
vt 0.229690 0.950517
vt 0.223071 0.961548
vt 0.216453 0.972579
vt 0.208455 0.979093
vt 0.209834 0.983609
vt 0.202412 0.988432
vt 0.201608 0.982225
vt 0.200804 0.976017
vt 0.200000 0.969809
vt 0.204298 0.955495
vt 0.209652 0.946689
vt 0.314029 0.958451
vt 0.307425 0.954398
vt 0.313003 0.948148
vt 0.314340 0.967643
vt 0.308317 0.965632
vt 0.303456 0.958669
vt 0.309040 0.975155
vt 0.304106 0.970482
vt 0.321018 0.938036
vt 0.311676 0.935039
vt 0.319072 0.926977
vt 0.322422 0.946934
vt 0.322495 0.955747
vt 0.318114 0.969809
vt 0.313885 0.976858
vt 0.309656 0.983907
vt 0.304764 0.980989
vt 0.305426 0.990956
vt 0.300898 0.986133
vt 0.300599 0.974261
vt 0.300299 0.962389
vt 0.300000 0.950517
vt 0.302796 0.943472
vt 0.306483 0.939834
vt 0.420439 0.953872
vt 0.411403 0.957925
vt 0.418431 0.947811
vt 0.422012 0.957969
vt 0.413154 0.964743
vt 0.405743 0.966943
vt 0.414829 0.969201
vt 0.407092 0.973874
vt 0.427467 0.934865
vt 0.416326 0.937863
vt 0.424831 0.926884
vt 0.429851 0.939588
vt 0.431363 0.943219
vt 0.429690 0.950517
vt 0.423071 0.961548
vt 0.416453 0.972579
vt 0.408455 0.979093
vt 0.409834 0.983609
vt 0.402412 0.988432
vt 0.401608 0.982225
vt 0.400804 0.976017
vt 0.400000 0.969809
vt 0.404298 0.955495
vt 0.409652 0.946689
vt 0.514029 0.958451
vt 0.507425 0.954398
vt 0.513003 0.948147
vt 0.514340 0.967643
vt 0.508317 0.965632
vt 0.503456 0.958669
vt 0.509040 0.975155
vt 0.504106 0.970482
vt 0.521018 0.938036
vt 0.511676 0.935039
vt 0.519072 0.926977
vt 0.522422 0.946934
vt 0.522495 0.955747
vt 0.518114 0.969809
vt 0.513885 0.976858
vt 0.509656 0.983907
vt 0.504764 0.980989
vt 0.505426 0.990956
vt 0.500898 0.986133
vt 0.500599 0.974261
vt 0.500299 0.962389
vt 0.500000 0.950517
vt 0.502796 0.943472
vt 0.506483 0.939834
vt 0.620439 0.953872
vt 0.611403 0.957925
vt 0.618431 0.947811
vt 0.622012 0.957969
vt 0.613154 0.964743
vt 0.605743 0.966943
vt 0.614829 0.969201
vt 0.607092 0.973874
vt 0.627467 0.934865
vt 0.616326 0.937863
vt 0.624831 0.926884
vt 0.629851 0.939588
vt 0.631363 0.943219
vt 0.629690 0.950517
vt 0.623071 0.961548
vt 0.616453 0.972579
vt 0.608455 0.979093
vt 0.609834 0.983609
vt 0.602412 0.988432
vt 0.601608 0.982225
vt 0.600804 0.976017
vt 0.600000 0.969809
vt 0.604298 0.955495
vt 0.609652 0.946689
vt 0.714029 0.958451
vt 0.707425 0.954398
vt 0.713003 0.948148
vt 0.714340 0.967643
vt 0.708317 0.965632
vt 0.703456 0.958669
vt 0.709040 0.975155
vt 0.704106 0.970482
vt 0.721018 0.938036
vt 0.711676 0.935039
vt 0.719072 0.926977
vt 0.722422 0.946934
vt 0.722495 0.955747
vt 0.718114 0.969809
vt 0.713885 0.976858
vt 0.709656 0.983907
vt 0.704764 0.980989
vt 0.705426 0.990956
vt 0.700898 0.986133
vt 0.700599 0.974261
vt 0.700299 0.962389
vt 0.700000 0.950517
vt 0.702796 0.943472
vt 0.706483 0.939834
vt 0.820439 0.953872
vt 0.811404 0.957925
vt 0.818431 0.947811
vt 0.822012 0.957969
vt 0.813154 0.964743
vt 0.805743 0.966943
vt 0.814829 0.969201
vt 0.807092 0.973874
vt 0.827467 0.934865
vt 0.816326 0.937863
vt 0.824831 0.926884
vt 0.829851 0.939588
vt 0.831363 0.943219
vt 0.829690 0.950517
vt 0.823071 0.961548
vt 0.816453 0.972579
vt 0.808455 0.979093
vt 0.809834 0.983609
vt 0.802412 0.988432
vt 0.801608 0.982225
vt 0.800804 0.976017
vt 0.800000 0.969809
vt 0.804298 0.955495
vt 0.809652 0.946689
vt 0.913788 0.958451
vt 0.907369 0.954398
vt 0.912810 0.948148
vt 0.914160 0.967643
vt 0.908250 0.965632
vt 0.903449 0.958669
vt 0.908996 0.975155
vt 0.904098 0.970482
vt 0.920551 0.938036
vt 0.911570 0.935039
vt 0.918821 0.926977
vt 0.921763 0.946934
vt 0.921816 0.955747
vt 0.918114 0.969809
vt 0.913885 0.976858
vt 0.909656 0.983907
vt 0.904759 0.980989
vt 0.905427 0.990956
vt 0.900898 0.986133
vt 0.900599 0.974261
vt 0.900299 0.962389
vt 0.900000 0.950517
vt 0.902792 0.943472
vt 0.906452 0.939834
vt 0.989567 0.643118
vt 0.982414 0.653875
vt 0.983242 0.644873
vt 0.994463 0.642331
vt 0.988779 0.652106
vt 0.981927 0.660736
vt 0.993486 0.650391
vt 0.988232 0.659092
vt 0.984189 0.632183
vt 0.974703 0.646952
vt 0.976122 0.635065
vt 0.990332 0.630134
vt 0.995285 0.630061
vt 1.000000 0.636522
vt 0.998681 0.642628
vt 0.997363 0.648734
vt 0.992649 0.657094
vt 0.996044 0.654840
vt 0.992358 0.663763
vt 0.988229 0.665584
vt 0.982007 0.666940
vt 0.972919 0.667893
vt 0.972933 0.661964
vt 0.973584 0.655451
vt 0.025100 0.655003
vt 0.024069 0.644253
vt 0.029538 0.645604
vt 0.022193 0.662190
vt 0.019402 0.653959
vt 0.019451 0.643847
vt 0.016237 0.661570
vt 0.015184 0.653111
vt 0.036992 0.647337
vt 0.036324 0.632562
vt 0.042744 0.635268
vt 0.033246 0.656036
vt 0.030804 0.662711
vt 0.028964 0.668707
vt 0.020053 0.668529
vt 0.013884 0.668330
vt 0.011965 0.660940
vt 0.009410 0.668176
vt 0.008478 0.660333
vt 0.011681 0.652396
vt 0.014884 0.644459
vt 0.018087 0.636522
vt 0.026421 0.630611
vt 0.031337 0.630668
vt 0.014618 0.694645
vt 0.010047 0.683536
vt 0.016222 0.683667
vt 0.008502 0.694057
vt 0.005850 0.683096
vt 0.011851 0.675324
vt 0.018073 0.675319
vt 0.007471 0.675335
vt 0.022653 0.709489
vt 0.023862 0.694671
vt 0.013388 0.709394
vt 0.007336 0.708497
vt 0.004421 0.692373
vt 0.003334 0.705705
vt 0.001319 0.689568
vt 0.002637 0.682468
vt 0.003956 0.675369
vt 0.005275 0.668270
vt 0.013884 0.668330
vt 0.020053 0.668529
vt 0.027166 0.675315
vt 0.028964 0.668707
vt 0.025415 0.683625
vt 0.985414 0.693914
vt 0.990186 0.681683
vt 0.991527 0.692922
vt 0.984031 0.682539
vt 0.988966 0.672847
vt 0.994288 0.680375
vt 0.995596 0.690857
vt 0.993064 0.671489
vt 0.977347 0.709286
vt 0.986612 0.709016
vt 0.976168 0.694286
vt 0.974820 0.683040
vt 0.982787 0.673866
vt 0.973629 0.674568
vt 0.982007 0.666940
vt 0.994725 0.660946
vt 0.996044 0.669876
vt 0.997363 0.678806
vt 0.998681 0.687737
vt 0.996666 0.705155
vt 1.000000 0.696667
vt 0.992664 0.707963
vt 0.974900 0.844997
vt 0.975931 0.855747
vt 0.970462 0.854396
vt 0.977807 0.837810
vt 0.980598 0.846041
vt 0.980549 0.856153
vt 0.983763 0.838430
vt 0.984816 0.846889
vt 0.963008 0.852663
vt 0.963676 0.867439
vt 0.957256 0.864732
vt 0.966754 0.843964
vt 0.969196 0.837289
vt 0.971036 0.831293
vt 0.979947 0.831471
vt 0.986116 0.831670
vt 0.988035 0.839060
vt 0.990590 0.831825
vt 0.991522 0.839667
vt 0.988319 0.847604
vt 0.985116 0.855541
vt 0.981913 0.863478
vt 0.973579 0.869389
vt 0.968663 0.869332
vt 0.985382 0.805355
vt 0.989953 0.816464
vt 0.983778 0.816333
vt 0.991498 0.805943
vt 0.994150 0.816904
vt 0.988149 0.824676
vt 0.981927 0.824681
vt 0.992530 0.824665
vt 0.977347 0.790511
vt 0.976138 0.805329
vt 0.986612 0.790606
vt 0.992664 0.791503
vt 0.995579 0.807627
vt 0.996666 0.794295
vt 0.998681 0.810433
vt 0.997363 0.817532
vt 0.996044 0.824631
vt 0.994725 0.831730
vt 0.990590 0.831824
vt 0.986116 0.831670
vt 0.979947 0.831471
vt 0.972834 0.824685
vt 0.971036 0.831293
vt 0.974585 0.816375
vt 0.014586 0.806086
vt 0.009814 0.818317
vt 0.008473 0.807078
vt 0.015969 0.817461
vt 0.011034 0.827153
vt 0.005712 0.819625
vt 0.004404 0.809143
vt 0.006936 0.828511
vt 0.022653 0.790714
vt 0.013388 0.790984
vt 0.023832 0.805714
vt 0.025180 0.816960
vt 0.017213 0.826134
vt 0.026371 0.825432
vt 0.017993 0.833061
vt 0.011771 0.834416
vt 0.007642 0.836237
vt 0.005275 0.839054
vt 0.003956 0.830124
vt 0.002637 0.821194
vt 0.001319 0.812264
vt 0.003334 0.794845
vt -0.000000 0.803333
vt 0.007336 0.792037
vt 0.010433 0.856882
vt 0.017586 0.846125
vt 0.016759 0.855127
vt 0.005537 0.857669
vt 0.011221 0.847894
vt 0.018073 0.839264
vt 0.006514 0.849609
vt 0.011768 0.840908
vt 0.015811 0.867817
vt 0.025297 0.853048
vt 0.023878 0.864935
vt 0.009668 0.869866
vt 0.004715 0.869939
vt -0.000000 0.863478
vt 0.001319 0.857372
vt 0.002637 0.851266
vt 0.007351 0.842906
vt 0.003956 0.845160
vt 0.007642 0.836237
vt 0.011771 0.834416
vt 0.017993 0.833061
vt 0.027081 0.832107
vt 0.027067 0.838036
vt 0.026416 0.844549
vt 0.911273 0.816260
vt 0.905895 0.805242
vt 0.911566 0.805299
vt 0.910972 0.824360
vt 0.905720 0.816158
vt 0.902399 0.805196
vt 0.905515 0.824188
vt 0.902291 0.816075
vt 0.920499 0.805350
vt 0.911804 0.790500
vt 0.920898 0.790526
vt 0.920013 0.816353
vt 0.919517 0.824515
vt 0.919088 0.830819
vt 0.910705 0.830573
vt 0.905291 0.830302
vt 0.902113 0.824050
vt 0.901844 0.830083
vt 0.899731 0.823992
vt 0.899920 0.816041
vt 0.899990 0.805177
vt 0.900000 0.790439
vt 0.902461 0.790448
vt 0.906027 0.790472
vt 0.910154 0.850220
vt 0.904844 0.841202
vt 0.910336 0.841998
vt 0.904668 0.848854
vt 0.901035 0.840101
vt 0.905061 0.835537
vt 0.910504 0.835970
vt 0.901472 0.835128
vt 0.917346 0.862068
vt 0.918031 0.850498
vt 0.909918 0.862287
vt 0.904592 0.860755
vt 0.900635 0.846169
vt 0.900537 0.856474
vt 0.896711 0.844035
vt 0.897861 0.839512
vt 0.898756 0.834943
vt 0.899362 0.829992
vt 0.901844 0.830083
vt 0.905291 0.830302
vt 0.910705 0.830573
vt 0.918769 0.836323
vt 0.919088 0.830819
vt 0.918461 0.842400
vt 0.879605 0.850220
vt 0.889917 0.841202
vt 0.885883 0.848854
vt 0.883995 0.841998
vt 0.892167 0.835537
vt 0.894349 0.840101
vt 0.891510 0.846169
vt 0.895950 0.835128
vt 0.865396 0.862068
vt 0.872678 0.862287
vt 0.871590 0.850498
vt 0.875674 0.842400
vt 0.886527 0.835970
vt 0.878107 0.836323
vt 0.887818 0.830573
vt 0.893326 0.830302
vt 0.896849 0.830083
vt 0.899362 0.829992
vt 0.897861 0.839512
vt 0.885537 0.856475
vt 0.896744 0.844186
vt 0.878911 0.860755
vt 0.894084 0.805242
vt 0.888542 0.816260
vt 0.888411 0.805299
vt 0.897581 0.805196
vt 0.894107 0.816158
vt 0.888406 0.824360
vt 0.897546 0.816075
vt 0.893901 0.824188
vt 0.888196 0.790500
vt 0.879477 0.805350
vt 0.879102 0.790526
vt 0.893973 0.790472
vt 0.897539 0.790448
vt 0.900000 0.790439
vt 0.899990 0.805177
vt 0.897335 0.824050
vt 0.896849 0.830083
vt 0.893326 0.830302
vt 0.887818 0.830573
vt 0.879351 0.830819
vt 0.879825 0.824515
vt 0.879792 0.816352
vt 0.905916 0.694758
vt 0.911458 0.683740
vt 0.911589 0.694701
vt 0.902419 0.694804
vt 0.905893 0.683842
vt 0.911594 0.675640
vt 0.902454 0.683925
vt 0.906099 0.675812
vt 0.911804 0.709500
vt 0.920524 0.694650
vt 0.920898 0.709474
vt 0.906027 0.709528
vt 0.902461 0.709552
vt 0.900000 0.709561
vt 0.900010 0.694823
vt 0.900080 0.683959
vt 0.902665 0.675951
vt 0.900269 0.676008
vt 0.903151 0.669917
vt 0.906674 0.669698
vt 0.912182 0.669427
vt 0.920649 0.669181
vt 0.920175 0.675485
vt 0.920208 0.683648
vt 0.888727 0.683740
vt 0.894105 0.694758
vt 0.888434 0.694701
vt 0.889028 0.675640
vt 0.894280 0.683842
vt 0.897601 0.694804
vt 0.894485 0.675812
vt 0.897709 0.683925
vt 0.879501 0.694650
vt 0.888196 0.709500
vt 0.879102 0.709474
vt 0.879987 0.683648
vt 0.880483 0.675485
vt 0.880912 0.669181
vt 0.889295 0.669427
vt 0.894709 0.669698
vt 0.897887 0.675950
vt 0.898156 0.669917
vt 0.900269 0.676008
vt 0.900080 0.683959
vt 0.900010 0.694823
vt 0.900000 0.709561
vt 0.897539 0.709552
vt 0.893973 0.709528
vt 0.889846 0.649780
vt 0.895156 0.658798
vt 0.889664 0.658002
vt 0.895332 0.651146
vt 0.898965 0.659899
vt 0.894939 0.664463
vt 0.889496 0.664029
vt 0.898529 0.664872
vt 0.882654 0.637932
vt 0.881969 0.649502
vt 0.890082 0.637713
vt 0.895408 0.639245
vt 0.899366 0.653831
vt 0.899463 0.643526
vt 0.903289 0.655965
vt 0.902139 0.660488
vt 0.901244 0.665057
vt 0.900638 0.670008
vt 0.898156 0.669917
vt 0.894709 0.669698
vt 0.889295 0.669427
vt 0.881231 0.663677
vt 0.880912 0.669181
vt 0.881539 0.657600
vt 0.920395 0.649780
vt 0.910083 0.658798
vt 0.914117 0.651146
vt 0.916005 0.658002
vt 0.907833 0.664464
vt 0.905651 0.659899
vt 0.908490 0.653831
vt 0.904050 0.664872
vt 0.934604 0.637932
vt 0.927322 0.637713
vt 0.928410 0.649502
vt 0.924327 0.657600
vt 0.913474 0.664030
vt 0.921893 0.663677
vt 0.912182 0.669427
vt 0.906674 0.669698
vt 0.903151 0.669917
vt 0.900638 0.670008
vt 0.901244 0.665057
vt 0.902139 0.660488
vt 0.903289 0.655965
vt 0.914464 0.643526
vt 0.903256 0.655814
vt 0.921089 0.639245
vt 0.814052 0.805623
vt 0.808385 0.817065
vt 0.807644 0.805736
vt 0.815097 0.816856
vt 0.808931 0.825750
vt 0.803623 0.817233
vt 0.803296 0.805826
vt 0.803728 0.826044
vt 0.822506 0.790613
vt 0.813116 0.790664
vt 0.823551 0.805522
vt 0.824728 0.816668
vt 0.815964 0.825387
vt 0.825727 0.825058
vt 0.816369 0.832240
vt 0.809036 0.832837
vt 0.803426 0.833319
vt 0.798719 0.833518
vt 0.799460 0.826166
vt 0.799840 0.817303
vt 0.799980 0.805864
vt 0.802938 0.790766
vt 0.800000 0.790784
vt 0.806952 0.790720
vt 0.806593 0.856154
vt 0.815386 0.845529
vt 0.814442 0.854742
vt 0.799806 0.856433
vt 0.807627 0.846714
vt 0.816119 0.838504
vt 0.801292 0.847423
vt 0.808542 0.839408
vt 0.813578 0.867621
vt 0.824097 0.852856
vt 0.822727 0.864834
vt 0.805906 0.869545
vt 0.798906 0.869528
vt 0.790956 0.863478
vt 0.793292 0.855972
vt 0.795711 0.847641
vt 0.802583 0.840107
vt 0.797503 0.840386
vt 0.803426 0.833319
vt 0.809036 0.832836
vt 0.816369 0.832240
vt 0.826244 0.831700
vt 0.826055 0.837662
vt 0.825273 0.844256
vt 0.777108 0.845529
vt 0.779845 0.856154
vt 0.772788 0.854742
vt 0.779751 0.838504
vt 0.784250 0.846714
vt 0.786498 0.856432
vt 0.786910 0.839408
vt 0.790232 0.847423
vt 0.764207 0.852856
vt 0.765913 0.867621
vt 0.758407 0.864834
vt 0.767897 0.844256
vt 0.770208 0.837662
vt 0.771873 0.831700
vt 0.781546 0.832240
vt 0.788656 0.832836
vt 0.792548 0.840107
vt 0.794087 0.833319
vt 0.793292 0.855972
vt 0.779459 0.869528
vt 0.772453 0.869545
vt 0.785915 0.805623
vt 0.791326 0.817065
vt 0.784642 0.816856
vt 0.792320 0.805736
vt 0.796066 0.817233
vt 0.790096 0.825750
vt 0.783156 0.825387
vt 0.795222 0.826044
vt 0.777494 0.790613
vt 0.776419 0.805522
vt 0.786884 0.790664
vt 0.793048 0.790720
vt 0.796665 0.805826
vt 0.797062 0.790766
vt 0.799980 0.805864
vt 0.799840 0.817303
vt 0.799460 0.826166
vt 0.798719 0.833518
vt 0.794087 0.833319
vt 0.788657 0.832836
vt 0.781546 0.832240
vt 0.773478 0.825058
vt 0.771873 0.831700
vt 0.775037 0.816668
vt 0.814085 0.694377
vt 0.808674 0.682936
vt 0.815358 0.683144
vt 0.807680 0.694265
vt 0.803934 0.682767
vt 0.809904 0.674250
vt 0.816844 0.674613
vt 0.804778 0.673956
vt 0.822506 0.709387
vt 0.823581 0.694478
vt 0.813116 0.709336
vt 0.806952 0.709280
vt 0.803335 0.694174
vt 0.802938 0.709235
vt 0.800020 0.694136
vt 0.800160 0.682697
vt 0.800540 0.673834
vt 0.801281 0.666482
vt 0.805913 0.666681
vt 0.811343 0.667164
vt 0.818454 0.667760
vt 0.826522 0.674942
vt 0.828127 0.668300
vt 0.824963 0.683332
vt 0.785948 0.694377
vt 0.791615 0.682936
vt 0.792356 0.694265
vt 0.784903 0.683144
vt 0.791069 0.674250
vt 0.796377 0.682767
vt 0.796703 0.694174
vt 0.796272 0.673956
vt 0.777494 0.709387
vt 0.786884 0.709336
vt 0.776449 0.694478
vt 0.775272 0.683332
vt 0.784036 0.674613
vt 0.774272 0.674942
vt 0.783630 0.667760
vt 0.790964 0.667164
vt 0.796574 0.666681
vt 0.801281 0.666482
vt 0.800540 0.673834
vt 0.800160 0.682697
vt 0.800020 0.694136
vt 0.797062 0.709234
vt 0.800000 0.709216
vt 0.793048 0.709280
vt 0.793407 0.643846
vt 0.784614 0.654471
vt 0.785558 0.645258
vt 0.800194 0.643568
vt 0.792373 0.653286
vt 0.783881 0.661496
vt 0.798708 0.652578
vt 0.791458 0.660592
vt 0.786422 0.632379
vt 0.775903 0.647144
vt 0.777273 0.635166
vt 0.794094 0.630455
vt 0.801094 0.630472
vt 0.809043 0.636522
vt 0.806708 0.644028
vt 0.804289 0.652359
vt 0.797417 0.659893
vt 0.802498 0.659614
vt 0.796574 0.666681
vt 0.790964 0.667164
vt 0.783630 0.667760
vt 0.773756 0.668300
vt 0.773945 0.662338
vt 0.774727 0.655744
vt 0.822892 0.654471
vt 0.820155 0.643846
vt 0.827212 0.645258
vt 0.820249 0.661496
vt 0.815750 0.653286
vt 0.813502 0.643568
vt 0.813091 0.660592
vt 0.809768 0.652578
vt 0.835793 0.647144
vt 0.834087 0.632379
vt 0.841593 0.635166
vt 0.832103 0.655744
vt 0.829792 0.662338
vt 0.818454 0.667760
vt 0.807452 0.659893
vt 0.805913 0.666681
vt 0.804289 0.652359
vt 0.806708 0.644028
vt 0.820541 0.630472
vt 0.827547 0.630455
vt 0.711273 0.816260
vt 0.705895 0.805242
vt 0.711566 0.805299
vt 0.710972 0.824360
vt 0.705720 0.816158
vt 0.702399 0.805196
vt 0.705515 0.824188
vt 0.702291 0.816075
vt 0.720499 0.805350
vt 0.711804 0.790500
vt 0.720898 0.790526
vt 0.720013 0.816353
vt 0.719517 0.824515
vt 0.719088 0.830819
vt 0.710705 0.830573
vt 0.705291 0.830302
vt 0.702113 0.824050
vt 0.701844 0.830083
vt 0.699731 0.823992
vt 0.699920 0.816041
vt 0.699990 0.805177
vt 0.700000 0.790439
vt 0.702461 0.790448
vt 0.706027 0.790472
vt 0.710154 0.850220
vt 0.704844 0.841202
vt 0.710336 0.841998
vt 0.704668 0.848854
vt 0.701035 0.840101
vt 0.705061 0.835537
vt 0.710504 0.835970
vt 0.701472 0.835128
vt 0.717345 0.862068
vt 0.718031 0.850498
vt 0.709918 0.862287
vt 0.704592 0.860755
vt 0.700634 0.846169
vt 0.700537 0.856474
vt 0.696711 0.844035
vt 0.697861 0.839512
vt 0.698756 0.834943
vt 0.699362 0.829992
vt 0.705291 0.830302
vt 0.710705 0.830573
vt 0.718769 0.836323
vt 0.719088 0.830819
vt 0.718461 0.842400
vt 0.679605 0.850220
vt 0.689917 0.841202
vt 0.685883 0.848854
vt 0.683995 0.841998
vt 0.692167 0.835536
vt 0.694349 0.840101
vt 0.691510 0.846169
vt 0.695950 0.835128
vt 0.665396 0.862068
vt 0.672678 0.862287
vt 0.671590 0.850499
vt 0.675673 0.842400
vt 0.686526 0.835970
vt 0.678107 0.836323
vt 0.687818 0.830573
vt 0.693326 0.830302
vt 0.696849 0.830083
vt 0.699362 0.829992
vt 0.698756 0.834943
vt 0.697861 0.839512
vt 0.696711 0.844035
vt 0.685537 0.856475
vt 0.696744 0.844186
vt 0.678911 0.860755
vt 0.694084 0.805242
vt 0.688542 0.816260
vt 0.688411 0.805299
vt 0.697581 0.805196
vt 0.694107 0.816158
vt 0.688405 0.824360
vt 0.697546 0.816075
vt 0.693901 0.824188
vt 0.688196 0.790500
vt 0.679477 0.805350
vt 0.679102 0.790526
vt 0.693973 0.790472
vt 0.697539 0.790448
vt 0.700000 0.790439
vt 0.699990 0.805177
vt 0.699920 0.816041
vt 0.697335 0.824050
vt 0.699731 0.823992
vt 0.693326 0.830302
vt 0.687818 0.830573
vt 0.679351 0.830819
vt 0.679825 0.824515
vt 0.679792 0.816352
vt 0.705916 0.694758
vt 0.711458 0.683740
vt 0.711589 0.694701
vt 0.702419 0.694804
vt 0.705893 0.683842
vt 0.711594 0.675640
vt 0.702454 0.683925
vt 0.706099 0.675812
vt 0.711804 0.709500
vt 0.720523 0.694650
vt 0.720898 0.709474
vt 0.706027 0.709528
vt 0.702461 0.709552
vt 0.700000 0.709561
vt 0.700010 0.694823
vt 0.700080 0.683959
vt 0.702665 0.675950
vt 0.700269 0.676008
vt 0.703151 0.669917
vt 0.706674 0.669698
vt 0.712182 0.669427
vt 0.720649 0.669181
vt 0.720175 0.675485
vt 0.720208 0.683648
vt 0.688727 0.683740
vt 0.694105 0.694758
vt 0.688434 0.694701
vt 0.689029 0.675640
vt 0.694280 0.683842
vt 0.697601 0.694804
vt 0.694485 0.675812
vt 0.697709 0.683925
vt 0.679501 0.694650
vt 0.688196 0.709500
vt 0.679102 0.709474
vt 0.679987 0.683648
vt 0.680483 0.675485
vt 0.680912 0.669181
vt 0.689295 0.669427
vt 0.694709 0.669698
vt 0.697887 0.675950
vt 0.698156 0.669917
vt 0.700269 0.676008
vt 0.700080 0.683959
vt 0.700000 0.709561
vt 0.697539 0.709552
vt 0.693973 0.709528
vt 0.689846 0.649780
vt 0.695156 0.658798
vt 0.689664 0.658002
vt 0.695332 0.651146
vt 0.698965 0.659899
vt 0.694939 0.664463
vt 0.689496 0.664029
vt 0.698529 0.664872
vt 0.682655 0.637932
vt 0.681969 0.649502
vt 0.690082 0.637713
vt 0.695408 0.639245
vt 0.699366 0.653831
vt 0.699463 0.643526
vt 0.703289 0.655965
vt 0.702139 0.660488
vt 0.701244 0.665057
vt 0.700638 0.670008
vt 0.698156 0.669917
vt 0.694709 0.669698
vt 0.689295 0.669427
vt 0.681231 0.663677
vt 0.680912 0.669181
vt 0.681539 0.657600
vt 0.720395 0.649780
vt 0.710083 0.658798
vt 0.714117 0.651146
vt 0.716005 0.658002
vt 0.707833 0.664464
vt 0.705651 0.659899
vt 0.708490 0.653831
vt 0.704050 0.664872
vt 0.734604 0.637932
vt 0.727322 0.637713
vt 0.728410 0.649502
vt 0.724326 0.657600
vt 0.713473 0.664030
vt 0.721893 0.663677
vt 0.712182 0.669427
vt 0.706674 0.669698
vt 0.703151 0.669917
vt 0.700638 0.670008
vt 0.701244 0.665057
vt 0.703289 0.655965
vt 0.714463 0.643526
vt 0.703256 0.655814
vt 0.721089 0.639245
vt 0.614052 0.805623
vt 0.608385 0.817065
vt 0.607644 0.805736
vt 0.615097 0.816856
vt 0.608931 0.825750
vt 0.603622 0.817233
vt 0.603297 0.805826
vt 0.603728 0.826044
vt 0.622506 0.790613
vt 0.613116 0.790664
vt 0.623551 0.805522
vt 0.624727 0.816668
vt 0.615964 0.825387
vt 0.625728 0.825058
vt 0.616369 0.832240
vt 0.609036 0.832837
vt 0.603426 0.833319
vt 0.598719 0.833518
vt 0.599460 0.826166
vt 0.599840 0.817303
vt 0.599980 0.805864
vt 0.602938 0.790766
vt 0.600000 0.790784
vt 0.606952 0.790720
vt 0.606593 0.856154
vt 0.615386 0.845529
vt 0.614442 0.854742
vt 0.599806 0.856433
vt 0.607627 0.846714
vt 0.616119 0.838504
vt 0.601292 0.847423
vt 0.608542 0.839408
vt 0.613578 0.867621
vt 0.624097 0.852856
vt 0.622727 0.864834
vt 0.605906 0.869545
vt 0.598906 0.869528
vt 0.590956 0.863478
vt 0.593292 0.855972
vt 0.595711 0.847641
vt 0.602583 0.840107
vt 0.597502 0.840386
vt 0.609036 0.832836
vt 0.616370 0.832240
vt 0.626244 0.831700
vt 0.626055 0.837662
vt 0.625273 0.844256
vt 0.577108 0.845529
vt 0.579845 0.856154
vt 0.572788 0.854742
vt 0.579751 0.838504
vt 0.584250 0.846714
vt 0.586498 0.856432
vt 0.586909 0.839408
vt 0.590232 0.847423
vt 0.564207 0.852856
vt 0.565913 0.867621
vt 0.558407 0.864834
vt 0.567897 0.844256
vt 0.570208 0.837662
vt 0.571873 0.831700
vt 0.581546 0.832240
vt 0.588656 0.832836
vt 0.592548 0.840107
vt 0.594087 0.833319
vt 0.597502 0.840386
vt 0.595711 0.847641
vt 0.593292 0.855972
vt 0.579459 0.869528
vt 0.572453 0.869545
vt 0.585915 0.805623
vt 0.591326 0.817065
vt 0.584642 0.816856
vt 0.592320 0.805736
vt 0.596066 0.817233
vt 0.590096 0.825750
vt 0.583156 0.825387
vt 0.595222 0.826044
vt 0.577494 0.790613
vt 0.576419 0.805522
vt 0.586884 0.790664
vt 0.593048 0.790720
vt 0.596665 0.805826
vt 0.597062 0.790766
vt 0.599460 0.826166
vt 0.594087 0.833319
vt 0.588656 0.832836
vt 0.581546 0.832240
vt 0.573478 0.825058
vt 0.571873 0.831700
vt 0.575037 0.816668
vt 0.614085 0.694377
vt 0.608674 0.682936
vt 0.615358 0.683144
vt 0.607680 0.694265
vt 0.603933 0.682767
vt 0.609904 0.674250
vt 0.616844 0.674613
vt 0.604778 0.673956
vt 0.622506 0.709387
vt 0.623581 0.694478
vt 0.613116 0.709336
vt 0.606952 0.709280
vt 0.603335 0.694174
vt 0.602938 0.709235
vt 0.600020 0.694136
vt 0.600160 0.682697
vt 0.600540 0.673834
vt 0.601281 0.666482
vt 0.605913 0.666681
vt 0.611343 0.667164
vt 0.618454 0.667760
vt 0.626522 0.674942
vt 0.628127 0.668300
vt 0.624963 0.683332
vt 0.585948 0.694377
vt 0.591615 0.682936
vt 0.592356 0.694265
vt 0.584903 0.683144
vt 0.591069 0.674250
vt 0.596378 0.682767
vt 0.596703 0.694174
vt 0.596272 0.673956
vt 0.577493 0.709387
vt 0.586884 0.709336
vt 0.576449 0.694478
vt 0.575272 0.683332
vt 0.584036 0.674613
vt 0.574272 0.674942
vt 0.583631 0.667760
vt 0.590964 0.667164
vt 0.596574 0.666681
vt 0.601281 0.666482
vt 0.600540 0.673834
vt 0.600160 0.682697
vt 0.600020 0.694136
vt 0.597062 0.709234
vt 0.600000 0.709216
vt 0.593048 0.709280
vt 0.593406 0.643846
vt 0.584614 0.654471
vt 0.585558 0.645258
vt 0.600194 0.643568
vt 0.592373 0.653286
vt 0.583881 0.661496
vt 0.598708 0.652578
vt 0.591458 0.660592
vt 0.586422 0.632379
vt 0.575902 0.647144
vt 0.577273 0.635166
vt 0.594094 0.630455
vt 0.601094 0.630472
vt 0.609043 0.636522
vt 0.606708 0.644028
vt 0.604289 0.652359
vt 0.597417 0.659893
vt 0.602497 0.659614
vt 0.590964 0.667164
vt 0.583631 0.667760
vt 0.573756 0.668300
vt 0.573945 0.662338
vt 0.574727 0.655744
vt 0.622892 0.654471
vt 0.620155 0.643846
vt 0.627212 0.645259
vt 0.620249 0.661496
vt 0.615750 0.653286
vt 0.613502 0.643568
vt 0.613091 0.660592
vt 0.609768 0.652578
vt 0.635793 0.647145
vt 0.634087 0.632379
vt 0.641593 0.635166
vt 0.632103 0.655744
vt 0.629791 0.662338
vt 0.618454 0.667760
vt 0.611343 0.667164
vt 0.607452 0.659893
vt 0.605913 0.666681
vt 0.602497 0.659614
vt 0.604289 0.652359
vt 0.606708 0.644028
vt 0.620541 0.630472
vt 0.627547 0.630455
vt 0.511273 0.816260
vt 0.505895 0.805242
vt 0.511566 0.805299
vt 0.510971 0.824360
vt 0.505720 0.816158
vt 0.502399 0.805196
vt 0.505515 0.824188
vt 0.502291 0.816075
vt 0.520499 0.805350
vt 0.511804 0.790500
vt 0.520898 0.790526
vt 0.520013 0.816353
vt 0.519517 0.824515
vt 0.519088 0.830819
vt 0.510705 0.830573
vt 0.505291 0.830302
vt 0.502113 0.824050
vt 0.501844 0.830083
vt 0.499731 0.823992
vt 0.499920 0.816041
vt 0.499990 0.805177
vt 0.500000 0.790439
vt 0.502461 0.790448
vt 0.506027 0.790472
vt 0.510154 0.850220
vt 0.504843 0.841202
vt 0.510336 0.841998
vt 0.504668 0.848854
vt 0.501035 0.840101
vt 0.505061 0.835537
vt 0.510504 0.835970
vt 0.501471 0.835128
vt 0.517345 0.862068
vt 0.518031 0.850498
vt 0.509918 0.862287
vt 0.504592 0.860755
vt 0.500634 0.846169
vt 0.500537 0.856474
vt 0.496711 0.844035
vt 0.497861 0.839512
vt 0.498756 0.834943
vt 0.499362 0.829992
vt 0.501844 0.830083
vt 0.505291 0.830302
vt 0.518769 0.836323
vt 0.519088 0.830819
vt 0.518461 0.842400
vt 0.479605 0.850220
vt 0.489917 0.841202
vt 0.485883 0.848854
vt 0.483995 0.841998
vt 0.492167 0.835536
vt 0.494349 0.840101
vt 0.491510 0.846169
vt 0.495950 0.835128
vt 0.465396 0.862068
vt 0.472678 0.862287
vt 0.471590 0.850498
vt 0.475673 0.842400
vt 0.486526 0.835970
vt 0.478107 0.836323
vt 0.487818 0.830573
vt 0.493326 0.830302
vt 0.496849 0.830083
vt 0.499362 0.829992
vt 0.498756 0.834943
vt 0.497861 0.839512
vt 0.496711 0.844035
vt 0.485536 0.856475
vt 0.496744 0.844186
vt 0.478911 0.860755
vt 0.494084 0.805242
vt 0.488542 0.816260
vt 0.488411 0.805299
vt 0.497581 0.805196
vt 0.494107 0.816158
vt 0.488405 0.824360
vt 0.497546 0.816075
vt 0.493901 0.824188
vt 0.488196 0.790500
vt 0.479476 0.805350
vt 0.479102 0.790526
vt 0.493973 0.790472
vt 0.497539 0.790448
vt 0.499990 0.805177
vt 0.497335 0.824050
vt 0.499731 0.823992
vt 0.496849 0.830083
vt 0.493326 0.830302
vt 0.487818 0.830573
vt 0.479351 0.830819
vt 0.479825 0.824515
vt 0.479792 0.816353
vt 0.520395 0.649780
vt 0.510083 0.658798
vt 0.514117 0.651146
vt 0.516005 0.658002
vt 0.507833 0.664464
vt 0.505651 0.659899
vt 0.508490 0.653831
vt 0.504050 0.664872
vt 0.534604 0.637932
vt 0.527322 0.637713
vt 0.528410 0.649502
vt 0.524326 0.657600
vt 0.513474 0.664030
vt 0.521893 0.663677
vt 0.512182 0.669427
vt 0.506674 0.669698
vt 0.503151 0.669917
vt 0.500638 0.670008
vt 0.501244 0.665057
vt 0.502139 0.660488
vt 0.503289 0.655965
vt 0.514463 0.643526
vt 0.503256 0.655814
vt 0.521089 0.639245
vt 0.505916 0.694758
vt 0.511458 0.683740
vt 0.511589 0.694701
vt 0.502419 0.694804
vt 0.505893 0.683842
vt 0.511594 0.675640
vt 0.502454 0.683925
vt 0.506099 0.675812
vt 0.511804 0.709500
vt 0.520523 0.694650
vt 0.520898 0.709474
vt 0.506027 0.709528
vt 0.502461 0.709552
vt 0.500000 0.709561
vt 0.500010 0.694823
vt 0.500080 0.683959
vt 0.502665 0.675951
vt 0.500269 0.676008
vt 0.503151 0.669917
vt 0.506674 0.669698
vt 0.512182 0.669427
vt 0.520649 0.669181
vt 0.520175 0.675485
vt 0.520208 0.683648
vt 0.488727 0.683740
vt 0.494105 0.694758
vt 0.488434 0.694701
vt 0.489028 0.675640
vt 0.494280 0.683842
vt 0.497601 0.694804
vt 0.494485 0.675812
vt 0.497709 0.683925
vt 0.479501 0.694650
vt 0.488196 0.709500
vt 0.479102 0.709474
vt 0.479987 0.683648
vt 0.480483 0.675485
vt 0.480912 0.669181
vt 0.489294 0.669427
vt 0.494709 0.669698
vt 0.497887 0.675950
vt 0.498156 0.669917
vt 0.500269 0.676008
vt 0.500080 0.683959
vt 0.500010 0.694823
vt 0.500000 0.709561
vt 0.497539 0.709552
vt 0.493973 0.709528
vt 0.489846 0.649780
vt 0.495156 0.658798
vt 0.489664 0.658002
vt 0.495332 0.651146
vt 0.498965 0.659899
vt 0.494939 0.664463
vt 0.489496 0.664029
vt 0.498528 0.664872
vt 0.482655 0.637932
vt 0.481969 0.649502
vt 0.490082 0.637713
vt 0.495408 0.639245
vt 0.499366 0.653831
vt 0.499463 0.643526
vt 0.503289 0.655965
vt 0.501244 0.665057
vt 0.500638 0.670008
vt 0.498156 0.669917
vt 0.494709 0.669698
vt 0.489295 0.669427
vt 0.481231 0.663677
vt 0.480912 0.669181
vt 0.481539 0.657600
vt 0.414052 0.805623
vt 0.408385 0.817065
vt 0.407644 0.805736
vt 0.415097 0.816856
vt 0.408931 0.825750
vt 0.403622 0.817233
vt 0.403296 0.805826
vt 0.403728 0.826044
vt 0.422506 0.790613
vt 0.413116 0.790664
vt 0.423551 0.805522
vt 0.424727 0.816668
vt 0.415964 0.825387
vt 0.425727 0.825058
vt 0.416369 0.832240
vt 0.409036 0.832837
vt 0.403426 0.833319
vt 0.398719 0.833518
vt 0.399459 0.826166
vt 0.399840 0.817303
vt 0.399980 0.805864
vt 0.402938 0.790766
vt 0.400000 0.790784
vt 0.406952 0.790720
vt 0.406593 0.856154
vt 0.415386 0.845529
vt 0.414442 0.854742
vt 0.399806 0.856432
vt 0.407627 0.846714
vt 0.416119 0.838504
vt 0.401292 0.847423
vt 0.408542 0.839408
vt 0.413578 0.867621
vt 0.424097 0.852856
vt 0.422727 0.864834
vt 0.405906 0.869545
vt 0.398906 0.869528
vt 0.390956 0.863478
vt 0.393292 0.855972
vt 0.395711 0.847641
vt 0.402583 0.840108
vt 0.397502 0.840386
vt 0.403426 0.833319
vt 0.409036 0.832836
vt 0.416369 0.832240
vt 0.426244 0.831700
vt 0.426055 0.837662
vt 0.425273 0.844256
vt 0.377108 0.845529
vt 0.379845 0.856154
vt 0.372788 0.854742
vt 0.379751 0.838504
vt 0.384250 0.846714
vt 0.386498 0.856432
vt 0.386909 0.839408
vt 0.390232 0.847423
vt 0.364207 0.852856
vt 0.365913 0.867621
vt 0.358407 0.864834
vt 0.367897 0.844256
vt 0.370208 0.837662
vt 0.371873 0.831700
vt 0.381546 0.832240
vt 0.388656 0.832836
vt 0.392548 0.840107
vt 0.394087 0.833319
vt 0.397502 0.840386
vt 0.379459 0.869528
vt 0.372453 0.869545
vt 0.385915 0.805623
vt 0.391326 0.817065
vt 0.384642 0.816856
vt 0.392320 0.805736
vt 0.396066 0.817233
vt 0.390096 0.825750
vt 0.383156 0.825387
vt 0.395222 0.826044
vt 0.377494 0.790613
vt 0.376419 0.805522
vt 0.386884 0.790664
vt 0.393048 0.790720
vt 0.396665 0.805826
vt 0.397062 0.790766
vt 0.399840 0.817303
vt 0.399460 0.826166
vt 0.398719 0.833518
vt 0.394087 0.833319
vt 0.388656 0.832836
vt 0.381546 0.832240
vt 0.373478 0.825058
vt 0.371873 0.831700
vt 0.375037 0.816668
vt 0.422892 0.654471
vt 0.420155 0.643846
vt 0.427212 0.645259
vt 0.420249 0.661496
vt 0.415750 0.653286
vt 0.413502 0.643568
vt 0.413091 0.660592
vt 0.409768 0.652578
vt 0.435793 0.647145
vt 0.434087 0.632379
vt 0.441593 0.635166
vt 0.432103 0.655744
vt 0.429791 0.662338
vt 0.428127 0.668300
vt 0.418454 0.667760
vt 0.411343 0.667164
vt 0.407452 0.659893
vt 0.405913 0.666681
vt 0.402497 0.659614
vt 0.404289 0.652359
vt 0.406708 0.644028
vt 0.409043 0.636522
vt 0.420541 0.630472
vt 0.427547 0.630455
vt 0.414085 0.694377
vt 0.408673 0.682936
vt 0.415358 0.683144
vt 0.407680 0.694265
vt 0.403933 0.682767
vt 0.409904 0.674250
vt 0.416844 0.674613
vt 0.404778 0.673956
vt 0.422506 0.709387
vt 0.423581 0.694478
vt 0.413116 0.709336
vt 0.406952 0.709280
vt 0.403335 0.694174
vt 0.402938 0.709235
vt 0.400020 0.694136
vt 0.400160 0.682697
vt 0.400540 0.673834
vt 0.401281 0.666482
vt 0.405913 0.666681
vt 0.411343 0.667164
vt 0.418454 0.667760
vt 0.426522 0.674942
vt 0.428127 0.668300
vt 0.424963 0.683332
vt 0.385948 0.694377
vt 0.391615 0.682936
vt 0.392356 0.694265
vt 0.384903 0.683144
vt 0.391069 0.674250
vt 0.396377 0.682767
vt 0.396704 0.694174
vt 0.396272 0.673956
vt 0.377494 0.709387
vt 0.386884 0.709336
vt 0.376449 0.694478
vt 0.375273 0.683332
vt 0.384036 0.674613
vt 0.374272 0.674942
vt 0.383630 0.667760
vt 0.390964 0.667164
vt 0.396574 0.666681
vt 0.400540 0.673834
vt 0.400160 0.682697
vt 0.400020 0.694136
vt 0.397062 0.709234
vt 0.400000 0.709216
vt 0.393048 0.709280
vt 0.393406 0.643846
vt 0.384614 0.654471
vt 0.385558 0.645258
vt 0.400194 0.643568
vt 0.392373 0.653286
vt 0.383881 0.661496
vt 0.398708 0.652578
vt 0.391458 0.660592
vt 0.386422 0.632379
vt 0.375902 0.647144
vt 0.377273 0.635166
vt 0.394094 0.630455
vt 0.401094 0.630472
vt 0.406708 0.644028
vt 0.404289 0.652359
vt 0.397417 0.659893
vt 0.402498 0.659614
vt 0.396574 0.666681
vt 0.390964 0.667164
vt 0.383631 0.667760
vt 0.373756 0.668300
vt 0.373945 0.662338
vt 0.374727 0.655744
vt 0.311273 0.816260
vt 0.305895 0.805242
vt 0.311566 0.805299
vt 0.310972 0.824360
vt 0.305720 0.816158
vt 0.302399 0.805196
vt 0.305515 0.824188
vt 0.302291 0.816075
vt 0.320499 0.805350
vt 0.311804 0.790500
vt 0.320898 0.790526
vt 0.320013 0.816353
vt 0.319517 0.824515
vt 0.319088 0.830819
vt 0.310705 0.830573
vt 0.305291 0.830302
vt 0.302113 0.824050
vt 0.301844 0.830083
vt 0.299731 0.823992
vt 0.299920 0.816041
vt 0.299990 0.805177
vt 0.300000 0.790439
vt 0.302461 0.790448
vt 0.306027 0.790472
vt 0.310154 0.850220
vt 0.304844 0.841202
vt 0.310336 0.841998
vt 0.304668 0.848854
vt 0.301035 0.840101
vt 0.305061 0.835537
vt 0.310504 0.835970
vt 0.301471 0.835128
vt 0.317345 0.862068
vt 0.318031 0.850498
vt 0.309918 0.862287
vt 0.304592 0.860755
vt 0.300634 0.846169
vt 0.300537 0.856474
vt 0.296711 0.844035
vt 0.297861 0.839512
vt 0.298756 0.834943
vt 0.299362 0.829992
vt 0.305291 0.830302
vt 0.310705 0.830573
vt 0.318769 0.836323
vt 0.319088 0.830819
vt 0.318461 0.842400
vt 0.279605 0.850220
vt 0.289917 0.841202
vt 0.285883 0.848854
vt 0.283995 0.841998
vt 0.292167 0.835536
vt 0.294349 0.840101
vt 0.291510 0.846169
vt 0.295950 0.835128
vt 0.265396 0.862068
vt 0.272678 0.862287
vt 0.271590 0.850498
vt 0.275673 0.842400
vt 0.286526 0.835970
vt 0.278107 0.836323
vt 0.287818 0.830573
vt 0.293326 0.830302
vt 0.296849 0.830083
vt 0.299362 0.829992
vt 0.298756 0.834943
vt 0.297861 0.839512
vt 0.296711 0.844035
vt 0.285536 0.856474
vt 0.296744 0.844186
vt 0.278911 0.860755
vt 0.294084 0.805242
vt 0.288542 0.816260
vt 0.288411 0.805299
vt 0.297581 0.805196
vt 0.294107 0.816158
vt 0.288405 0.824360
vt 0.297546 0.816075
vt 0.293901 0.824188
vt 0.288196 0.790500
vt 0.279477 0.805350
vt 0.279102 0.790526
vt 0.293973 0.790472
vt 0.297539 0.790448
vt 0.300000 0.790439
vt 0.299990 0.805177
vt 0.299920 0.816041
vt 0.297335 0.824050
vt 0.299731 0.823992
vt 0.296849 0.830083
vt 0.293326 0.830302
vt 0.279351 0.830819
vt 0.279825 0.824515
vt 0.279792 0.816352
vt 0.320395 0.649780
vt 0.310083 0.658798
vt 0.314117 0.651146
vt 0.316005 0.658002
vt 0.307833 0.664464
vt 0.305651 0.659899
vt 0.308490 0.653831
vt 0.304050 0.664872
vt 0.334604 0.637932
vt 0.327322 0.637713
vt 0.328410 0.649502
vt 0.324326 0.657600
vt 0.313473 0.664030
vt 0.321893 0.663677
vt 0.312182 0.669427
vt 0.306674 0.669698
vt 0.303151 0.669917
vt 0.300638 0.670008
vt 0.301244 0.665057
vt 0.302139 0.660488
vt 0.303289 0.655965
vt 0.314463 0.643526
vt 0.303256 0.655814
vt 0.321089 0.639245
vt 0.305916 0.694758
vt 0.311458 0.683740
vt 0.311589 0.694701
vt 0.302419 0.694804
vt 0.305893 0.683842
vt 0.311594 0.675640
vt 0.302454 0.683925
vt 0.306099 0.675812
vt 0.311804 0.709500
vt 0.320523 0.694650
vt 0.320898 0.709474
vt 0.306027 0.709528
vt 0.302461 0.709552
vt 0.300000 0.709561
vt 0.300010 0.694823
vt 0.300080 0.683959
vt 0.302665 0.675950
vt 0.300269 0.676008
vt 0.306674 0.669698
vt 0.312182 0.669427
vt 0.320649 0.669181
vt 0.320175 0.675485
vt 0.320208 0.683648
vt 0.288727 0.683740
vt 0.294105 0.694758
vt 0.288434 0.694701
vt 0.289028 0.675640
vt 0.294280 0.683842
vt 0.297601 0.694804
vt 0.294485 0.675812
vt 0.297709 0.683925
vt 0.279501 0.694650
vt 0.288196 0.709500
vt 0.279102 0.709474
vt 0.279987 0.683648
vt 0.280483 0.675485
vt 0.280912 0.669181
vt 0.289295 0.669427
vt 0.294709 0.669698
vt 0.297887 0.675950
vt 0.298156 0.669917
vt 0.300010 0.694823
vt 0.300000 0.709561
vt 0.297539 0.709552
vt 0.293973 0.709528
vt 0.289846 0.649780
vt 0.295156 0.658798
vt 0.289664 0.658002
vt 0.295332 0.651146
vt 0.298965 0.659899
vt 0.294939 0.664463
vt 0.289496 0.664029
vt 0.298528 0.664872
vt 0.282655 0.637932
vt 0.281969 0.649502
vt 0.290082 0.637713
vt 0.295408 0.639245
vt 0.299366 0.653831
vt 0.299463 0.643526
vt 0.303289 0.655965
vt 0.302139 0.660488
vt 0.301244 0.665057
vt 0.300638 0.670008
vt 0.298156 0.669917
vt 0.294709 0.669698
vt 0.289295 0.669427
vt 0.281231 0.663677
vt 0.280912 0.669181
vt 0.281539 0.657600
vt 0.214052 0.805623
vt 0.208385 0.817065
vt 0.207644 0.805736
vt 0.215097 0.816856
vt 0.208931 0.825750
vt 0.203622 0.817233
vt 0.203296 0.805826
vt 0.203728 0.826044
vt 0.222506 0.790613
vt 0.213116 0.790664
vt 0.223551 0.805522
vt 0.224727 0.816668
vt 0.215964 0.825387
vt 0.225727 0.825058
vt 0.216369 0.832240
vt 0.209036 0.832837
vt 0.203426 0.833319
vt 0.198719 0.833518
vt 0.199460 0.826166
vt 0.199840 0.817303
vt 0.199980 0.805864
vt 0.202938 0.790766
vt 0.200000 0.790784
vt 0.206952 0.790720
vt 0.206593 0.856154
vt 0.215386 0.845529
vt 0.214442 0.854742
vt 0.199806 0.856433
vt 0.207627 0.846714
vt 0.216119 0.838504
vt 0.201292 0.847423
vt 0.208542 0.839408
vt 0.213578 0.867621
vt 0.224097 0.852856
vt 0.222727 0.864834
vt 0.205906 0.869545
vt 0.198906 0.869528
vt 0.190956 0.863478
vt 0.193292 0.855972
vt 0.195711 0.847641
vt 0.202583 0.840107
vt 0.197502 0.840386
vt 0.209036 0.832836
vt 0.216369 0.832240
vt 0.226244 0.831700
vt 0.226055 0.837662
vt 0.225273 0.844256
vt 0.177108 0.845529
vt 0.179845 0.856154
vt 0.172788 0.854742
vt 0.179751 0.838504
vt 0.184250 0.846714
vt 0.186498 0.856432
vt 0.186909 0.839408
vt 0.190232 0.847423
vt 0.164207 0.852856
vt 0.165913 0.867621
vt 0.158407 0.864834
vt 0.167897 0.844256
vt 0.170208 0.837662
vt 0.171873 0.831700
vt 0.181546 0.832240
vt 0.188656 0.832836
vt 0.192548 0.840107
vt 0.194087 0.833319
vt 0.195711 0.847641
vt 0.179459 0.869528
vt 0.172453 0.869545
vt 0.185915 0.805623
vt 0.191326 0.817065
vt 0.184642 0.816856
vt 0.192320 0.805736
vt 0.196066 0.817233
vt 0.190096 0.825750
vt 0.183156 0.825387
vt 0.195222 0.826044
vt 0.177494 0.790613
vt 0.176419 0.805522
vt 0.186884 0.790664
vt 0.193048 0.790720
vt 0.196665 0.805826
vt 0.197062 0.790766
vt 0.199980 0.805864
vt 0.199460 0.826166
vt 0.198719 0.833518
vt 0.194087 0.833319
vt 0.181546 0.832240
vt 0.173478 0.825058
vt 0.171873 0.831700
vt 0.175037 0.816668
vt 0.222892 0.654471
vt 0.220155 0.643846
vt 0.227212 0.645259
vt 0.220249 0.661496
vt 0.215750 0.653286
vt 0.213502 0.643568
vt 0.213091 0.660592
vt 0.209768 0.652578
vt 0.235793 0.647145
vt 0.234087 0.632379
vt 0.241593 0.635166
vt 0.232103 0.655744
vt 0.229791 0.662338
vt 0.228127 0.668300
vt 0.218454 0.667760
vt 0.211343 0.667164
vt 0.207452 0.659893
vt 0.205913 0.666681
vt 0.202497 0.659614
vt 0.204289 0.652359
vt 0.206708 0.644028
vt 0.209043 0.636522
vt 0.220541 0.630472
vt 0.227547 0.630455
vt 0.214085 0.694377
vt 0.208673 0.682936
vt 0.215357 0.683144
vt 0.207680 0.694265
vt 0.203933 0.682767
vt 0.209904 0.674250
vt 0.216844 0.674613
vt 0.204778 0.673956
vt 0.222506 0.709387
vt 0.223581 0.694478
vt 0.213116 0.709336
vt 0.206952 0.709280
vt 0.203335 0.694174
vt 0.202938 0.709234
vt 0.200020 0.694136
vt 0.200160 0.682697
vt 0.200540 0.673834
vt 0.201281 0.666482
vt 0.205913 0.666681
vt 0.211343 0.667164
vt 0.218454 0.667760
vt 0.226522 0.674942
vt 0.224963 0.683332
vt 0.185948 0.694377
vt 0.191615 0.682936
vt 0.192356 0.694265
vt 0.184903 0.683144
vt 0.191069 0.674250
vt 0.196377 0.682767
vt 0.196703 0.694174
vt 0.196272 0.673956
vt 0.177494 0.709387
vt 0.186884 0.709336
vt 0.176449 0.694478
vt 0.175272 0.683332
vt 0.184036 0.674613
vt 0.174272 0.674942
vt 0.183630 0.667760
vt 0.190964 0.667164
vt 0.196574 0.666681
vt 0.201281 0.666482
vt 0.200540 0.673834
vt 0.200160 0.682697
vt 0.200020 0.694136
vt 0.197062 0.709234
vt 0.200000 0.709216
vt 0.193048 0.709280
vt 0.193407 0.643846
vt 0.184614 0.654471
vt 0.185558 0.645258
vt 0.200194 0.643568
vt 0.192373 0.653286
vt 0.183881 0.661496
vt 0.198708 0.652578
vt 0.191458 0.660592
vt 0.186422 0.632379
vt 0.175902 0.647144
vt 0.177273 0.635166
vt 0.194094 0.630455
vt 0.201094 0.630472
vt 0.206708 0.644028
vt 0.204289 0.652359
vt 0.197417 0.659893
vt 0.202497 0.659614
vt 0.190964 0.667164
vt 0.183630 0.667760
vt 0.173756 0.668300
vt 0.173945 0.662338
vt 0.174727 0.655744
vt 0.111273 0.816260
vt 0.105895 0.805242
vt 0.111566 0.805299
vt 0.110971 0.824360
vt 0.105720 0.816158
vt 0.102399 0.805196
vt 0.105515 0.824188
vt 0.102291 0.816075
vt 0.120499 0.805350
vt 0.111804 0.790500
vt 0.120898 0.790526
vt 0.120013 0.816353
vt 0.119517 0.824515
vt 0.119088 0.830819
vt 0.110705 0.830573
vt 0.105291 0.830302
vt 0.102113 0.824050
vt 0.101844 0.830083
vt 0.099731 0.823992
vt 0.099920 0.816041
vt 0.099990 0.805177
vt 0.100000 0.790439
vt 0.102461 0.790448
vt 0.106027 0.790472
vt 0.110154 0.850220
vt 0.104844 0.841202
vt 0.110336 0.841998
vt 0.104668 0.848854
vt 0.101035 0.840101
vt 0.105061 0.835537
vt 0.110504 0.835970
vt 0.101471 0.835128
vt 0.117345 0.862068
vt 0.118031 0.850498
vt 0.109918 0.862287
vt 0.104592 0.860755
vt 0.100634 0.846169
vt 0.100537 0.856474
vt 0.096711 0.844035
vt 0.097861 0.839512
vt 0.098756 0.834943
vt 0.099362 0.829992
vt 0.105291 0.830302
vt 0.110705 0.830573
vt 0.118769 0.836323
vt 0.119088 0.830819
vt 0.118461 0.842400
vt 0.079605 0.850220
vt 0.089917 0.841202
vt 0.085883 0.848854
vt 0.083995 0.841998
vt 0.092167 0.835537
vt 0.094349 0.840101
vt 0.091510 0.846169
vt 0.095950 0.835128
vt 0.065396 0.862068
vt 0.072678 0.862287
vt 0.071590 0.850498
vt 0.075673 0.842400
vt 0.086526 0.835970
vt 0.078107 0.836323
vt 0.087818 0.830573
vt 0.093326 0.830302
vt 0.096849 0.830083
vt 0.099362 0.829992
vt 0.098756 0.834943
vt 0.097861 0.839512
vt 0.096711 0.844035
vt 0.085536 0.856475
vt 0.096744 0.844186
vt 0.078911 0.860755
vt 0.094084 0.805242
vt 0.088542 0.816260
vt 0.088411 0.805299
vt 0.097581 0.805196
vt 0.094107 0.816158
vt 0.088405 0.824360
vt 0.097546 0.816075
vt 0.093901 0.824188
vt 0.088196 0.790500
vt 0.079476 0.805350
vt 0.079102 0.790526
vt 0.093973 0.790472
vt 0.097539 0.790448
vt 0.099990 0.805177
vt 0.099920 0.816041
vt 0.097335 0.824050
vt 0.099731 0.823992
vt 0.096849 0.830083
vt 0.087818 0.830573
vt 0.079351 0.830819
vt 0.079825 0.824515
vt 0.079792 0.816353
vt 0.120395 0.649780
vt 0.110083 0.658798
vt 0.114117 0.651146
vt 0.116005 0.658002
vt 0.107833 0.664464
vt 0.105651 0.659899
vt 0.108490 0.653831
vt 0.104050 0.664872
vt 0.134604 0.637932
vt 0.127322 0.637713
vt 0.128410 0.649502
vt 0.124326 0.657600
vt 0.113473 0.664030
vt 0.121893 0.663677
vt 0.112182 0.669427
vt 0.106674 0.669698
vt 0.103151 0.669917
vt 0.100638 0.670008
vt 0.101244 0.665057
vt 0.102139 0.660488
vt 0.103289 0.655965
vt 0.114463 0.643526
vt 0.103256 0.655814
vt 0.121089 0.639245
vt 0.105916 0.694758
vt 0.111458 0.683740
vt 0.111589 0.694701
vt 0.102419 0.694804
vt 0.105893 0.683842
vt 0.111594 0.675640
vt 0.102454 0.683925
vt 0.106099 0.675812
vt 0.111804 0.709500
vt 0.120523 0.694650
vt 0.120898 0.709474
vt 0.106027 0.709528
vt 0.102461 0.709552
vt 0.100000 0.709561
vt 0.100010 0.694823
vt 0.100080 0.683959
vt 0.102665 0.675950
vt 0.100269 0.676008
vt 0.103151 0.669917
vt 0.106674 0.669698
vt 0.112182 0.669427
vt 0.120649 0.669181
vt 0.120175 0.675485
vt 0.120208 0.683648
vt 0.088727 0.683740
vt 0.094105 0.694758
vt 0.088434 0.694701
vt 0.089028 0.675640
vt 0.094280 0.683842
vt 0.097601 0.694804
vt 0.094485 0.675812
vt 0.097709 0.683925
vt 0.079501 0.694650
vt 0.088196 0.709500
vt 0.079102 0.709474
vt 0.079987 0.683648
vt 0.080483 0.675485
vt 0.080912 0.669181
vt 0.089295 0.669427
vt 0.094709 0.669698
vt 0.097887 0.675950
vt 0.098156 0.669917
vt 0.100080 0.683959
vt 0.100000 0.709561
vt 0.097539 0.709552
vt 0.093973 0.709528
vt 0.089846 0.649780
vt 0.095156 0.658798
vt 0.089664 0.658002
vt 0.095332 0.651146
vt 0.098965 0.659899
vt 0.094939 0.664463
vt 0.089496 0.664029
vt 0.098528 0.664872
vt 0.082654 0.637932
vt 0.081969 0.649502
vt 0.090082 0.637713
vt 0.095408 0.639245
vt 0.099366 0.653831
vt 0.099463 0.643526
vt 0.103289 0.655965
vt 0.102139 0.660488
vt 0.101244 0.665057
vt 0.100638 0.670008
vt 0.098156 0.669917
vt 0.094709 0.669698
vt 0.089295 0.669427
vt 0.081231 0.663677
vt 0.080912 0.669181
vt 0.081539 0.657600
vt 0.015004 0.884979
vt 0.009046 0.909087
vt 0.009158 0.888065
vt 0.015404 0.922783
vt 0.014756 0.904297
vt 0.004287 0.913068
vt 0.004341 0.889718
vt 0.009427 0.929673
vt 0.023878 0.864935
vt 0.015811 0.867817
vt 0.022468 0.880840
vt 0.022957 0.914313
vt 0.021926 0.898296
vt 0.004471 0.936235
vt -0.000000 0.943227
vt -0.000000 0.916644
vt -0.000000 0.890061
vt 0.009668 0.869866
vt 0.947895 0.913048
vt 0.958096 0.887873
vt 0.961897 0.889574
vt 0.932804 0.929756
vt 0.945536 0.909057
vt 0.954083 0.884826
vt 0.930955 0.922848
vt 0.942695 0.904273
vt 0.965963 0.890061
vt 0.973580 0.869389
vt 0.950014 0.916644
vt 0.933814 0.936298
vt 0.934064 0.943227
vt 0.921816 0.955747
vt 0.921763 0.946934
vt 0.920551 0.938036
vt 0.928471 0.914350
vt 0.939112 0.898283
vt 0.949069 0.880755
vt 0.957256 0.864732
vt 0.963676 0.867439
vt 0.968663 0.869332
vt 0.069045 0.577152
vt 0.054464 0.590943
vt 0.067196 0.570244
vt 0.045917 0.615174
vt 0.057305 0.595728
vt 0.052105 0.586952
vt 0.066186 0.563702
vt 0.041904 0.612127
vt 0.081179 0.573023
vt 0.079449 0.561964
vt 0.071529 0.585650
vt 0.050931 0.619245
vt 0.060888 0.601717
vt 0.038103 0.610426
vt 0.034037 0.609939
vt 0.049986 0.583356
vt 0.065936 0.556774
vt 0.078184 0.544253
vt 0.078237 0.553066
vt 0.995713 0.586933
vt 0.990573 0.570327
vt 0.995529 0.563765
vt 0.990842 0.611935
vt 0.990954 0.590913
vt 0.984596 0.577217
vt 0.984996 0.615021
vt 0.985244 0.595703
vt 1.000000 0.556774
vt 0.995023 0.544505
vt 1.000000 0.583356
vt 0.995659 0.610282
vt 1.000000 0.609939
vt 0.995285 0.630061
vt 0.984189 0.632183
vt 0.976122 0.635065
vt 0.977532 0.619160
vt 0.978074 0.601704
vt 0.977043 0.585687
vt 0.974918 0.573116
vt 0.983207 0.562138
vt 0.012395 0.750046
vt 0.006657 0.727840
vt 0.012642 0.728471
vt 0.006657 0.772362
vt 0.006443 0.750054
vt 0.002813 0.726139
vt 0.002813 0.774012
vt 0.002677 0.750035
vt 0.021913 0.728546
vt 0.022653 0.709489
vt 0.021666 0.750025
vt 0.012642 0.771690
vt 0.021913 0.771544
vt -0.000000 0.776667
vt -0.000000 0.750000
vt -0.000000 0.723333
vt -0.000000 0.696667
vt 0.003334 0.705705
vt 0.997187 0.725988
vt 0.993557 0.749946
vt 0.993343 0.727638
vt 0.997187 0.773861
vt 0.997323 0.749965
vt 0.987605 0.749954
vt 0.987358 0.728310
vt 0.993343 0.772160
vt 0.996666 0.705155
vt 1.000000 0.723333
vt 1.000000 0.776667
vt 1.000000 0.750000
vt 1.000000 0.803333
vt 0.996666 0.794295
vt 0.992664 0.791503
vt 0.987358 0.771529
vt 0.986612 0.790606
vt 0.978087 0.771454
vt 0.978334 0.749975
vt 0.978087 0.728457
vt 0.986612 0.709016
vt 0.977347 0.709286
vt 0.992664 0.707963
vt 0.090265 0.601390
vt 0.095316 0.621602
vt 0.090338 0.620882
vt 0.089565 0.581983
vt 0.094985 0.600509
vt 0.099144 0.624519
vt 0.094370 0.579110
vt 0.098585 0.601183
vt 0.083545 0.622177
vt 0.090082 0.637713
vt 0.082654 0.637932
vt 0.083851 0.604462
vt 0.082895 0.587501
vt 0.097914 0.577488
vt 0.100814 0.576066
vt 0.101628 0.602649
vt 0.102442 0.629231
vt 0.099463 0.643526
vt 0.095408 0.639245
vt 0.126155 0.624521
vt 0.144695 0.600534
vt 0.131737 0.621605
vt 0.140693 0.601199
vt 0.158092 0.579200
vt 0.148898 0.601411
vt 0.137146 0.620885
vt 0.161222 0.582055
vt 0.114463 0.643526
vt 0.120019 0.629231
vt 0.136783 0.602649
vt 0.155530 0.577555
vt 0.153547 0.576066
vt 0.168637 0.556781
vt 0.170149 0.560412
vt 0.172533 0.565135
vt 0.175169 0.573116
vt 0.164674 0.587540
vt 0.153494 0.604474
vt 0.143159 0.622179
vt 0.121089 0.639245
vt 0.888048 0.771453
vt 0.893866 0.750000
vt 0.893893 0.771442
vt 0.888048 0.728547
vt 0.887999 0.750000
vt 0.897493 0.750000
vt 0.897504 0.771432
vt 0.893893 0.728558
vt 0.879102 0.790526
vt 0.878855 0.771464
vt 0.878855 0.728536
vt 0.878773 0.750000
vt 0.897504 0.728568
vt 0.900000 0.728572
vt 0.900000 0.750000
vt 0.900000 0.771428
vt 0.897539 0.790448
vt 0.893973 0.790472
vt 0.902507 0.750000
vt 0.906107 0.771442
vt 0.902496 0.771432
vt 0.906107 0.728559
vt 0.906134 0.750000
vt 0.911952 0.771453
vt 0.911952 0.728547
vt 0.912001 0.750000
vt 0.902461 0.790448
vt 0.902496 0.728568
vt 0.902461 0.709552
vt 0.906027 0.709528
vt 0.911804 0.709500
vt 0.920898 0.709474
vt 0.921145 0.728536
vt 0.921228 0.750000
vt 0.921145 0.771464
vt 0.920898 0.790526
vt 0.911804 0.790500
vt 0.906027 0.790472
vt 0.186903 0.615100
vt 0.193281 0.590940
vt 0.194040 0.612040
vt 0.185503 0.577220
vt 0.186669 0.595726
vt 0.199098 0.586950
vt 0.200509 0.610369
vt 0.191979 0.570331
vt 0.178516 0.619203
vt 0.177520 0.585688
vt 0.178814 0.601716
vt 0.197404 0.563767
vt 0.202261 0.556774
vt 0.204522 0.583356
vt 0.206783 0.609939
vt 0.201094 0.630472
vt 0.194094 0.630455
vt 0.248720 0.586934
vt 0.238703 0.612037
vt 0.233245 0.610367
vt 0.265789 0.570241
vt 0.252136 0.590916
vt 0.244010 0.615097
vt 0.268139 0.577149
vt 0.255880 0.595705
vt 0.227254 0.609939
vt 0.220541 0.630472
vt 0.245464 0.583356
vt 0.264311 0.563700
vt 0.263675 0.556774
vt 0.277505 0.544252
vt 0.277578 0.553066
vt 0.278982 0.561964
vt 0.280928 0.573023
vt 0.271052 0.585649
vt 0.260147 0.601705
vt 0.249947 0.619202
vt 0.241593 0.635166
vt 0.234087 0.632379
vt 0.787671 0.750000
vt 0.793488 0.771543
vt 0.787474 0.771520
vt 0.793488 0.728458
vt 0.793635 0.750000
vt 0.797295 0.771561
vt 0.797296 0.728439
vt 0.797373 0.750000
vt 0.778151 0.771499
vt 0.786884 0.790664
vt 0.778370 0.750000
vt 0.787474 0.728480
vt 0.778151 0.728501
vt 0.800000 0.728431
vt 0.800000 0.750000
vt 0.800000 0.771569
vt 0.800000 0.790784
vt 0.797062 0.790766
vt 0.793048 0.790720
vt 0.802704 0.771561
vt 0.806365 0.750000
vt 0.806512 0.771543
vt 0.802704 0.728439
vt 0.802627 0.750000
vt 0.812329 0.750000
vt 0.812526 0.771520
vt 0.806512 0.728458
vt 0.802938 0.790766
vt 0.802938 0.709235
vt 0.806952 0.709280
vt 0.812526 0.728481
vt 0.813116 0.709336
vt 0.821849 0.728501
vt 0.821630 0.750000
vt 0.821849 0.771499
vt 0.813116 0.790664
vt 0.822506 0.790613
vt 0.806952 0.790720
vt 0.290252 0.601390
vt 0.295316 0.621602
vt 0.290336 0.620882
vt 0.289520 0.581983
vt 0.294981 0.600509
vt 0.299144 0.624519
vt 0.294357 0.579110
vt 0.298584 0.601183
vt 0.283541 0.622177
vt 0.290082 0.637713
vt 0.282655 0.637932
vt 0.283820 0.604462
vt 0.282789 0.587501
vt 0.297913 0.577488
vt 0.300814 0.576066
vt 0.301628 0.602649
vt 0.302442 0.629231
vt 0.299463 0.643526
vt 0.295408 0.639245
vt 0.326155 0.624521
vt 0.344695 0.600534
vt 0.331737 0.621605
vt 0.340693 0.601199
vt 0.358092 0.579200
vt 0.348898 0.601411
vt 0.337146 0.620885
vt 0.361222 0.582055
vt 0.314463 0.643526
vt 0.320019 0.629231
vt 0.336783 0.602649
vt 0.355530 0.577555
vt 0.353547 0.576066
vt 0.370149 0.560412
vt 0.372533 0.565135
vt 0.375169 0.573116
vt 0.364674 0.587540
vt 0.353494 0.604474
vt 0.343159 0.622179
vt 0.327322 0.637713
vt 0.334604 0.637932
vt 0.688048 0.771453
vt 0.693866 0.750000
vt 0.693893 0.771442
vt 0.688048 0.728547
vt 0.687999 0.750000
vt 0.697493 0.750000
vt 0.697504 0.771432
vt 0.693893 0.728558
vt 0.688196 0.790500
vt 0.678855 0.771464
vt 0.678855 0.728536
vt 0.678773 0.750000
vt 0.697504 0.728568
vt 0.700000 0.728572
vt 0.700000 0.750000
vt 0.700000 0.771428
vt 0.697539 0.790448
vt 0.700000 0.790439
vt 0.693973 0.790472
vt 0.702507 0.750000
vt 0.706107 0.771442
vt 0.702496 0.771432
vt 0.706107 0.728558
vt 0.706134 0.750000
vt 0.711952 0.771453
vt 0.711952 0.728547
vt 0.712001 0.750000
vt 0.702461 0.790448
vt 0.702496 0.728568
vt 0.702461 0.709552
vt 0.706027 0.709528
vt 0.711804 0.709500
vt 0.720898 0.709474
vt 0.721145 0.728536
vt 0.721227 0.750000
vt 0.721145 0.771464
vt 0.720898 0.790526
vt 0.711804 0.790500
vt 0.386903 0.615100
vt 0.393281 0.590940
vt 0.394040 0.612040
vt 0.385503 0.577220
vt 0.386669 0.595726
vt 0.399098 0.586950
vt 0.400509 0.610369
vt 0.391979 0.570331
vt 0.377273 0.635166
vt 0.386422 0.632379
vt 0.378516 0.619203
vt 0.377520 0.585688
vt 0.378814 0.601716
vt 0.397404 0.563767
vt 0.402261 0.556774
vt 0.404522 0.583356
vt 0.406783 0.609939
vt 0.401094 0.630472
vt 0.448720 0.586934
vt 0.438703 0.612037
vt 0.433245 0.610367
vt 0.465790 0.570241
vt 0.452136 0.590916
vt 0.444010 0.615097
vt 0.468139 0.577149
vt 0.455880 0.595705
vt 0.427254 0.609939
vt 0.420541 0.630472
vt 0.445464 0.583356
vt 0.464311 0.563700
vt 0.463675 0.556774
vt 0.477505 0.544253
vt 0.477578 0.553066
vt 0.478982 0.561964
vt 0.480928 0.573023
vt 0.471052 0.585649
vt 0.460147 0.601705
vt 0.449947 0.619202
vt 0.427547 0.630455
vt 0.587671 0.750000
vt 0.593488 0.771543
vt 0.587474 0.771520
vt 0.593488 0.728458
vt 0.593634 0.750000
vt 0.597295 0.771561
vt 0.597295 0.728439
vt 0.597373 0.750000
vt 0.578151 0.771499
vt 0.586884 0.790664
vt 0.577494 0.790613
vt 0.578370 0.750000
vt 0.587474 0.728480
vt 0.578151 0.728501
vt 0.600000 0.728431
vt 0.600000 0.750000
vt 0.600000 0.771569
vt 0.600000 0.790784
vt 0.593048 0.790720
vt 0.602705 0.771561
vt 0.606365 0.750000
vt 0.606512 0.771543
vt 0.602705 0.728439
vt 0.602627 0.750000
vt 0.612329 0.750000
vt 0.612526 0.771520
vt 0.606512 0.728458
vt 0.602938 0.790766
vt 0.602938 0.709235
vt 0.606952 0.709280
vt 0.612526 0.728481
vt 0.613116 0.709336
vt 0.621849 0.728501
vt 0.621630 0.750000
vt 0.621849 0.771499
vt 0.613116 0.790664
vt 0.490252 0.601390
vt 0.495316 0.621602
vt 0.490336 0.620882
vt 0.489520 0.581983
vt 0.494981 0.600509
vt 0.499144 0.624518
vt 0.494357 0.579110
vt 0.498584 0.601183
vt 0.483541 0.622177
vt 0.490082 0.637713
vt 0.482655 0.637932
vt 0.483820 0.604462
vt 0.482789 0.587501
vt 0.497913 0.577488
vt 0.500814 0.576066
vt 0.501628 0.602649
vt 0.502442 0.629231
vt 0.499463 0.643526
vt 0.495408 0.639245
vt 0.526155 0.624521
vt 0.544695 0.600534
vt 0.531737 0.621605
vt 0.540693 0.601199
vt 0.558092 0.579200
vt 0.548898 0.601411
vt 0.537146 0.620885
vt 0.561222 0.582055
vt 0.514463 0.643526
vt 0.520019 0.629231
vt 0.536783 0.602649
vt 0.555530 0.577555
vt 0.553546 0.576066
vt 0.568637 0.556781
vt 0.570149 0.560412
vt 0.564673 0.587540
vt 0.553494 0.604474
vt 0.543159 0.622179
vt 0.534604 0.637932
vt 0.521089 0.639245
vt 0.488048 0.771453
vt 0.493866 0.750000
vt 0.493892 0.771442
vt 0.488048 0.728547
vt 0.487999 0.750000
vt 0.497493 0.750000
vt 0.497504 0.771432
vt 0.493892 0.728558
vt 0.479102 0.790526
vt 0.478855 0.771464
vt 0.478855 0.728536
vt 0.478773 0.750000
vt 0.497504 0.728568
vt 0.500000 0.728572
vt 0.500000 0.750000
vt 0.500000 0.771428
vt 0.497539 0.790448
vt 0.502507 0.750000
vt 0.506107 0.771442
vt 0.502496 0.771432
vt 0.506107 0.728559
vt 0.506134 0.750000
vt 0.511952 0.771453
vt 0.511952 0.728547
vt 0.512001 0.750000
vt 0.502461 0.790448
vt 0.502496 0.728568
vt 0.502461 0.709552
vt 0.506027 0.709528
vt 0.511804 0.709500
vt 0.520898 0.709474
vt 0.521145 0.728536
vt 0.521227 0.750000
vt 0.521145 0.771464
vt 0.511804 0.790500
vt 0.506027 0.790472
vt 0.586903 0.615100
vt 0.593281 0.590940
vt 0.594040 0.612040
vt 0.585503 0.577220
vt 0.586669 0.595726
vt 0.599098 0.586950
vt 0.600509 0.610369
vt 0.591979 0.570331
vt 0.577273 0.635166
vt 0.586422 0.632379
vt 0.578516 0.619203
vt 0.577520 0.585688
vt 0.578814 0.601716
vt 0.597404 0.563767
vt 0.602261 0.556774
vt 0.604522 0.583356
vt 0.606783 0.609939
vt 0.594094 0.630455
vt 0.648720 0.586934
vt 0.638703 0.612037
vt 0.633245 0.610367
vt 0.665790 0.570241
vt 0.652136 0.590916
vt 0.644010 0.615097
vt 0.668139 0.577149
vt 0.655881 0.595705
vt 0.627254 0.609939
vt 0.645464 0.583356
vt 0.664311 0.563700
vt 0.663675 0.556774
vt 0.677505 0.544253
vt 0.677578 0.553066
vt 0.678982 0.561964
vt 0.680928 0.573023
vt 0.671052 0.585649
vt 0.660147 0.601705
vt 0.649947 0.619202
vt 0.627547 0.630455
vt 0.387671 0.750000
vt 0.393488 0.771543
vt 0.387474 0.771520
vt 0.393488 0.728458
vt 0.393635 0.750000
vt 0.397295 0.771561
vt 0.397295 0.728439
vt 0.397373 0.750000
vt 0.378151 0.771499
vt 0.386884 0.790664
vt 0.378370 0.750000
vt 0.387474 0.728480
vt 0.378151 0.728501
vt 0.400000 0.728431
vt 0.400000 0.750000
vt 0.400000 0.771569
vt 0.400000 0.790784
vt 0.397062 0.790766
vt 0.393048 0.790720
vt 0.402704 0.771561
vt 0.406365 0.750000
vt 0.406512 0.771543
vt 0.402704 0.728439
vt 0.402627 0.750000
vt 0.412329 0.750000
vt 0.412526 0.771520
vt 0.406512 0.728458
vt 0.402938 0.790766
vt 0.402938 0.709234
vt 0.406952 0.709280
vt 0.412526 0.728480
vt 0.413116 0.709336
vt 0.421849 0.728501
vt 0.421629 0.750000
vt 0.421849 0.771499
vt 0.413116 0.790664
vt 0.422506 0.790613
vt 0.406952 0.790720
vt 0.690252 0.601390
vt 0.695316 0.621602
vt 0.690336 0.620882
vt 0.689520 0.581983
vt 0.694981 0.600509
vt 0.699144 0.624519
vt 0.694357 0.579110
vt 0.698584 0.601183
vt 0.683541 0.622177
vt 0.690082 0.637713
vt 0.682655 0.637932
vt 0.683820 0.604462
vt 0.682789 0.587501
vt 0.697913 0.577488
vt 0.700814 0.576066
vt 0.701628 0.602649
vt 0.702442 0.629231
vt 0.699463 0.643526
vt 0.695408 0.639245
vt 0.726155 0.624521
vt 0.744695 0.600534
vt 0.731737 0.621605
vt 0.740693 0.601199
vt 0.758092 0.579200
vt 0.748898 0.601411
vt 0.737146 0.620885
vt 0.761222 0.582055
vt 0.714463 0.643526
vt 0.720019 0.629231
vt 0.736783 0.602649
vt 0.755530 0.577555
vt 0.753547 0.576066
vt 0.768637 0.556781
vt 0.770149 0.560412
vt 0.775169 0.573116
vt 0.764674 0.587540
vt 0.753494 0.604474
vt 0.743159 0.622179
vt 0.727322 0.637713
vt 0.734604 0.637932
vt 0.721089 0.639245
vt 0.288048 0.771453
vt 0.293866 0.750000
vt 0.293892 0.771442
vt 0.288048 0.728547
vt 0.287999 0.750000
vt 0.297493 0.750000
vt 0.297504 0.771432
vt 0.293893 0.728558
vt 0.279102 0.790526
vt 0.288196 0.790500
vt 0.278855 0.771464
vt 0.278855 0.728536
vt 0.278773 0.750000
vt 0.297504 0.728568
vt 0.300000 0.728572
vt 0.300000 0.750000
vt 0.300000 0.771428
vt 0.297539 0.790448
vt 0.293973 0.790472
vt 0.302507 0.750000
vt 0.306107 0.771442
vt 0.302496 0.771432
vt 0.306107 0.728559
vt 0.306134 0.750000
vt 0.311952 0.771453
vt 0.311952 0.728547
vt 0.312001 0.750000
vt 0.302496 0.728568
vt 0.302461 0.709552
vt 0.306027 0.709528
vt 0.311804 0.709500
vt 0.320898 0.709474
vt 0.321145 0.728536
vt 0.321227 0.750000
vt 0.321145 0.771464
vt 0.320898 0.790526
vt 0.311804 0.790500
vt 0.306027 0.790472
vt 0.786903 0.615100
vt 0.793282 0.590940
vt 0.794040 0.612040
vt 0.785503 0.577220
vt 0.786669 0.595726
vt 0.799098 0.586950
vt 0.800509 0.610369
vt 0.791979 0.570331
vt 0.786422 0.632379
vt 0.778516 0.619203
vt 0.777520 0.585688
vt 0.778814 0.601716
vt 0.797404 0.563767
vt 0.802261 0.556774
vt 0.804522 0.583356
vt 0.806783 0.609939
vt 0.801094 0.630472
vt 0.848720 0.586934
vt 0.838703 0.612037
vt 0.833245 0.610367
vt 0.865790 0.570241
vt 0.852136 0.590916
vt 0.844010 0.615097
vt 0.868139 0.577149
vt 0.855881 0.595705
vt 0.827254 0.609939
vt 0.820541 0.630472
vt 0.845465 0.583356
vt 0.864312 0.563700
vt 0.863675 0.556774
vt 0.877505 0.544252
vt 0.877578 0.553066
vt 0.878982 0.561964
vt 0.880928 0.573023
vt 0.871052 0.585649
vt 0.860147 0.601705
vt 0.849947 0.619202
vt 0.841593 0.635166
vt 0.834087 0.632379
vt 0.827547 0.630455
vt 0.187671 0.750000
vt 0.193488 0.771543
vt 0.187474 0.771520
vt 0.193488 0.728458
vt 0.193634 0.750000
vt 0.197295 0.771561
vt 0.197295 0.728439
vt 0.197373 0.750000
vt 0.178151 0.771499
vt 0.178370 0.750000
vt 0.187474 0.728480
vt 0.178151 0.728501
vt 0.200000 0.728431
vt 0.200000 0.750000
vt 0.200000 0.771569
vt 0.200000 0.790784
vt 0.197062 0.790766
vt 0.193048 0.790720
vt 0.202704 0.771561
vt 0.206365 0.750000
vt 0.206512 0.771543
vt 0.202704 0.728439
vt 0.202627 0.750000
vt 0.212329 0.750000
vt 0.212526 0.771520
vt 0.206512 0.728458
vt 0.202938 0.709234
vt 0.206952 0.709280
vt 0.212526 0.728480
vt 0.221849 0.728501
vt 0.221629 0.750000
vt 0.221849 0.771499
vt 0.213116 0.790664
vt 0.222506 0.790613
vt 0.206952 0.790720
vt 0.890252 0.601390
vt 0.895316 0.621602
vt 0.890336 0.620882
vt 0.889520 0.581983
vt 0.894981 0.600509
vt 0.899144 0.624519
vt 0.894357 0.579110
vt 0.898584 0.601183
vt 0.883541 0.622177
vt 0.890082 0.637713
vt 0.882655 0.637932
vt 0.883820 0.604462
vt 0.882789 0.587501
vt 0.897913 0.577488
vt 0.900814 0.576066
vt 0.901628 0.602649
vt 0.902442 0.629231
vt 0.899463 0.643526
vt 0.895408 0.639245
vt 0.926155 0.624521
vt 0.944691 0.600534
vt 0.931736 0.621605
vt 0.940693 0.601199
vt 0.958079 0.579200
vt 0.948885 0.601411
vt 0.937144 0.620885
vt 0.961177 0.582055
vt 0.914464 0.643526
vt 0.920020 0.629231
vt 0.936783 0.602649
vt 0.955529 0.577555
vt 0.953547 0.576066
vt 0.970117 0.560412
vt 0.972427 0.565135
vt 0.974918 0.573116
vt 0.964568 0.587540
vt 0.953463 0.604474
vt 0.943155 0.622179
vt 0.934604 0.637932
vt 0.921089 0.639245
vt 0.088048 0.771453
vt 0.093866 0.750000
vt 0.093892 0.771442
vt 0.088048 0.728547
vt 0.087999 0.750000
vt 0.097493 0.750000
vt 0.097504 0.771432
vt 0.093892 0.728558
vt 0.079102 0.790526
vt 0.078855 0.771464
vt 0.078855 0.728536
vt 0.078773 0.750000
vt 0.097504 0.728568
vt 0.100000 0.728572
vt 0.100000 0.750000
vt 0.100000 0.771428
vt 0.097539 0.790448
vt 0.093973 0.790472
vt 0.102507 0.750000
vt 0.106107 0.771442
vt 0.102496 0.771432
vt 0.106107 0.728559
vt 0.106134 0.750000
vt 0.111952 0.771453
vt 0.111952 0.728547
vt 0.112001 0.750000
vt 0.102461 0.790448
vt 0.102496 0.728568
vt 0.102461 0.709552
vt 0.106027 0.709528
vt 0.120898 0.709474
vt 0.121145 0.728536
vt 0.121227 0.750000
vt 0.121145 0.771464
vt 0.120898 0.790526
vt 0.111804 0.790500
vt 0.106027 0.790472
vt 0.066756 0.694618
vt 0.052884 0.683567
vt 0.067521 0.683589
vt 0.051805 0.694609
vt 0.038155 0.683580
vt 0.054044 0.675333
vt 0.068322 0.675384
vt 0.039656 0.675316
vt 0.079102 0.709474
vt 0.079501 0.694650
vt 0.066136 0.709458
vt 0.050943 0.709454
vt 0.036792 0.694626
vt 0.035717 0.709464
vt 0.023862 0.694671
vt 0.025415 0.683625
vt 0.027166 0.675315
vt 0.028964 0.668707
vt 0.041143 0.668826
vt 0.055148 0.668915
vt 0.069049 0.669019
vt 0.079987 0.683648
vt 0.069651 0.663456
vt 0.057336 0.657292
vt 0.070311 0.657461
vt 0.056148 0.663287
vt 0.044408 0.656825
vt 0.059092 0.649741
vt 0.071268 0.649746
vt 0.047173 0.648867
vt 0.080912 0.669181
vt 0.081231 0.663677
vt 0.069049 0.669019
vt 0.055148 0.668915
vt 0.042582 0.663064
vt 0.041143 0.668826
vt 0.033246 0.656036
vt 0.036992 0.647337
vt 0.042744 0.635268
vt 0.051430 0.637946
vt 0.061798 0.639444
vt 0.072764 0.639028
vt 0.081969 0.649502
vt 0.082654 0.637932
vt 0.081539 0.657600
vt 0.048880 0.850307
vt 0.064390 0.842549
vt 0.061054 0.850260
vt 0.036424 0.851296
vt 0.051320 0.842781
vt 0.066431 0.836556
vt 0.038095 0.843421
vt 0.052834 0.836806
vt 0.056173 0.860976
vt 0.071590 0.850498
vt 0.065396 0.862068
vt 0.045458 0.860582
vt 0.034185 0.862140
vt 0.039112 0.837251
vt 0.039392 0.831517
vt 0.053475 0.831186
vt 0.067429 0.830994
vt 0.079351 0.830819
vt 0.075673 0.842400
vt 0.053338 0.824760
vt 0.067318 0.816420
vt 0.067638 0.824627
vt 0.038917 0.825000
vt 0.052674 0.816506
vt 0.066730 0.805388
vt 0.037936 0.816667
vt 0.051779 0.805439
vt 0.079825 0.824515
vt 0.053475 0.831187
vt 0.039392 0.831517
vt 0.026371 0.825432
vt 0.036764 0.805536
vt 0.023832 0.805714
vt 0.035717 0.790622
vt 0.050943 0.790572
vt 0.066136 0.790546
vt 0.079476 0.805350
vt 0.148256 0.694585
vt 0.162254 0.683456
vt 0.163354 0.694545
vt 0.133274 0.694615
vt 0.147382 0.683530
vt 0.161354 0.675158
vt 0.132689 0.683584
vt 0.146743 0.675287
vt 0.164345 0.709421
vt 0.176449 0.694478
vt 0.177494 0.709387
vt 0.149075 0.709441
vt 0.133866 0.709456
vt 0.132372 0.675379
vt 0.132584 0.669013
vt 0.146629 0.668865
vt 0.160961 0.668654
vt 0.174272 0.674942
vt 0.175272 0.683332
vt 0.147292 0.663240
vt 0.162388 0.656702
vt 0.161315 0.662906
vt 0.133585 0.663450
vt 0.148823 0.657256
vt 0.164082 0.648786
vt 0.135628 0.657456
vt 0.151270 0.649717
vt 0.173945 0.662338
vt 0.173756 0.668300
vt 0.146629 0.668864
vt 0.132584 0.669013
vt 0.120649 0.669181
vt 0.121893 0.663677
vt 0.124326 0.657600
vt 0.138964 0.649743
vt 0.128410 0.649502
vt 0.143845 0.639026
vt 0.154685 0.639431
vt 0.166300 0.637903
vt 0.174727 0.655744
vt 0.153333 0.851214
vt 0.142807 0.842744
vt 0.156075 0.843298
vt 0.141057 0.850283
vt 0.129707 0.842544
vt 0.143979 0.836760
vt 0.157845 0.837094
vt 0.130365 0.836550
vt 0.158407 0.864834
vt 0.164207 0.852856
vt 0.149056 0.862098
vt 0.138346 0.860569
vt 0.128750 0.850257
vt 0.127254 0.860974
vt 0.130964 0.830988
vt 0.144956 0.831136
vt 0.159210 0.831346
vt 0.170208 0.837662
vt 0.167897 0.844256
vt 0.160616 0.824842
vt 0.147173 0.816470
vt 0.162036 0.816544
vt 0.146037 0.824714
vt 0.132486 0.816416
vt 0.148230 0.805415
vt 0.163327 0.805455
vt 0.133248 0.805385
vt 0.171873 0.831700
vt 0.173478 0.825058
vt 0.144956 0.831136
vt 0.131688 0.824621
vt 0.130964 0.830987
vt 0.119517 0.824515
vt 0.120499 0.805350
vt 0.120898 0.790526
vt 0.133866 0.790544
vt 0.149075 0.790559
vt 0.164345 0.790579
vt 0.176419 0.805522
vt 0.175037 0.816668
vt 0.266751 0.694615
vt 0.252827 0.683530
vt 0.267514 0.683584
vt 0.251770 0.694585
vt 0.237964 0.683456
vt 0.253963 0.675287
vt 0.268312 0.675379
vt 0.239384 0.675158
vt 0.279102 0.709474
vt 0.279501 0.694650
vt 0.266134 0.709456
vt 0.250925 0.709441
vt 0.236673 0.694545
vt 0.235655 0.709421
vt 0.240790 0.668654
vt 0.255044 0.668864
vt 0.269036 0.669012
vt 0.279987 0.683648
vt 0.269635 0.663450
vt 0.257193 0.657256
vt 0.270293 0.657456
vt 0.256021 0.663240
vt 0.243925 0.656702
vt 0.258942 0.649717
vt 0.271250 0.649743
vt 0.246667 0.648786
vt 0.280912 0.669181
vt 0.281231 0.663677
vt 0.269036 0.669013
vt 0.255044 0.668865
vt 0.242154 0.662906
vt 0.240790 0.668654
vt 0.229791 0.662338
vt 0.235793 0.647144
vt 0.250944 0.637903
vt 0.261654 0.639431
vt 0.272746 0.639026
vt 0.281969 0.649502
vt 0.282654 0.637932
vt 0.281539 0.657600
vt 0.248730 0.850283
vt 0.264372 0.842544
vt 0.261036 0.850257
vt 0.235918 0.851214
vt 0.251177 0.842744
vt 0.266415 0.836550
vt 0.237612 0.843298
vt 0.252708 0.836759
vt 0.256155 0.860974
vt 0.271590 0.850498
vt 0.265396 0.862068
vt 0.245314 0.860569
vt 0.233700 0.862098
vt 0.238685 0.837094
vt 0.239039 0.831346
vt 0.253371 0.831136
vt 0.267416 0.830988
vt 0.279351 0.830819
vt 0.278107 0.836323
vt 0.275673 0.842400
vt 0.253257 0.824713
vt 0.267311 0.816416
vt 0.267628 0.824621
vt 0.238646 0.824842
vt 0.252618 0.816470
vt 0.266726 0.805385
vt 0.237745 0.816544
vt 0.251743 0.805415
vt 0.253371 0.831136
vt 0.239039 0.831346
vt 0.226244 0.831700
vt 0.225727 0.825058
vt 0.224727 0.816668
vt 0.236646 0.805455
vt 0.235655 0.790579
vt 0.250925 0.790559
vt 0.266134 0.790544
vt 0.279476 0.805350
vt 0.279792 0.816352
vt 0.348257 0.694585
vt 0.362255 0.683456
vt 0.363354 0.694545
vt 0.333274 0.694615
vt 0.347382 0.683530
vt 0.361354 0.675158
vt 0.332689 0.683584
vt 0.346743 0.675287
vt 0.364345 0.709421
vt 0.376449 0.694478
vt 0.377494 0.709387
vt 0.349075 0.709441
vt 0.333866 0.709456
vt 0.332372 0.675379
vt 0.332584 0.669013
vt 0.346629 0.668865
vt 0.360961 0.668654
vt 0.373756 0.668300
vt 0.374272 0.674942
vt 0.375272 0.683332
vt 0.347292 0.663240
vt 0.362388 0.656702
vt 0.361315 0.662906
vt 0.333585 0.663450
vt 0.348823 0.657256
vt 0.364082 0.648786
vt 0.335628 0.657456
vt 0.351270 0.649717
vt 0.373945 0.662338
vt 0.373756 0.668300
vt 0.346629 0.668864
vt 0.332584 0.669013
vt 0.320649 0.669181
vt 0.321893 0.663677
vt 0.324326 0.657600
vt 0.338964 0.649743
vt 0.328410 0.649502
vt 0.343845 0.639026
vt 0.354685 0.639431
vt 0.366300 0.637903
vt 0.377273 0.635166
vt 0.374727 0.655744
vt 0.353333 0.851214
vt 0.342807 0.842744
vt 0.356075 0.843298
vt 0.341057 0.850283
vt 0.329707 0.842544
vt 0.343979 0.836760
vt 0.357846 0.837094
vt 0.330365 0.836550
vt 0.358407 0.864834
vt 0.364207 0.852856
vt 0.349056 0.862098
vt 0.338346 0.860569
vt 0.328750 0.850257
vt 0.327254 0.860974
vt 0.330964 0.830988
vt 0.344956 0.831136
vt 0.359210 0.831346
vt 0.370208 0.837662
vt 0.371873 0.831700
vt 0.367897 0.844256
vt 0.360616 0.824842
vt 0.347173 0.816470
vt 0.362036 0.816544
vt 0.346037 0.824714
vt 0.332486 0.816416
vt 0.348230 0.805415
vt 0.363327 0.805455
vt 0.333248 0.805385
vt 0.373478 0.825058
vt 0.359210 0.831346
vt 0.344956 0.831136
vt 0.331688 0.824621
vt 0.330964 0.830987
vt 0.319517 0.824515
vt 0.320499 0.805350
vt 0.333866 0.790544
vt 0.349075 0.790559
vt 0.364345 0.790579
vt 0.376419 0.805522
vt 0.375037 0.816668
vt 0.466751 0.694615
vt 0.452827 0.683530
vt 0.467514 0.683584
vt 0.451770 0.694585
vt 0.437964 0.683456
vt 0.453963 0.675287
vt 0.468312 0.675379
vt 0.439384 0.675158
vt 0.479102 0.709474
vt 0.479501 0.694650
vt 0.466134 0.709456
vt 0.450925 0.709441
vt 0.436673 0.694545
vt 0.435655 0.709421
vt 0.440790 0.668654
vt 0.455044 0.668865
vt 0.469036 0.669012
vt 0.480483 0.675485
vt 0.480912 0.669181
vt 0.479987 0.683648
vt 0.469635 0.663450
vt 0.457193 0.657256
vt 0.470293 0.657456
vt 0.456021 0.663240
vt 0.443925 0.656702
vt 0.458942 0.649717
vt 0.471249 0.649743
vt 0.446667 0.648786
vt 0.480912 0.669181
vt 0.481231 0.663677
vt 0.469036 0.669013
vt 0.455044 0.668865
vt 0.442154 0.662906
vt 0.440790 0.668654
vt 0.429791 0.662338
vt 0.435793 0.647144
vt 0.441593 0.635166
vt 0.450944 0.637903
vt 0.461654 0.639431
vt 0.472746 0.639026
vt 0.481969 0.649502
vt 0.448730 0.850283
vt 0.464372 0.842544
vt 0.461036 0.850257
vt 0.435918 0.851214
vt 0.451177 0.842744
vt 0.466415 0.836550
vt 0.437612 0.843298
vt 0.452708 0.836760
vt 0.456155 0.860974
vt 0.471590 0.850498
vt 0.465396 0.862068
vt 0.445314 0.860569
vt 0.433700 0.862098
vt 0.438685 0.837094
vt 0.439039 0.831346
vt 0.453371 0.831136
vt 0.467416 0.830988
vt 0.479351 0.830819
vt 0.478107 0.836323
vt 0.475673 0.842400
vt 0.453257 0.824714
vt 0.467311 0.816416
vt 0.467628 0.824621
vt 0.438646 0.824842
vt 0.452618 0.816470
vt 0.466726 0.805385
vt 0.437745 0.816544
vt 0.451743 0.805415
vt 0.467416 0.830988
vt 0.479825 0.824515
vt 0.479351 0.830819
vt 0.453371 0.831136
vt 0.439039 0.831346
vt 0.426244 0.831700
vt 0.425727 0.825058
vt 0.436646 0.805455
vt 0.435655 0.790579
vt 0.450925 0.790559
vt 0.466134 0.790544
vt 0.479102 0.790526
vt 0.548256 0.694585
vt 0.562254 0.683456
vt 0.563354 0.694545
vt 0.533274 0.694615
vt 0.547382 0.683530
vt 0.561354 0.675158
vt 0.532689 0.683584
vt 0.546743 0.675287
vt 0.564345 0.709421
vt 0.577494 0.709387
vt 0.549075 0.709441
vt 0.533866 0.709456
vt 0.532372 0.675379
vt 0.532584 0.669013
vt 0.546629 0.668865
vt 0.560961 0.668654
vt 0.573756 0.668300
vt 0.574272 0.674942
vt 0.575272 0.683332
vt 0.547292 0.663240
vt 0.562388 0.656702
vt 0.561315 0.662906
vt 0.533585 0.663450
vt 0.548823 0.657256
vt 0.564082 0.648786
vt 0.535628 0.657456
vt 0.551270 0.649717
vt 0.560961 0.668654
vt 0.573945 0.662338
vt 0.573756 0.668300
vt 0.546629 0.668864
vt 0.532584 0.669013
vt 0.520649 0.669181
vt 0.521893 0.663677
vt 0.524326 0.657600
vt 0.538964 0.649743
vt 0.528410 0.649502
vt 0.543845 0.639026
vt 0.554685 0.639431
vt 0.566300 0.637903
vt 0.575902 0.647144
vt 0.574727 0.655744
vt 0.553333 0.851214
vt 0.542807 0.842744
vt 0.556075 0.843298
vt 0.541057 0.850283
vt 0.529707 0.842544
vt 0.543979 0.836760
vt 0.557846 0.837094
vt 0.530365 0.836550
vt 0.558407 0.864834
vt 0.564207 0.852856
vt 0.549056 0.862098
vt 0.538346 0.860569
vt 0.528750 0.850257
vt 0.527254 0.860974
vt 0.530964 0.830988
vt 0.544956 0.831136
vt 0.559210 0.831346
vt 0.570208 0.837662
vt 0.571873 0.831700
vt 0.567897 0.844256
vt 0.560616 0.824842
vt 0.547173 0.816470
vt 0.562036 0.816544
vt 0.546037 0.824714
vt 0.532486 0.816416
vt 0.548230 0.805415
vt 0.563326 0.805455
vt 0.533248 0.805385
vt 0.571873 0.831700
vt 0.573478 0.825058
vt 0.544956 0.831136
vt 0.531688 0.824621
vt 0.530964 0.830987
vt 0.519517 0.824515
vt 0.520013 0.816353
vt 0.520499 0.805350
vt 0.533866 0.790544
vt 0.549075 0.790559
vt 0.564345 0.790579
vt 0.575037 0.816668
vt 0.666751 0.694615
vt 0.652827 0.683530
vt 0.667514 0.683584
vt 0.651770 0.694585
vt 0.637964 0.683456
vt 0.653963 0.675287
vt 0.668312 0.675379
vt 0.639384 0.675158
vt 0.679102 0.709474
vt 0.679501 0.694650
vt 0.666134 0.709456
vt 0.650925 0.709441
vt 0.636673 0.694545
vt 0.635655 0.709421
vt 0.640790 0.668654
vt 0.655044 0.668865
vt 0.669036 0.669013
vt 0.680483 0.675485
vt 0.680912 0.669181
vt 0.679987 0.683648
vt 0.669635 0.663450
vt 0.657193 0.657256
vt 0.670293 0.657456
vt 0.656021 0.663240
vt 0.643925 0.656702
vt 0.658943 0.649717
vt 0.671250 0.649743
vt 0.646667 0.648786
vt 0.681231 0.663677
vt 0.669036 0.669013
vt 0.655044 0.668865
vt 0.642154 0.662906
vt 0.640790 0.668654
vt 0.629792 0.662338
vt 0.635793 0.647144
vt 0.641593 0.635166
vt 0.650944 0.637903
vt 0.661654 0.639431
vt 0.672746 0.639026
vt 0.681969 0.649502
vt 0.681539 0.657600
vt 0.648730 0.850283
vt 0.664372 0.842544
vt 0.661036 0.850257
vt 0.635918 0.851214
vt 0.651177 0.842744
vt 0.666415 0.836550
vt 0.637612 0.843298
vt 0.652708 0.836760
vt 0.656155 0.860974
vt 0.671590 0.850499
vt 0.665396 0.862068
vt 0.645315 0.860569
vt 0.633700 0.862098
vt 0.638685 0.837094
vt 0.639039 0.831346
vt 0.653371 0.831136
vt 0.667416 0.830988
vt 0.679351 0.830819
vt 0.653257 0.824714
vt 0.667311 0.816416
vt 0.667628 0.824621
vt 0.638646 0.824842
vt 0.652618 0.816470
vt 0.666726 0.805385
vt 0.637745 0.816544
vt 0.651743 0.805415
vt 0.679351 0.830819
vt 0.653371 0.831136
vt 0.639039 0.831346
vt 0.626244 0.831700
vt 0.625727 0.825058
vt 0.624727 0.816668
vt 0.636646 0.805455
vt 0.623551 0.805522
vt 0.635655 0.790579
vt 0.650925 0.790559
vt 0.666134 0.790544
vt 0.679102 0.790526
vt 0.679476 0.805350
vt 0.679792 0.816352
vt 0.748257 0.694585
vt 0.762255 0.683456
vt 0.763354 0.694545
vt 0.733274 0.694615
vt 0.747382 0.683530
vt 0.761354 0.675158
vt 0.732689 0.683584
vt 0.746743 0.675287
vt 0.764345 0.709421
vt 0.777494 0.709387
vt 0.749075 0.709441
vt 0.733866 0.709456
vt 0.732372 0.675379
vt 0.732584 0.669013
vt 0.746629 0.668865
vt 0.760961 0.668654
vt 0.773756 0.668300
vt 0.774272 0.674942
vt 0.747292 0.663240
vt 0.762388 0.656702
vt 0.761315 0.662906
vt 0.733585 0.663450
vt 0.748823 0.657256
vt 0.764082 0.648786
vt 0.735628 0.657456
vt 0.751270 0.649717
vt 0.760961 0.668654
vt 0.773945 0.662338
vt 0.773756 0.668300
vt 0.746629 0.668864
vt 0.732584 0.669013
vt 0.720649 0.669181
vt 0.721893 0.663677
vt 0.738964 0.649743
vt 0.728410 0.649502
vt 0.743845 0.639026
vt 0.754686 0.639431
vt 0.766300 0.637903
vt 0.777273 0.635166
vt 0.775903 0.647144
vt 0.774727 0.655744
vt 0.753333 0.851214
vt 0.742807 0.842744
vt 0.756075 0.843298
vt 0.741057 0.850283
vt 0.729707 0.842544
vt 0.743979 0.836760
vt 0.757846 0.837094
vt 0.730365 0.836550
vt 0.758407 0.864834
vt 0.764207 0.852856
vt 0.749056 0.862098
vt 0.738346 0.860569
vt 0.728750 0.850257
vt 0.727254 0.860974
vt 0.730964 0.830988
vt 0.744956 0.831136
vt 0.759210 0.831346
vt 0.770209 0.837662
vt 0.771873 0.831700
vt 0.767897 0.844256
vt 0.760616 0.824842
vt 0.747173 0.816470
vt 0.762036 0.816544
vt 0.746037 0.824714
vt 0.732486 0.816416
vt 0.748230 0.805415
vt 0.763327 0.805455
vt 0.733249 0.805385
vt 0.773478 0.825058
vt 0.744956 0.831136
vt 0.731688 0.824621
vt 0.730964 0.830987
vt 0.720013 0.816353
vt 0.720499 0.805350
vt 0.733866 0.790544
vt 0.749075 0.790559
vt 0.764345 0.790579
vt 0.776419 0.805522
vt 0.777494 0.790613
vt 0.775037 0.816668
vt 0.866751 0.694615
vt 0.852827 0.683530
vt 0.867514 0.683584
vt 0.851770 0.694585
vt 0.837964 0.683456
vt 0.853963 0.675287
vt 0.868312 0.675379
vt 0.839384 0.675158
vt 0.879102 0.709474
vt 0.879501 0.694650
vt 0.866134 0.709456
vt 0.850925 0.709441
vt 0.836673 0.694545
vt 0.835655 0.709421
vt 0.840790 0.668654
vt 0.855044 0.668864
vt 0.869036 0.669013
vt 0.880483 0.675485
vt 0.879987 0.683648
vt 0.869635 0.663450
vt 0.857193 0.657256
vt 0.870293 0.657456
vt 0.856021 0.663240
vt 0.843925 0.656702
vt 0.858943 0.649717
vt 0.871250 0.649743
vt 0.846667 0.648786
vt 0.881231 0.663677
vt 0.869036 0.669013
vt 0.855044 0.668865
vt 0.842155 0.662906
vt 0.840790 0.668654
vt 0.829791 0.662338
vt 0.832103 0.655744
vt 0.835793 0.647144
vt 0.841593 0.635166
vt 0.850944 0.637903
vt 0.861654 0.639431
vt 0.872746 0.639026
vt 0.881969 0.649502
vt 0.881539 0.657600
vt 0.848730 0.850283
vt 0.864372 0.842544
vt 0.861036 0.850257
vt 0.835918 0.851214
vt 0.851177 0.842744
vt 0.866415 0.836550
vt 0.837612 0.843298
vt 0.852708 0.836759
vt 0.856155 0.860974
vt 0.871590 0.850498
vt 0.865396 0.862068
vt 0.845315 0.860569
vt 0.833700 0.862098
vt 0.838685 0.837094
vt 0.839039 0.831346
vt 0.853371 0.831136
vt 0.867416 0.830988
vt 0.879351 0.830819
vt 0.875674 0.842400
vt 0.853257 0.824713
vt 0.867311 0.816416
vt 0.867628 0.824621
vt 0.838646 0.824842
vt 0.852618 0.816470
vt 0.866726 0.805385
vt 0.837745 0.816544
vt 0.851743 0.805415
vt 0.867416 0.830988
vt 0.879351 0.830819
vt 0.853371 0.831136
vt 0.826244 0.831700
vt 0.825728 0.825058
vt 0.836646 0.805455
vt 0.835655 0.790579
vt 0.850925 0.790559
vt 0.866134 0.790544
vt 0.879102 0.790526
vt 0.879477 0.805350
vt 0.879792 0.816353
vt 0.948222 0.694561
vt 0.962064 0.683333
vt 0.963235 0.694464
vt 0.933270 0.694612
vt 0.947326 0.683494
vt 0.961083 0.675000
vt 0.932682 0.683580
vt 0.946662 0.675240
vt 0.964283 0.709378
vt 0.977347 0.709286
vt 0.949057 0.709428
vt 0.933864 0.709454
vt 0.932362 0.675373
vt 0.932571 0.669006
vt 0.946524 0.668814
vt 0.960608 0.668483
vt 0.973629 0.674568
vt 0.974820 0.683040
vt 0.947166 0.663194
vt 0.961905 0.656579
vt 0.960888 0.662749
vt 0.933569 0.663445
vt 0.948680 0.657219
vt 0.963576 0.648704
vt 0.935610 0.657451
vt 0.951120 0.649693
vt 0.960608 0.668483
vt 0.946524 0.668814
vt 0.920649 0.669181
vt 0.921893 0.663677
vt 0.938946 0.649740
vt 0.928410 0.649502
vt 0.943827 0.639025
vt 0.954542 0.639418
vt 0.965815 0.637860
vt 0.952827 0.851133
vt 0.942664 0.842708
vt 0.955592 0.843175
vt 0.940908 0.850259
vt 0.929689 0.842540
vt 0.943852 0.836713
vt 0.957418 0.836936
vt 0.930349 0.836544
vt 0.963008 0.852663
vt 0.948570 0.862055
vt 0.938202 0.860556
vt 0.928732 0.850254
vt 0.927236 0.860972
vt 0.930951 0.830981
vt 0.944852 0.831085
vt 0.958857 0.831174
vt 0.971036 0.831293
vt 0.966754 0.843964
vt 0.960344 0.824684
vt 0.947116 0.816433
vt 0.961845 0.816421
vt 0.945956 0.824667
vt 0.932479 0.816411
vt 0.948195 0.805391
vt 0.963208 0.805374
vt 0.933244 0.805382
vt 0.972834 0.824685
vt 0.944852 0.831085
vt 0.931678 0.824616
vt 0.930951 0.830981
vt 0.920499 0.805350
vt 0.920898 0.790526
vt 0.933864 0.790543
vt 0.949057 0.790546
vt 0.964283 0.790536
vt 0.976138 0.805329
vt 0.977347 0.790511
vt 0.974585 0.816375
vt 0.838778 0.917945
vt 0.855305 0.899466
vt 0.841908 0.920800
vt 0.851102 0.898589
vt 0.868263 0.878395
vt 0.859307 0.898801
vt 0.844470 0.922445
vt 0.873845 0.875480
vt 0.824831 0.926884
vt 0.827467 0.934865
vt 0.835326 0.912460
vt 0.846506 0.895526
vt 0.862854 0.879116
vt 0.856841 0.877821
vt 0.879981 0.870769
vt 0.863217 0.897352
vt 0.846453 0.923934
vt 0.831363 0.943220
vt 0.829851 0.939588
vt 0.901415 0.898817
vt 0.905630 0.920890
vt 0.902086 0.922512
vt 0.900856 0.875482
vt 0.905015 0.899491
vt 0.910435 0.918017
vt 0.904684 0.878398
vt 0.909735 0.898610
vt 0.899186 0.923934
vt 0.902792 0.943472
vt 0.898372 0.897352
vt 0.897558 0.870769
vt 0.900537 0.856474
vt 0.904592 0.860755
vt 0.909662 0.879118
vt 0.909918 0.862287
vt 0.916455 0.877823
vt 0.916149 0.895538
vt 0.917106 0.912499
vt 0.918821 0.926977
vt 0.911570 0.935039
vt 0.906452 0.939833
vt 0.731861 0.922851
vt 0.747863 0.909085
vt 0.734210 0.929759
vt 0.755990 0.884903
vt 0.744119 0.904295
vt 0.751280 0.913066
vt 0.735689 0.936300
vt 0.761297 0.887963
vt 0.719072 0.926977
vt 0.728948 0.914351
vt 0.750053 0.880798
vt 0.739853 0.898295
vt 0.766755 0.889633
vt 0.772746 0.890061
vt 0.754535 0.916644
vt 0.736325 0.943227
vt 0.722495 0.955748
vt 0.722422 0.946934
vt 0.800902 0.913050
vt 0.808021 0.929670
vt 0.802596 0.936233
vt 0.805960 0.887960
vt 0.806719 0.909060
vt 0.814497 0.922780
vt 0.813097 0.884900
vt 0.813331 0.904275
vt 0.797739 0.943227
vt 0.804298 0.955495
vt 0.795478 0.916644
vt 0.799491 0.889631
vt 0.793217 0.890061
vt 0.805906 0.869545
vt 0.813578 0.867621
vt 0.822727 0.864834
vt 0.821484 0.880797
vt 0.821186 0.898284
vt 0.822480 0.914312
vt 0.824831 0.926884
vt 0.816326 0.937863
vt 0.809652 0.946689
vt 0.638778 0.917945
vt 0.655305 0.899466
vt 0.641908 0.920800
vt 0.651102 0.898589
vt 0.668263 0.878395
vt 0.659306 0.898801
vt 0.644469 0.922445
vt 0.673845 0.875480
vt 0.624831 0.926884
vt 0.627467 0.934865
vt 0.635327 0.912460
vt 0.646506 0.895526
vt 0.662854 0.879116
vt 0.656841 0.877821
vt 0.679981 0.870769
vt 0.663217 0.897352
vt 0.646453 0.923934
vt 0.631363 0.943220
vt 0.701416 0.898817
vt 0.705643 0.920890
vt 0.702087 0.922512
vt 0.700856 0.875482
vt 0.705019 0.899491
vt 0.710480 0.918017
vt 0.704684 0.878398
vt 0.709748 0.898610
vt 0.699186 0.923934
vt 0.702796 0.943472
vt 0.698372 0.897352
vt 0.697558 0.870769
vt 0.700537 0.856475
vt 0.704592 0.860755
vt 0.709664 0.879118
vt 0.716459 0.877823
vt 0.716180 0.895538
vt 0.717211 0.912499
vt 0.711676 0.935039
vt 0.706483 0.939833
vt 0.531861 0.922851
vt 0.547864 0.909085
vt 0.534210 0.929759
vt 0.555990 0.884903
vt 0.544119 0.904295
vt 0.551280 0.913066
vt 0.535689 0.936300
vt 0.561297 0.887963
vt 0.519072 0.926977
vt 0.521018 0.938036
vt 0.528948 0.914351
vt 0.550053 0.880798
vt 0.539853 0.898295
vt 0.566755 0.889633
vt 0.572746 0.890061
vt 0.554535 0.916644
vt 0.536325 0.943227
vt 0.522495 0.955748
vt 0.522422 0.946934
vt 0.600902 0.913050
vt 0.608021 0.929670
vt 0.602596 0.936233
vt 0.605960 0.887960
vt 0.606718 0.909060
vt 0.614497 0.922780
vt 0.613097 0.884900
vt 0.613331 0.904275
vt 0.597739 0.943227
vt 0.604298 0.955495
vt 0.595478 0.916644
vt 0.599491 0.889631
vt 0.593217 0.890061
vt 0.598906 0.869528
vt 0.605906 0.869545
vt 0.613578 0.867621
vt 0.622727 0.864834
vt 0.621484 0.880797
vt 0.621186 0.898284
vt 0.622480 0.914312
vt 0.616326 0.937863
vt 0.609652 0.946689
vt 0.438778 0.917945
vt 0.455305 0.899466
vt 0.441908 0.920800
vt 0.451102 0.898589
vt 0.468263 0.878395
vt 0.459307 0.898801
vt 0.444470 0.922445
vt 0.473845 0.875480
vt 0.424831 0.926884
vt 0.427467 0.934865
vt 0.435326 0.912460
vt 0.446506 0.895526
vt 0.462854 0.879116
vt 0.456841 0.877821
vt 0.479981 0.870769
vt 0.463217 0.897352
vt 0.446453 0.923934
vt 0.431363 0.943220
vt 0.429851 0.939588
vt 0.501415 0.898817
vt 0.505643 0.920890
vt 0.502087 0.922512
vt 0.500856 0.875482
vt 0.505019 0.899491
vt 0.510480 0.918017
vt 0.504684 0.878398
vt 0.509748 0.898610
vt 0.499186 0.923934
vt 0.502796 0.943472
vt 0.498372 0.897352
vt 0.497558 0.870769
vt 0.504592 0.860755
vt 0.509664 0.879118
vt 0.516459 0.877823
vt 0.516180 0.895538
vt 0.517211 0.912499
vt 0.511676 0.935039
vt 0.506483 0.939833
vt 0.331861 0.922852
vt 0.347864 0.909085
vt 0.334210 0.929759
vt 0.355990 0.884903
vt 0.344119 0.904295
vt 0.351280 0.913066
vt 0.335689 0.936300
vt 0.361297 0.887963
vt 0.319072 0.926977
vt 0.321018 0.938036
vt 0.328948 0.914351
vt 0.350053 0.880798
vt 0.339853 0.898295
vt 0.366755 0.889633
vt 0.372746 0.890061
vt 0.354535 0.916644
vt 0.336325 0.943227
vt 0.322495 0.955748
vt 0.322422 0.946934
vt 0.400902 0.913050
vt 0.408021 0.929670
vt 0.402596 0.936233
vt 0.405960 0.887960
vt 0.406718 0.909060
vt 0.414497 0.922780
vt 0.413097 0.884900
vt 0.413331 0.904275
vt 0.397739 0.943227
vt 0.404298 0.955495
vt 0.395478 0.916644
vt 0.399491 0.889631
vt 0.393217 0.890061
vt 0.398906 0.869528
vt 0.405906 0.869545
vt 0.413578 0.867621
vt 0.422727 0.864834
vt 0.421484 0.880797
vt 0.421186 0.898284
vt 0.422479 0.914312
vt 0.424831 0.926884
vt 0.416326 0.937863
vt 0.409652 0.946689
vt 0.238778 0.917945
vt 0.255305 0.899466
vt 0.241908 0.920800
vt 0.251102 0.898589
vt 0.268263 0.878395
vt 0.259306 0.898801
vt 0.244469 0.922445
vt 0.273845 0.875480
vt 0.224831 0.926884
vt 0.227467 0.934865
vt 0.235326 0.912460
vt 0.246506 0.895526
vt 0.262854 0.879115
vt 0.256841 0.877821
vt 0.279981 0.870769
vt 0.263217 0.897352
vt 0.246453 0.923934
vt 0.229851 0.939588
vt 0.301416 0.898817
vt 0.305643 0.920890
vt 0.302087 0.922512
vt 0.300856 0.875482
vt 0.305019 0.899491
vt 0.310480 0.918017
vt 0.304684 0.878398
vt 0.309748 0.898610
vt 0.299186 0.923934
vt 0.302795 0.943472
vt 0.298372 0.897352
vt 0.297558 0.870769
vt 0.300537 0.856475
vt 0.309664 0.879118
vt 0.316459 0.877823
vt 0.316180 0.895538
vt 0.317211 0.912499
vt 0.319072 0.926977
vt 0.311676 0.935039
vt 0.306483 0.939833
vt 0.131861 0.922852
vt 0.147864 0.909085
vt 0.134210 0.929759
vt 0.155990 0.884903
vt 0.144119 0.904295
vt 0.151280 0.913066
vt 0.135688 0.936300
vt 0.161297 0.887963
vt 0.119072 0.926977
vt 0.121018 0.938036
vt 0.128948 0.914351
vt 0.150053 0.880798
vt 0.139853 0.898295
vt 0.166755 0.889633
vt 0.172746 0.890061
vt 0.154535 0.916644
vt 0.136325 0.943227
vt 0.122495 0.955748
vt 0.122422 0.946934
vt 0.200902 0.913050
vt 0.208021 0.929670
vt 0.202596 0.936233
vt 0.205960 0.887960
vt 0.206718 0.909060
vt 0.214497 0.922780
vt 0.213097 0.884900
vt 0.213331 0.904275
vt 0.197739 0.943227
vt 0.195478 0.916644
vt 0.199491 0.889631
vt 0.193217 0.890061
vt 0.198906 0.869528
vt 0.205906 0.869545
vt 0.213578 0.867621
vt 0.222727 0.864834
vt 0.221484 0.880797
vt 0.221186 0.898284
vt 0.222479 0.914312
vt 0.216326 0.937863
vt 0.209652 0.946689
vt 0.038823 0.917945
vt 0.055309 0.899466
vt 0.041921 0.920800
vt 0.051115 0.898589
vt 0.068264 0.878395
vt 0.059307 0.898801
vt 0.044471 0.922445
vt 0.073845 0.875480
vt 0.025082 0.926884
vt 0.027573 0.934865
vt 0.035432 0.912460
vt 0.046537 0.895526
vt 0.062856 0.879116
vt 0.056845 0.877821
vt 0.079981 0.870769
vt 0.063217 0.897352
vt 0.046453 0.923934
vt 0.031366 0.943220
vt 0.029883 0.939588
vt 0.101415 0.898817
vt 0.105643 0.920890
vt 0.102087 0.922512
vt 0.100856 0.875482
vt 0.105019 0.899491
vt 0.110480 0.918017
vt 0.104684 0.878398
vt 0.109748 0.898610
vt 0.099186 0.923934
vt 0.102796 0.943472
vt 0.098372 0.897352
vt 0.097558 0.870769
vt 0.104592 0.860755
vt 0.109664 0.879118
vt 0.116459 0.877823
vt 0.116180 0.895538
vt 0.117211 0.912499
vt 0.111676 0.935039
vt 0.106483 0.939833
vt 0.969459 0.608887
vt 0.958380 0.609816
vt 0.967782 0.596662
vt 0.958748 0.626202
vt 0.969459 0.608887
vt 0.968281 0.623617
vt 0.950377 0.624822
vt 0.962238 0.614912
vt 0.977043 0.585687
vt 0.964568 0.587540
vt 0.974918 0.573116
vt 0.978074 0.601704
vt 0.965815 0.637860
vt 0.977532 0.619160
vt 0.934604 0.637932
vt 0.943827 0.639025
vt 0.958380 0.609816
vt 0.954542 0.639418
vt 0.075729 0.609812
vt 0.065202 0.608893
vt 0.074214 0.596647
vt 0.074732 0.624823
vt 0.068812 0.614914
vt 0.075729 0.609812
vt 0.065202 0.608893
vt 0.065526 0.626213
vt 0.057532 0.623653
vt 0.082895 0.587501
vt 0.071529 0.585650
vt 0.081179 0.573023
vt 0.083851 0.604462
vt 0.060888 0.601717
vt 0.082654 0.637932
vt 0.083545 0.622177
vt 0.072764 0.639028
vt 0.065526 0.626213
vt 0.083851 0.604462
vt 0.050931 0.619245
vt 0.051430 0.637945
vt 0.042744 0.635268
vt 0.060888 0.601717
vt 0.169777 0.608893
vt 0.158448 0.609817
vt 0.167985 0.596663
vt 0.158878 0.626208
vt 0.168698 0.623635
vt 0.150399 0.624822
vt 0.162377 0.614914
vt 0.158878 0.626208
vt 0.177520 0.585688
vt 0.166300 0.637902
vt 0.178516 0.619203
vt 0.177273 0.635166
vt 0.143845 0.639026
vt 0.143159 0.622179
vt 0.154685 0.639431
vt 0.275661 0.609812
vt 0.264883 0.608888
vt 0.274011 0.596646
vt 0.274710 0.624822
vt 0.268674 0.614912
vt 0.275661 0.609812
vt 0.264883 0.608888
vt 0.265396 0.626208
vt 0.257115 0.623635
vt 0.282789 0.587501
vt 0.271052 0.585649
vt 0.280928 0.573023
vt 0.283820 0.604462
vt 0.260147 0.601705
vt 0.282655 0.637932
vt 0.283541 0.622177
vt 0.272746 0.639026
vt 0.265396 0.626208
vt 0.283820 0.604462
vt 0.249947 0.619202
vt 0.250944 0.637902
vt 0.241593 0.635166
vt 0.260147 0.601705
vt 0.369777 0.608893
vt 0.358448 0.609817
vt 0.367985 0.596663
vt 0.358878 0.626208
vt 0.369777 0.608893
vt 0.368697 0.623635
vt 0.350399 0.624822
vt 0.362377 0.614914
vt 0.358878 0.626208
vt 0.364673 0.587540
vt 0.378814 0.601716
vt 0.353494 0.604474
vt 0.366300 0.637902
vt 0.378516 0.619203
vt 0.377273 0.635166
vt 0.334604 0.637932
vt 0.343845 0.639026
vt 0.343159 0.622179
vt 0.358448 0.609817
vt 0.354685 0.639431
vt 0.475661 0.609812
vt 0.464883 0.608888
vt 0.474011 0.596646
vt 0.474710 0.624822
vt 0.468674 0.614912
vt 0.475661 0.609812
vt 0.464883 0.608888
vt 0.465396 0.626208
vt 0.457115 0.623635
vt 0.482789 0.587501
vt 0.471052 0.585649
vt 0.480928 0.573023
vt 0.483820 0.604462
vt 0.460147 0.601705
vt 0.482654 0.637932
vt 0.483541 0.622177
vt 0.472746 0.639026
vt 0.465396 0.626208
vt 0.483820 0.604462
vt 0.449947 0.619202
vt 0.450944 0.637903
vt 0.460147 0.601705
vt 0.461654 0.639431
vt 0.569777 0.608893
vt 0.558448 0.609817
vt 0.567985 0.596663
vt 0.558878 0.626208
vt 0.569777 0.608893
vt 0.568698 0.623635
vt 0.550399 0.624822
vt 0.562377 0.614914
vt 0.558878 0.626208
vt 0.577520 0.585688
vt 0.564673 0.587540
vt 0.575169 0.573116
vt 0.578814 0.601716
vt 0.553494 0.604474
vt 0.566300 0.637902
vt 0.578814 0.601716
vt 0.534604 0.637932
vt 0.543845 0.639026
vt 0.543159 0.622179
vt 0.558448 0.609817
vt 0.675661 0.609812
vt 0.664883 0.608888
vt 0.674011 0.596646
vt 0.674710 0.624822
vt 0.668674 0.614912
vt 0.664883 0.608888
vt 0.665396 0.626208
vt 0.657115 0.623635
vt 0.682789 0.587501
vt 0.671052 0.585649
vt 0.680928 0.573023
vt 0.682655 0.637932
vt 0.683541 0.622177
vt 0.672746 0.639026
vt 0.665396 0.626208
vt 0.683820 0.604462
vt 0.650944 0.637903
vt 0.660147 0.601705
vt 0.661654 0.639431
vt 0.769777 0.608893
vt 0.758448 0.609817
vt 0.767985 0.596663
vt 0.758878 0.626208
vt 0.769777 0.608893
vt 0.768698 0.623635
vt 0.750399 0.624822
vt 0.762377 0.614914
vt 0.758878 0.626208
vt 0.764674 0.587540
vt 0.753494 0.604474
vt 0.766300 0.637902
vt 0.778516 0.619203
vt 0.777273 0.635166
vt 0.754685 0.639431
vt 0.778814 0.601716
vt 0.734604 0.637932
vt 0.743159 0.622179
vt 0.758448 0.609817
vt 0.875661 0.609812
vt 0.864883 0.608888
vt 0.874012 0.596646
vt 0.874710 0.624822
vt 0.868674 0.614912
vt 0.875661 0.609812
vt 0.864883 0.608888
vt 0.865396 0.626208
vt 0.857115 0.623635
vt 0.871052 0.585649
vt 0.880928 0.573023
vt 0.883820 0.604462
vt 0.860147 0.601705
vt 0.882655 0.637932
vt 0.883541 0.622177
vt 0.872746 0.639026
vt 0.865396 0.626208
vt 0.883820 0.604462
vt 0.849947 0.619202
vt 0.850944 0.637902
vt 0.860147 0.601705
vt 0.861654 0.639431
vt 0.049623 0.875178
vt 0.037762 0.885088
vt 0.041252 0.873798
vt 0.030541 0.891113
vt 0.041620 0.890184
vt 0.032218 0.903338
vt 0.041252 0.873798
vt 0.030541 0.891113
vt 0.031719 0.876383
vt 0.065396 0.862068
vt 0.056173 0.860976
vt 0.056845 0.877821
vt 0.041620 0.890184
vt 0.045458 0.860582
vt 0.022957 0.914313
vt 0.035432 0.912460
vt 0.021926 0.898296
vt 0.046537 0.895526
vt 0.034185 0.862140
vt 0.022468 0.880840
vt 0.023878 0.864935
vt 0.045458 0.860582
vt 0.021926 0.898296
vt 0.934798 0.891107
vt 0.934474 0.873787
vt 0.942468 0.876347
vt 0.924271 0.890188
vt 0.925786 0.903353
vt 0.925268 0.875177
vt 0.931187 0.885086
vt 0.924271 0.890188
vt 0.949069 0.880755
vt 0.948570 0.862055
vt 0.939112 0.898283
vt 0.917106 0.912499
vt 0.928471 0.914350
vt 0.916149 0.895538
vt 0.939112 0.898283
vt 0.917346 0.862068
vt 0.916455 0.877823
vt 0.927236 0.860972
vt 0.934474 0.873787
vt 0.916149 0.895538
vt 0.849601 0.875178
vt 0.837623 0.885086
vt 0.841122 0.873792
vt 0.830223 0.891107
vt 0.841552 0.890184
vt 0.832015 0.903337
vt 0.841122 0.873792
vt 0.830223 0.891107
vt 0.831302 0.876365
vt 0.865396 0.862068
vt 0.856841 0.877821
vt 0.841552 0.890184
vt 0.845315 0.860569
vt 0.822480 0.914312
vt 0.835326 0.912460
vt 0.824831 0.926884
vt 0.821186 0.898284
vt 0.822727 0.864834
vt 0.845315 0.860569
vt 0.821186 0.898284
vt 0.735117 0.891112
vt 0.734604 0.873793
vt 0.742885 0.876366
vt 0.724339 0.890189
vt 0.725988 0.903354
vt 0.725290 0.875178
vt 0.731326 0.885088
vt 0.749056 0.862098
vt 0.739853 0.898295
vt 0.717211 0.912499
vt 0.728948 0.914351
vt 0.719072 0.926977
vt 0.716180 0.895538
vt 0.717345 0.862068
vt 0.716459 0.877823
vt 0.734604 0.873793
vt 0.716180 0.895538
vt 0.649601 0.875178
vt 0.637623 0.885086
vt 0.641122 0.873792
vt 0.630222 0.891107
vt 0.641551 0.890184
vt 0.632015 0.903337
vt 0.630222 0.891107
vt 0.631302 0.876365
vt 0.665396 0.862068
vt 0.656155 0.860974
vt 0.656841 0.877821
vt 0.641551 0.890184
vt 0.645315 0.860569
vt 0.622480 0.914312
vt 0.635326 0.912460
vt 0.621186 0.898284
vt 0.646506 0.895526
vt 0.633700 0.862098
vt 0.621484 0.880797
vt 0.622727 0.864834
vt 0.645315 0.860569
vt 0.621186 0.898284
vt 0.535117 0.891112
vt 0.534604 0.873792
vt 0.542885 0.876366
vt 0.524339 0.890189
vt 0.535117 0.891112
vt 0.525988 0.903354
vt 0.525290 0.875178
vt 0.531326 0.885088
vt 0.524339 0.890189
vt 0.550053 0.880798
vt 0.549056 0.862098
vt 0.558407 0.864834
vt 0.539853 0.898295
vt 0.538346 0.860569
vt 0.517211 0.912499
vt 0.528948 0.914351
vt 0.519072 0.926977
vt 0.516180 0.895538
vt 0.539853 0.898295
vt 0.517345 0.862068
vt 0.516459 0.877823
vt 0.527254 0.860974
vt 0.516180 0.895538
vt 0.449601 0.875178
vt 0.437623 0.885086
vt 0.441122 0.873792
vt 0.430223 0.891107
vt 0.441551 0.890183
vt 0.432015 0.903337
vt 0.441122 0.873792
vt 0.431302 0.876365
vt 0.465396 0.862068
vt 0.456155 0.860974
vt 0.445314 0.860569
vt 0.435326 0.912460
vt 0.424831 0.926884
vt 0.421186 0.898284
vt 0.446506 0.895526
vt 0.433700 0.862098
vt 0.421484 0.880797
vt 0.422727 0.864834
vt 0.445314 0.860569
vt 0.421186 0.898284
vt 0.335117 0.891112
vt 0.334604 0.873793
vt 0.342885 0.876366
vt 0.324339 0.890189
vt 0.325989 0.903354
vt 0.325290 0.875178
vt 0.331326 0.885088
vt 0.324339 0.890189
vt 0.350053 0.880798
vt 0.349056 0.862098
vt 0.358407 0.864834
vt 0.339853 0.898295
vt 0.328948 0.914351
vt 0.316180 0.895538
vt 0.317345 0.862068
vt 0.316459 0.877823
vt 0.327253 0.860974
vt 0.334604 0.873793
vt 0.316180 0.895538
vt 0.249601 0.875178
vt 0.237623 0.885086
vt 0.241122 0.873792
vt 0.230223 0.891107
vt 0.241551 0.890183
vt 0.232015 0.903337
vt 0.241122 0.873792
vt 0.230223 0.891107
vt 0.231302 0.876365
vt 0.256155 0.860974
vt 0.256841 0.877821
vt 0.241551 0.890184
vt 0.245314 0.860569
vt 0.235326 0.912460
vt 0.224831 0.926884
vt 0.221186 0.898284
vt 0.246506 0.895526
vt 0.221484 0.880797
vt 0.222727 0.864834
vt 0.221186 0.898284
vt 0.135117 0.891112
vt 0.134604 0.873793
vt 0.142885 0.876366
vt 0.124339 0.890189
vt 0.135117 0.891112
vt 0.125988 0.903354
vt 0.125290 0.875178
vt 0.131326 0.885088
vt 0.124339 0.890189
vt 0.150053 0.880798
vt 0.149056 0.862098
vt 0.139853 0.898295
vt 0.117211 0.912499
vt 0.128948 0.914351
vt 0.116180 0.895538
vt 0.117345 0.862068
vt 0.116459 0.877823
vt 0.127254 0.860974
vt 0.134604 0.873793
vt 0.116180 0.895538
vt 0.964943 0.728496
vt 0.949764 0.749997
vt 0.949587 0.728517
vt 0.964943 0.771467
vt 0.965163 0.749989
vt 0.934374 0.750000
vt 0.934246 0.728528
vt 0.949587 0.771472
vt 0.977347 0.709285
vt 0.964283 0.709378
vt 0.978087 0.728457
vt 0.964283 0.790536
vt 0.949057 0.790546
vt 0.934246 0.771470
vt 0.933864 0.790543
vt 0.921145 0.771464
vt 0.921227 0.750000
vt 0.921145 0.728536
vt 0.933864 0.709454
vt 0.920898 0.709474
vt 0.949057 0.709428
vt 0.065626 0.750000
vt 0.050413 0.728528
vt 0.065754 0.728530
vt 0.050413 0.771483
vt 0.050236 0.750003
vt 0.035057 0.728534
vt 0.035057 0.771504
vt 0.034837 0.750011
vt 0.078855 0.728536
vt 0.066136 0.709457
vt 0.079102 0.709474
vt 0.065754 0.771472
vt 0.078855 0.771464
vt 0.066136 0.790546
vt 0.050943 0.790572
vt 0.035717 0.790622
vt 0.022653 0.790715
vt 0.021913 0.771543
vt 0.021666 0.750025
vt 0.035717 0.709464
vt 0.050943 0.709454
vt 0.865625 0.750000
vt 0.850405 0.728523
vt 0.865753 0.728529
vt 0.850405 0.771477
vt 0.850231 0.750000
vt 0.835030 0.728515
vt 0.835030 0.771485
vt 0.834822 0.750000
vt 0.878855 0.728536
vt 0.866134 0.709456
vt 0.879102 0.709474
vt 0.878773 0.750000
vt 0.865753 0.771471
vt 0.878855 0.771464
vt 0.866134 0.790544
vt 0.850925 0.790559
vt 0.835655 0.790579
vt 0.821630 0.750000
vt 0.821849 0.728501
vt 0.822506 0.709387
vt 0.835655 0.709421
vt 0.850925 0.709441
vt 0.764970 0.728515
vt 0.749769 0.750000
vt 0.749595 0.728523
vt 0.764970 0.771485
vt 0.765178 0.750000
vt 0.734375 0.750000
vt 0.734247 0.728529
vt 0.749595 0.771477
vt 0.777494 0.709387
vt 0.764345 0.709421
vt 0.778151 0.728501
vt 0.778151 0.771499
vt 0.778371 0.750000
vt 0.777494 0.790613
vt 0.764345 0.790579
vt 0.749075 0.790559
vt 0.734247 0.771471
vt 0.733866 0.790544
vt 0.721145 0.771464
vt 0.721145 0.728536
vt 0.733866 0.709456
vt 0.720898 0.709474
vt 0.749075 0.709441
vt 0.665625 0.750000
vt 0.650405 0.728523
vt 0.665753 0.728529
vt 0.650405 0.771477
vt 0.650231 0.750000
vt 0.635030 0.728515
vt 0.635030 0.771485
vt 0.634822 0.750000
vt 0.678855 0.728536
vt 0.666134 0.709456
vt 0.679102 0.709474
vt 0.678773 0.750000
vt 0.665753 0.771471
vt 0.678855 0.771464
vt 0.666134 0.790544
vt 0.635655 0.790579
vt 0.621849 0.771499
vt 0.621849 0.728501
vt 0.622506 0.709387
vt 0.635655 0.709421
vt 0.650925 0.709441
vt 0.564970 0.728515
vt 0.549769 0.750000
vt 0.549595 0.728523
vt 0.564970 0.771485
vt 0.565178 0.750000
vt 0.534374 0.750000
vt 0.534247 0.728529
vt 0.549595 0.771477
vt 0.564345 0.709421
vt 0.578151 0.728501
vt 0.578151 0.771499
vt 0.577494 0.790613
vt 0.564345 0.790579
vt 0.549075 0.790559
vt 0.534247 0.771471
vt 0.521145 0.771464
vt 0.521145 0.728536
vt 0.533866 0.709456
vt 0.549075 0.709441
vt 0.465625 0.750000
vt 0.450405 0.728523
vt 0.465753 0.728529
vt 0.450405 0.771477
vt 0.450231 0.750000
vt 0.435030 0.728515
vt 0.435030 0.771485
vt 0.434822 0.750000
vt 0.478855 0.728536
vt 0.466134 0.709456
vt 0.479102 0.709474
vt 0.478773 0.750000
vt 0.465753 0.771471
vt 0.478855 0.771464
vt 0.435655 0.790579
vt 0.421629 0.750000
vt 0.422506 0.709387
vt 0.435655 0.709421
vt 0.450925 0.709441
vt 0.364970 0.728515
vt 0.349769 0.750000
vt 0.349595 0.728523
vt 0.364970 0.771485
vt 0.365178 0.750000
vt 0.334374 0.750000
vt 0.334247 0.728529
vt 0.349595 0.771477
vt 0.377494 0.709387
vt 0.364345 0.709421
vt 0.378151 0.728501
vt 0.378151 0.771499
vt 0.378370 0.750000
vt 0.377494 0.790613
vt 0.364345 0.790579
vt 0.349075 0.790559
vt 0.334247 0.771471
vt 0.333866 0.790544
vt 0.321145 0.771464
vt 0.321227 0.750000
vt 0.321145 0.728536
vt 0.333866 0.709456
vt 0.320898 0.709474
vt 0.349075 0.709441
vt 0.265625 0.750000
vt 0.250405 0.728523
vt 0.265753 0.728529
vt 0.250405 0.771477
vt 0.250231 0.750000
vt 0.235030 0.728515
vt 0.235030 0.771485
vt 0.234822 0.750000
vt 0.278855 0.728536
vt 0.278773 0.750000
vt 0.265753 0.771471
vt 0.278855 0.771464
vt 0.266134 0.790544
vt 0.250925 0.790559
vt 0.235655 0.790579
vt 0.221849 0.771499
vt 0.221629 0.750000
vt 0.222506 0.709387
vt 0.235655 0.709421
vt 0.250925 0.709441
vt 0.164970 0.728515
vt 0.149769 0.750000
vt 0.149595 0.728523
vt 0.164970 0.771485
vt 0.165178 0.750000
vt 0.134374 0.750000
vt 0.134247 0.728529
vt 0.149595 0.771477
vt 0.177494 0.709387
vt 0.164345 0.709421
vt 0.178151 0.728501
vt 0.178151 0.771499
vt 0.178370 0.750000
vt 0.177494 0.790613
vt 0.164345 0.790579
vt 0.134247 0.771471
vt 0.133866 0.790544
vt 0.121145 0.771464
vt 0.121227 0.750000
vt 0.121145 0.728536
vt 0.149075 0.709441
vt 0.996784 0.505360
vt 0.898803 0.501995
vt 0.796784 0.505360
vt 0.698803 0.501995
vt 0.596784 0.505360
vt 0.498803 0.501995
vt 0.396784 0.505360
vt 0.298803 0.501995
vt 0.196784 0.505360
vt 0.098803 0.501995
vt 0.003216 0.994640
vt 0.101197 0.998005
vt 0.203216 0.994640
vt 0.301197 0.998005
vt 0.403216 0.994640
vt 0.501197 0.998005
vt 0.603216 0.994640
vt 0.701197 0.998005
vt 0.803216 0.994640
vt 0.901197 0.998005
vt 0.027081 0.832107
vt 0.899362 0.829992
vt 0.900638 0.670008
vt 0.798719 0.833518
vt 0.798719 0.833518
vt 0.800000 0.790784
vt 0.801281 0.666482
vt 0.801281 0.666482
vt 0.699362 0.829992
vt 0.700638 0.670008
vt 0.598719 0.833518
vt 0.598719 0.833518
vt 0.601281 0.666482
vt 0.499362 0.829992
vt 0.479351 0.830819
vt 0.499362 0.829992
vt 0.520649 0.669181
vt 0.500638 0.670008
vt 0.398719 0.833518
vt 0.400000 0.709216
vt 0.373756 0.668300
vt 0.401281 0.666482
vt 0.299362 0.829992
vt 0.279351 0.830819
vt 0.320649 0.669181
vt 0.226244 0.831700
vt 0.198719 0.833518
vt 0.200000 0.709216
vt 0.173756 0.668300
vt 0.201281 0.666482
vt 0.099362 0.829992
vt 0.079351 0.830819
vt 0.099362 0.829992
vt 0.120649 0.669181
vt 0.100638 0.670008
vt 0.100638 0.670008
vt 0.622506 0.709387
vt 0.222506 0.709387
vt 0.022653 0.709489
vt 0.022653 0.790714
vt 0.119088 0.830819
vt 0.228127 0.668300
vt 0.222506 0.790613
vt 0.334604 0.637932
vt 0.319088 0.830819
vt 0.428127 0.668300
vt 0.422506 0.790613
vt 0.519088 0.830819
vt 0.628127 0.668300
vt 0.719088 0.830819
vt 0.828127 0.668300
vt 0.822506 0.790613
vt 0.919088 0.830819
vt 0.917346 0.862068
vt 0.717345 0.862068
vt 0.517345 0.862068
vt 0.317345 0.862068
vt 0.117345 0.862068
vt 0.953463 0.604474
vt 0.061798 0.639444
vt 0.153494 0.604474
vt 0.353494 0.604474
vt 0.753494 0.604474
vt 0.861654 0.639431
vt 0.938202 0.860556
vt 0.846506 0.895526
vt 0.738346 0.860569
vt 0.646506 0.895526
vt 0.538346 0.860569
vt 0.338346 0.860569
vt 0.246506 0.895526
vt 0.279102 0.790526
s 1
f 1574/1/1574 1576/2/1576 1573/3/1573
f 1575/4/1575 1577/5/1577 1574/1/1574
f 1577/5/1577 1579/6/1579 1576/2/1576
f 1578/7/1578 1580/8/1580 1577/5/1577
f 226/9/226 225/10/225 1/11/1
f 227/12/227 1573/3/1573 226/9/226
f 228/13/228 1574/1/1574 227/12/227
f 11/14/11 1575/4/1575 228/13/228
f 229/15/229 1578/7/1578 1575/4/1575
f 230/16/230 1581/17/1581 1578/7/1578
f 231/18/231 232/19/232 1581/17/1581
f 1581/17/1581 233/20/233 1580/8/1580
f 1580/8/1580 234/21/234 1579/6/1579
f 1579/6/1579 21/22/21 223/23/223
f 1576/2/1576 223/23/223 224/24/224
f 1573/3/1573 224/24/224 225/10/225
f 1583/25/1583 1585/26/1585 1582/27/1582
f 1584/28/1584 1586/29/1586 1583/25/1583
f 1586/29/1586 1588/30/1588 1585/26/1585
f 1587/31/1587 1589/32/1589 1586/29/1586
f 238/33/238 237/34/237 2/35/2
f 239/36/239 1582/27/1582 238/33/238
f 240/37/240 1583/25/1583 239/36/239
f 13/38/13 1584/28/1584 240/37/240
f 241/39/241 1587/31/1587 1584/28/1584
f 242/40/242 1590/41/1590 1587/31/1587
f 243/42/243 231/43/231 1590/41/1590
f 1590/41/1590 230/44/230 1589/32/1589
f 1589/32/1589 229/45/229 1588/30/1588
f 1588/30/1588 11/46/11 235/47/235
f 1585/26/1585 235/47/235 236/48/236
f 1582/27/1582 236/48/236 237/34/237
f 1592/49/1592 1594/50/1594 1591/51/1591
f 1593/52/1593 1595/53/1595 1592/49/1592
f 1595/53/1595 1597/54/1597 1594/50/1594
f 1596/55/1596 1598/56/1598 1595/53/1595
f 247/57/247 246/58/246 3/59/3
f 248/60/248 1591/51/1591 247/57/247
f 249/61/249 1592/49/1592 248/60/248
f 14/62/14 1593/52/1593 249/61/249
f 250/63/250 1596/55/1596 1593/52/1593
f 251/64/251 1599/65/1599 1596/55/1596
f 252/66/252 243/67/243 1599/65/1599
f 1599/65/1599 242/68/242 1598/56/1598
f 1598/56/1598 241/69/241 1597/54/1597
f 1597/54/1597 13/70/13 244/71/244
f 1594/50/1594 244/71/244 245/72/245
f 1591/51/1591 245/72/245 246/58/246
f 1601/73/1601 1603/74/1603 1600/75/1600
f 1602/76/1602 1604/77/1604 1601/73/1601
f 1604/77/1604 1606/78/1606 1603/74/1603
f 1605/79/1605 1607/80/1607 1604/77/1604
f 256/81/256 255/82/255 4/83/4
f 257/84/257 1600/75/1600 256/81/256
f 258/85/258 1601/73/1601 257/84/257
f 15/86/15 1602/76/1602 258/85/258
f 259/87/259 1605/79/1605 1602/76/1602
f 260/88/260 1608/89/1608 1605/79/1605
f 261/90/261 252/91/252 1608/89/1608
f 1608/89/1608 251/92/251 1607/80/1607
f 1607/80/1607 250/93/250 1606/78/1606
f 1606/78/1606 14/94/14 253/95/253
f 1603/74/1603 253/95/253 254/96/254
f 1600/75/1600 254/96/254 255/82/255
f 1610/97/1610 1612/98/1612 1609/99/1609
f 1611/100/1611 1613/101/1613 1610/97/1610
f 1613/101/1613 1615/102/1615 1612/98/1612
f 1614/103/1614 1616/104/1616 1613/101/1613
f 265/105/265 264/106/264 5/107/5
f 266/108/266 1609/99/1609 265/105/265
f 267/109/267 1610/97/1610 266/108/266
f 16/110/16 1611/100/1611 267/109/267
f 268/111/268 1614/103/1614 1611/100/1611
f 269/112/269 1617/113/1617 1614/103/1614
f 270/114/270 261/115/261 1617/113/1617
f 1617/113/1617 260/116/260 1616/104/1616
f 1616/104/1616 259/117/259 1615/102/1615
f 1615/102/1615 15/118/15 262/119/262
f 1612/98/1612 262/119/262 263/120/263
f 1609/99/1609 263/120/263 264/106/264
f 1619/121/1619 1621/122/1621 1618/123/1618
f 1620/124/1620 1622/125/1622 1619/121/1619
f 1622/125/1622 1624/126/1624 1621/122/1621
f 1623/127/1623 1625/128/1625 1622/125/1622
f 274/129/274 273/130/273 6/131/6
f 275/132/275 1618/123/1618 274/129/274
f 276/133/276 1619/121/1619 275/132/275
f 17/134/17 1620/124/1620 276/133/276
f 277/135/277 1623/127/1623 1620/124/1620
f 278/136/278 1626/137/1626 1623/127/1623
f 279/138/279 270/139/270 1626/137/1626
f 1626/137/1626 269/140/269 1625/128/1625
f 1625/128/1625 268/141/268 1624/126/1624
f 1624/126/1624 16/142/16 271/143/271
f 1621/122/1621 271/143/271 272/144/272
f 1618/123/1618 272/144/272 273/130/273
f 1628/145/1628 1630/146/1630 1627/147/1627
f 1629/148/1629 1631/149/1631 1628/145/1628
f 1631/149/1631 1633/150/1633 1630/146/1630
f 1632/151/1632 1634/152/1634 1631/149/1631
f 283/153/283 282/154/282 7/155/7
f 284/156/284 1627/147/1627 283/153/283
f 285/157/285 1628/145/1628 284/156/284
f 18/158/18 1629/148/1629 285/157/285
f 286/159/286 1632/151/1632 1629/148/1629
f 287/160/287 1635/161/1635 1632/151/1632
f 288/162/288 279/163/279 1635/161/1635
f 1635/161/1635 278/164/278 1634/152/1634
f 1634/152/1634 277/165/277 1633/150/1633
f 1633/150/1633 17/166/17 280/167/280
f 1630/146/1630 280/167/280 281/168/281
f 1627/147/1627 281/168/281 282/154/282
f 1637/169/1637 1639/170/1639 1636/171/1636
f 1638/172/1638 1640/173/1640 1637/169/1637
f 1640/173/1640 1642/174/1642 1639/170/1639
f 1641/175/1641 1643/176/1643 1640/173/1640
f 292/177/292 291/178/291 8/179/8
f 293/180/293 1636/171/1636 292/177/292
f 294/181/294 1637/169/1637 293/180/293
f 19/182/19 1638/172/1638 294/181/294
f 295/183/295 1641/175/1641 1638/172/1638
f 296/184/296 1644/185/1644 1641/175/1641
f 297/186/297 288/187/288 1644/185/1644
f 1644/185/1644 287/188/287 1643/176/1643
f 1643/176/1643 286/189/286 1642/174/1642
f 1642/174/1642 18/190/18 289/191/289
f 1639/170/1639 289/191/289 290/192/290
f 1636/171/1636 290/192/290 291/178/291
f 1646/193/1646 1648/194/1648 1645/195/1645
f 1647/196/1647 1649/197/1649 1646/193/1646
f 1649/197/1649 1651/198/1651 1648/194/1648
f 1650/199/1650 1652/200/1652 1649/197/1649
f 301/201/301 300/202/300 9/203/9
f 302/204/302 1645/195/1645 301/201/301
f 303/205/303 1646/193/1646 302/204/302
f 20/206/20 1647/196/1647 303/205/303
f 304/207/304 1650/199/1650 1647/196/1647
f 305/208/305 1653/209/1653 1650/199/1650
f 306/210/306 297/211/297 1653/209/1653
f 1653/209/1653 296/212/296 1652/200/1652
f 1652/200/1652 295/213/295 1651/198/1651
f 1651/198/1651 19/214/19 298/215/298
f 1648/194/1648 298/215/298 299/216/299
f 1645/195/1645 299/216/299 300/202/300
f 1655/217/1655 1657/218/1657 1654/219/1654
f 1656/220/1656 1658/221/1658 1655/217/1655
f 1658/221/1658 1660/222/1660 1657/218/1657
f 1659/223/1659 1661/224/1661 1658/221/1658
f 310/225/310 309/226/309 10/227/10
f 311/228/311 1654/219/1654 310/225/310
f 312/229/312 1655/217/1655 311/228/311
f 21/230/21 1656/220/1656 312/229/312
f 234/231/234 1659/223/1659 1656/220/1656
f 233/232/233 1662/233/1662 1659/223/1659
f 232/234/232 306/235/306 1662/233/1662
f 1662/233/1662 305/236/305 1661/224/1661
f 1661/224/1661 304/237/304 1660/222/1660
f 1660/222/1660 20/238/20 307/239/307
f 1657/218/1657 307/239/307 308/240/308
f 1654/219/1654 308/240/308 309/226/309
f 1664/241/1664 1666/242/1666 1663/243/1663
f 1665/244/1665 1667/245/1667 1664/241/1664
f 1667/245/1667 1669/246/1669 1666/242/1666
f 1668/247/1668 1670/248/1670 1667/245/1667
f 316/249/316 315/250/315 22/251/22
f 317/252/317 1663/243/1663 316/249/316
f 318/253/318 1664/241/1664 317/252/317
f 32/254/32 1665/244/1665 318/253/318
f 319/255/319 1668/247/1668 1665/244/1665
f 320/256/320 1671/257/1671 1668/247/1668
f 321/258/321 322/259/322 1671/257/1671
f 1671/257/1671 323/260/323 1670/248/1670
f 1670/248/1670 324/261/324 1669/246/1669
f 1669/246/1669 42/262/42 313/263/313
f 1666/242/1666 313/263/313 314/264/314
f 1663/243/1663 314/264/314 315/250/315
f 1673/265/1673 1675/266/1675 1672/267/1672
f 1674/268/1674 1676/269/1676 1673/265/1673
f 1676/269/1676 1678/270/1678 1675/266/1675
f 1677/271/1677 1679/272/1679 1676/269/1676
f 328/273/328 327/274/327 23/275/23
f 329/276/329 1672/267/1672 328/273/328
f 330/277/330 1673/265/1673 329/276/329
f 34/278/34 1674/268/1674 330/277/330
f 331/279/331 1677/271/1677 1674/268/1674
f 332/280/332 1680/281/1680 1677/271/1677
f 333/282/333 321/283/321 1680/281/1680
f 1680/281/1680 320/284/320 1679/272/1679
f 1679/272/1679 319/285/319 1678/270/1678
f 1678/270/1678 32/286/32 325/287/325
f 1675/266/1675 325/287/325 326/288/326
f 1672/267/1672 326/288/326 327/274/327
f 1682/289/1682 1684/290/1684 1681/291/1681
f 1683/292/1683 1685/293/1685 1682/289/1682
f 1685/293/1685 1687/294/1687 1684/290/1684
f 1686/295/1686 1688/296/1688 1685/293/1685
f 337/297/337 336/298/336 24/299/24
f 338/300/338 1681/291/1681 337/297/337
f 339/301/339 1682/289/1682 338/300/338
f 35/302/35 1683/292/1683 339/301/339
f 340/303/340 1686/295/1686 1683/292/1683
f 341/304/341 1689/305/1689 1686/295/1686
f 342/306/342 333/307/333 1689/305/1689
f 1689/305/1689 332/308/332 1688/296/1688
f 1688/296/1688 331/309/331 1687/294/1687
f 1687/294/1687 34/310/34 334/311/334
f 1684/290/1684 334/311/334 335/312/335
f 1681/291/1681 335/312/335 336/298/336
f 1691/313/1691 1693/314/1693 1690/315/1690
f 1692/316/1692 1694/317/1694 1691/313/1691
f 1694/317/1694 1696/318/1696 1693/314/1693
f 1695/319/1695 1697/320/1697 1694/317/1694
f 346/321/346 345/322/345 25/323/25
f 347/324/347 1690/315/1690 346/321/346
f 348/325/348 1691/313/1691 347/324/347
f 36/326/36 1692/316/1692 348/325/348
f 349/327/349 1695/319/1695 1692/316/1692
f 350/328/350 1698/329/1698 1695/319/1695
f 351/330/351 342/331/342 1698/329/1698
f 1698/329/1698 341/332/341 1697/320/1697
f 1697/320/1697 340/333/340 1696/318/1696
f 1696/318/1696 35/334/35 343/335/343
f 1693/314/1693 343/335/343 344/336/344
f 1690/315/1690 344/336/344 345/322/345
f 1700/337/1700 1702/338/1702 1699/339/1699
f 1701/340/1701 1703/341/1703 1700/337/1700
f 1703/341/1703 1705/342/1705 1702/338/1702
f 1704/343/1704 1706/344/1706 1703/341/1703
f 355/345/355 354/346/354 26/347/26
f 356/348/356 1699/339/1699 355/345/355
f 357/349/357 1700/337/1700 356/348/356
f 37/350/37 1701/340/1701 357/349/357
f 358/351/358 1704/343/1704 1701/340/1701
f 359/352/359 1707/353/1707 1704/343/1704
f 360/354/360 351/355/351 1707/353/1707
f 1707/353/1707 350/356/350 1706/344/1706
f 1706/344/1706 349/357/349 1705/342/1705
f 1705/342/1705 36/358/36 352/359/352
f 1702/338/1702 352/359/352 353/360/353
f 1699/339/1699 353/360/353 354/346/354
f 1709/361/1709 1711/362/1711 1708/363/1708
f 1710/364/1710 1712/365/1712 1709/361/1709
f 1712/365/1712 1714/366/1714 1711/362/1711
f 1713/367/1713 1715/368/1715 1712/365/1712
f 364/369/364 363/370/363 27/371/27
f 365/372/365 1708/363/1708 364/369/364
f 366/373/366 1709/361/1709 365/372/365
f 38/374/38 1710/364/1710 366/373/366
f 367/375/367 1713/367/1713 1710/364/1710
f 368/376/368 1716/377/1716 1713/367/1713
f 369/378/369 360/379/360 1716/377/1716
f 1716/377/1716 359/380/359 1715/368/1715
f 1715/368/1715 358/381/358 1714/366/1714
f 1714/366/1714 37/382/37 361/383/361
f 1711/362/1711 361/383/361 362/384/362
f 1708/363/1708 362/384/362 363/370/363
f 1718/385/1718 1720/386/1720 1717/387/1717
f 1719/388/1719 1721/389/1721 1718/385/1718
f 1721/389/1721 1723/390/1723 1720/386/1720
f 1722/391/1722 1724/392/1724 1721/389/1721
f 373/393/373 372/394/372 28/395/28
f 374/396/374 1717/387/1717 373/393/373
f 375/397/375 1718/385/1718 374/396/374
f 39/398/39 1719/388/1719 375/397/375
f 376/399/376 1722/391/1722 1719/388/1719
f 377/400/377 1725/401/1725 1722/391/1722
f 378/402/378 369/403/369 1725/401/1725
f 1725/401/1725 368/404/368 1724/392/1724
f 1724/392/1724 367/405/367 1723/390/1723
f 1723/390/1723 38/406/38 370/407/370
f 1720/386/1720 370/407/370 371/408/371
f 1717/387/1717 371/408/371 372/394/372
f 1727/409/1727 1729/410/1729 1726/411/1726
f 1728/412/1728 1730/413/1730 1727/409/1727
f 1730/413/1730 1732/414/1732 1729/410/1729
f 1731/415/1731 1733/416/1733 1730/413/1730
f 382/417/382 381/418/381 29/419/29
f 383/420/383 1726/411/1726 382/417/382
f 384/421/384 1727/409/1727 383/420/383
f 40/422/40 1728/412/1728 384/421/384
f 385/423/385 1731/415/1731 1728/412/1728
f 386/424/386 1734/425/1734 1731/415/1731
f 387/426/387 378/427/378 1734/425/1734
f 1734/425/1734 377/428/377 1733/416/1733
f 1733/416/1733 376/429/376 1732/414/1732
f 1732/414/1732 39/430/39 379/431/379
f 1729/410/1729 379/431/379 380/432/380
f 1726/411/1726 380/432/380 381/418/381
f 1736/433/1736 1738/434/1738 1735/435/1735
f 1737/436/1737 1739/437/1739 1736/433/1736
f 1739/437/1739 1741/438/1741 1738/434/1738
f 1740/439/1740 1742/440/1742 1739/437/1739
f 391/441/391 390/442/390 30/443/30
f 392/444/392 1735/435/1735 391/441/391
f 393/445/393 1736/433/1736 392/444/392
f 41/446/41 1737/436/1737 393/445/393
f 394/447/394 1740/439/1740 1737/436/1737
f 395/448/395 1743/449/1743 1740/439/1740
f 396/450/396 387/451/387 1743/449/1743
f 1743/449/1743 386/452/386 1742/440/1742
f 1742/440/1742 385/453/385 1741/438/1741
f 1741/438/1741 40/454/40 388/455/388
f 1738/434/1738 388/455/388 389/456/389
f 1735/435/1735 389/456/389 390/442/390
f 1745/457/1745 1747/458/1747 1744/459/1744
f 1746/460/1746 1748/461/1748 1745/457/1745
f 1748/461/1748 1750/462/1750 1747/458/1747
f 1749/463/1749 1751/464/1751 1748/461/1748
f 400/465/400 399/466/399 31/467/31
f 401/468/401 1744/459/1744 400/465/400
f 402/469/402 1745/457/1745 401/468/401
f 42/470/42 1746/460/1746 402/469/402
f 324/471/324 1749/463/1749 1746/460/1746
f 323/472/323 1752/473/1752 1749/463/1749
f 322/474/322 396/475/396 1752/473/1752
f 1752/473/1752 395/476/395 1751/464/1751
f 1751/464/1751 394/477/394 1750/462/1750
f 1750/462/1750 41/478/41 397/479/397
f 1747/458/1747 397/479/397 398/480/398
f 1744/459/1744 398/480/398 399/466/399
f 1754/481/1754 1756/482/1756 1753/483/1753
f 1755/484/1755 1757/485/1757 1754/481/1754
f 1757/485/1757 1759/486/1759 1756/482/1756
f 1758/487/1758 1760/488/1760 1757/485/1757
f 406/489/406 405/490/405 43/491/43
f 407/492/407 1753/483/1753 406/489/406
f 408/493/408 1754/481/1754 407/492/407
f 47/494/47 1755/484/1755 408/493/408
f 409/495/409 1758/487/1758 1755/484/1755
f 410/496/410 1761/497/1761 1758/487/1758
f 411/498/411 412/499/412 1761/497/1761
f 1761/497/1761 413/500/413 1760/488/1760
f 1760/488/1760 414/501/414 1759/486/1759
f 1759/486/1759 51/502/51 403/503/403
f 1756/482/1756 403/503/403 404/504/404
f 1753/483/1753 404/504/404 405/490/405
f 1763/505/1763 1765/506/1765 1762/507/1762
f 1764/508/1764 1766/509/1766 1763/505/1763
f 1766/509/1766 1768/510/1768 1765/506/1765
f 1767/511/1767 1769/512/1769 1766/509/1766
f 418/513/418 417/514/417 44/515/44
f 419/516/419 1762/507/1762 418/513/418
f 420/517/420 1763/505/1763 419/516/419
f 49/518/49 1764/508/1764 420/517/420
f 421/519/421 1767/511/1767 1764/508/1764
f 422/520/422 1770/521/1770 1767/511/1767
f 423/522/423 411/523/411 1770/521/1770
f 1770/521/1770 410/524/410 1769/512/1769
f 1769/512/1769 409/525/409 1768/510/1768
f 1768/510/1768 47/526/47 415/527/415
f 1765/506/1765 415/527/415 416/528/416
f 1762/507/1762 416/528/416 417/514/417
f 1771/529/1771 1775/530/1775 1774/531/1774
f 1772/532/1772 1776/533/1776 1775/530/1775
f 1774/531/1774 1778/534/1778 1777/535/1777
f 1775/530/1775 1779/536/1779 1778/534/1778
f 45/537/45 1771/529/1771 426/538/426
f 427/539/427 1772/532/1772 1771/529/1771
f 428/540/428 1773/541/1773 1772/532/1772
f 429/542/429 430/543/430 1773/541/1773
f 1773/541/1773 431/544/431 1776/533/1776
f 1776/533/1776 432/545/432 1779/536/1779
f 1779/536/1779 48/546/48 423/522/423
f 1778/534/1778 423/522/423 422/547/422
f 1777/535/1777 422/547/422 421/548/421
f 424/549/424 421/548/421 49/550/49
f 425/551/425 1777/535/1777 424/549/424
f 426/538/426 1774/531/1774 425/551/425
f 1780/552/1780 1784/553/1784 1783/554/1783
f 1781/555/1781 1785/556/1785 1784/553/1784
f 1783/554/1783 1787/557/1787 1786/558/1786
f 1784/553/1784 1788/559/1788 1787/557/1787
f 46/560/46 1780/552/1780 435/561/435
f 436/562/436 1781/555/1781 1780/552/1780
f 437/563/437 1782/564/1782 1781/555/1781
f 438/565/438 414/566/414 1782/564/1782
f 1782/564/1782 413/500/413 1785/556/1785
f 1785/556/1785 412/499/412 1788/559/1788
f 1788/559/1788 48/567/48 432/568/432
f 1787/557/1787 432/568/432 431/569/431
f 1786/558/1786 431/569/431 430/570/430
f 433/571/433 430/570/430 50/572/50
f 434/573/434 1786/558/1786 433/571/433
f 435/561/435 1783/554/1783 434/573/434
f 1790/574/1790 1792/575/1792 1789/576/1789
f 1791/577/1791 1793/578/1793 1790/574/1790
f 1793/578/1793 1795/579/1795 1792/575/1792
f 1794/580/1794 1796/581/1796 1793/578/1793
f 442/582/442 441/583/441 52/584/52
f 443/585/443 1789/576/1789 442/582/442
f 444/586/444 1790/574/1790 443/585/443
f 56/587/56 1791/577/1791 444/586/444
f 445/588/445 1794/580/1794 1791/577/1791
f 446/589/446 1797/590/1797 1794/580/1794
f 447/591/447 448/592/448 1797/590/1797
f 1797/590/1797 449/593/449 1796/581/1796
f 1796/581/1796 450/594/450 1795/579/1795
f 1795/579/1795 60/595/60 439/596/439
f 1792/575/1792 439/596/439 440/597/440
f 1789/576/1789 440/597/440 441/583/441
f 1798/598/1798 1802/599/1802 1801/600/1801
f 1799/601/1799 1803/602/1803 1802/599/1802
f 1801/600/1801 1805/603/1805 1804/604/1804
f 1802/599/1802 1806/605/1806 1805/603/1805
f 53/606/53 1798/598/1798 453/607/453
f 454/608/454 1799/601/1799 1798/598/1798
f 455/609/455 1800/610/1800 1799/601/1799
f 456/611/456 457/612/457 1800/610/1800
f 1800/610/1800 458/613/458 1803/602/1803
f 1803/602/1803 459/614/459 1806/605/1806
f 1806/605/1806 57/615/57 447/616/447
f 1805/603/1805 447/616/447 446/617/446
f 1804/604/1804 446/617/446 445/618/445
f 451/619/451 445/618/445 56/620/56
f 452/621/452 1804/604/1804 451/619/451
f 453/607/453 1801/600/1801 452/621/452
f 1807/622/1807 1811/623/1811 1810/624/1810
f 1808/625/1808 1812/626/1812 1811/623/1811
f 1810/624/1810 1814/627/1814 1813/628/1813
f 1811/623/1811 1815/629/1815 1814/627/1814
f 54/630/54 1807/622/1807 462/631/462
f 463/632/463 1808/625/1808 1807/622/1807
f 464/633/464 1809/634/1809 1808/625/1808
f 465/635/465 466/636/466 1809/634/1809
f 1809/634/1809 467/637/467 1812/626/1812
f 1812/626/1812 468/638/468 1815/629/1815
f 1815/629/1815 57/639/57 459/640/459
f 1814/627/1814 459/640/459 458/641/458
f 1813/628/1813 458/641/458 457/642/457
f 460/643/460 457/642/457 58/644/58
f 461/645/461 1813/628/1813 460/643/460
f 462/631/462 1810/624/1810 461/645/461
f 1817/646/1817 1819/647/1819 1816/648/1816
f 1818/649/1818 1820/650/1820 1817/646/1817
f 1820/650/1820 1822/651/1822 1819/647/1819
f 1821/652/1821 1823/653/1823 1820/650/1820
f 472/654/472 471/655/471 55/656/55
f 473/657/473 1816/648/1816 472/654/472
f 474/658/474 1817/646/1817 473/657/473
f 60/659/60 1818/649/1818 474/658/474
f 450/660/450 1821/652/1821 1818/649/1818
f 449/661/449 1824/662/1824 1821/652/1821
f 448/663/448 468/664/468 1824/662/1824
f 1824/662/1824 467/665/467 1823/653/1823
f 1823/653/1823 466/666/466 1822/651/1822
f 1822/651/1822 59/667/59 469/668/469
f 1819/647/1819 469/668/469 470/669/470
f 1816/648/1816 470/669/470 471/655/471
f 1826/670/1826 1828/671/1828 1825/672/1825
f 1827/673/1827 1829/674/1829 1826/670/1826
f 1829/674/1829 1831/675/1831 1828/671/1828
f 1830/676/1830 1832/677/1832 1829/674/1829
f 478/678/478 477/679/477 61/680/61
f 479/681/479 1825/672/1825 478/678/478
f 480/682/480 1826/670/1826 479/681/479
f 65/683/65 1827/673/1827 480/682/480
f 481/684/481 1830/676/1830 1827/673/1827
f 482/685/482 1833/686/1833 1830/676/1830
f 483/687/483 484/688/484 1833/686/1833
f 1833/686/1833 485/689/485 1832/677/1832
f 1832/677/1832 486/690/486 1831/675/1831
f 1831/675/1831 69/691/69 475/692/475
f 1828/671/1828 475/692/475 476/693/476
f 1825/672/1825 476/693/476 477/679/477
f 1834/694/1834 1838/695/1838 1837/696/1837
f 1835/697/1835 1839/698/1839 1838/695/1838
f 1837/696/1837 1841/699/1841 1840/700/1840
f 1838/695/1838 1842/701/1842 1841/699/1841
f 62/702/62 1834/694/1834 489/703/489
f 490/704/490 1835/697/1835 1834/694/1834
f 491/705/491 1836/706/1836 1835/697/1835
f 492/707/492 493/708/493 1836/706/1836
f 1836/706/1836 494/709/494 1839/698/1839
f 1839/698/1839 495/710/495 1842/701/1842
f 1842/701/1842 66/711/66 483/712/483
f 1841/699/1841 483/712/483 482/713/482
f 1840/700/1840 482/713/482 481/714/481
f 487/715/487 481/714/481 65/716/65
f 488/717/488 1840/700/1840 487/715/487
f 489/703/489 1837/696/1837 488/717/488
f 1843/718/1843 1847/719/1847 1846/720/1846
f 1844/721/1844 1848/722/1848 1847/719/1847
f 1846/720/1846 1850/723/1850 1849/724/1849
f 1847/719/1847 1851/725/1851 1850/723/1850
f 63/726/63 1843/718/1843 498/727/498
f 499/728/499 1844/721/1844 1843/718/1843
f 500/729/500 1845/730/1845 1844/721/1844
f 501/731/501 502/732/502 1845/730/1845
f 1845/730/1845 503/733/503 1848/722/1848
f 1848/722/1848 504/734/504 1851/725/1851
f 1851/725/1851 66/735/66 495/710/495
f 1850/723/1850 495/710/495 494/736/494
f 1849/724/1849 494/736/494 493/708/493
f 496/737/496 493/708/493 67/738/67
f 497/739/497 1849/724/1849 496/737/496
f 498/727/498 1846/720/1846 497/739/497
f 1853/740/1853 1855/741/1855 1852/742/1852
f 1854/743/1854 1856/744/1856 1853/740/1853
f 1856/744/1856 1858/745/1858 1855/741/1855
f 1857/746/1857 1859/747/1859 1856/744/1856
f 508/748/508 507/749/507 64/750/64
f 509/751/509 1852/742/1852 508/748/508
f 510/752/510 1853/740/1853 509/751/509
f 69/753/69 1854/743/1854 510/752/510
f 486/754/486 1857/746/1857 1854/743/1854
f 485/689/485 1860/755/1860 1857/746/1857
f 484/688/484 504/756/504 1860/755/1860
f 1860/755/1860 503/757/503 1859/747/1859
f 1859/747/1859 502/758/502 1858/745/1858
f 1858/745/1858 68/759/68 505/760/505
f 1855/741/1855 505/760/505 506/761/506
f 1852/742/1852 506/761/506 507/749/507
f 1862/762/1862 1864/763/1864 1861/764/1861
f 1863/765/1863 1865/766/1865 1862/762/1862
f 1865/766/1865 1867/767/1867 1864/763/1864
f 1866/768/1866 1868/769/1868 1865/766/1865
f 514/770/514 513/771/513 70/772/70
f 515/773/515 1861/764/1861 514/770/514
f 516/774/516 1862/762/1862 515/773/515
f 74/775/74 1863/765/1863 516/774/516
f 517/776/517 1866/768/1866 1863/765/1863
f 518/777/518 1869/778/1869 1866/768/1866
f 519/779/519 520/780/520 1869/778/1869
f 1869/778/1869 521/781/521 1868/769/1868
f 1868/769/1868 522/782/522 1867/767/1867
f 1867/767/1867 78/783/78 511/784/511
f 1864/763/1864 511/784/511 512/785/512
f 1861/764/1861 512/785/512 513/771/513
f 1871/786/1871 1873/787/1873 1870/788/1870
f 1872/789/1872 1874/790/1874 1871/786/1871
f 1874/790/1874 1876/791/1876 1873/787/1873
f 1875/792/1875 1877/793/1877 1874/790/1874
f 526/794/526 525/795/525 71/796/71
f 527/797/527 1870/788/1870 526/794/526
f 528/798/528 1871/786/1871 527/797/527
f 76/799/76 1872/789/1872 528/798/528
f 529/800/529 1875/792/1875 1872/789/1872
f 530/801/530 1878/802/1878 1875/792/1875
f 531/803/531 519/804/519 1878/802/1878
f 1878/802/1878 518/805/518 1877/793/1877
f 1877/793/1877 517/806/517 1876/791/1876
f 1876/791/1876 74/807/74 523/808/523
f 1873/787/1873 523/808/523 524/809/524
f 1870/788/1870 524/809/524 525/795/525
f 1879/810/1879 1883/811/1883 1882/812/1882
f 1880/813/1880 1884/814/1884 1883/811/1883
f 1882/812/1882 1886/815/1886 1885/816/1885
f 1883/811/1883 1887/817/1887 1886/815/1886
f 72/818/72 1879/810/1879 534/819/534
f 535/820/535 1880/813/1880 1879/810/1879
f 536/821/536 1881/822/1881 1880/813/1880
f 537/823/537 538/824/538 1881/822/1881
f 1881/822/1881 539/825/539 1884/814/1884
f 1884/814/1884 540/826/540 1887/817/1887
f 1887/817/1887 75/827/75 531/828/531
f 1886/815/1886 531/828/531 530/829/530
f 1885/816/1885 530/829/530 529/830/529
f 532/831/532 529/830/529 76/832/76
f 533/833/533 1885/816/1885 532/831/532
f 534/819/534 1882/812/1882 533/833/533
f 1888/834/1888 1892/835/1892 1891/836/1891
f 1889/837/1889 1893/838/1893 1892/835/1892
f 1891/836/1891 1895/839/1895 1894/840/1894
f 1892/835/1892 1896/841/1896 1895/839/1895
f 73/842/73 1888/834/1888 543/843/543
f 544/844/544 1889/837/1889 1888/834/1888
f 545/845/545 1890/846/1890 1889/837/1889
f 546/847/546 522/848/522 1890/846/1890
f 1890/846/1890 521/849/521 1893/838/1893
f 1893/838/1893 520/850/520 1896/841/1896
f 1896/841/1896 75/851/75 540/852/540
f 1895/839/1895 540/852/540 539/853/539
f 1894/840/1894 539/853/539 538/854/538
f 541/855/541 538/854/538 77/856/77
f 542/857/542 1894/840/1894 541/855/541
f 543/843/543 1891/836/1891 542/857/542
f 1897/858/1897 1901/859/1901 1900/860/1900
f 1898/861/1898 1902/862/1902 1901/859/1901
f 1900/860/1900 1904/863/1904 1903/864/1903
f 1901/859/1901 1905/865/1905 1904/863/1904
f 79/866/79 1897/858/1897 549/867/549
f 550/868/550 1898/861/1898 1897/858/1897
f 551/869/551 1899/870/1899 1898/861/1898
f 552/871/552 553/872/553 1899/870/1899
f 1899/870/1899 554/873/554 1902/862/1902
f 1902/862/1902 555/874/555 1905/865/1905
f 1905/865/1905 84/875/84 556/876/556
f 1904/863/1904 556/876/556 557/877/557
f 1903/864/1903 557/877/557 558/878/558
f 547/879/547 558/878/558 87/880/87
f 548/881/548 1903/864/1903 547/879/547
f 549/867/549 1900/860/1900 548/881/548
f 1907/882/1907 1909/883/1909 1906/884/1906
f 1908/885/1908 1910/886/1910 1907/882/1907
f 1910/886/1910 1912/887/1912 1909/883/1909
f 1911/888/1911 1913/889/1913 1910/886/1910
f 562/890/562 561/891/561 80/892/80
f 563/893/563 1906/884/1906 562/890/562
f 564/894/564 1907/882/1907 563/893/563
f 85/895/85 1908/885/1908 564/894/564
f 565/896/565 1911/888/1911 1908/885/1908
f 566/897/566 1914/898/1914 1911/888/1911
f 567/899/567 555/900/555 1914/898/1914
f 1914/898/1914 554/901/554 1913/889/1913
f 1913/889/1913 553/902/553 1912/887/1912
f 1912/887/1912 83/903/83 559/904/559
f 1909/883/1909 559/904/559 560/905/560
f 1906/884/1906 560/905/560 561/891/561
f 1916/906/1916 1918/907/1918 1915/908/1915
f 1917/909/1917 1919/910/1919 1916/906/1916
f 1919/910/1919 1921/911/1921 1918/907/1918
f 1920/912/1920 1922/913/1922 1919/910/1919
f 571/914/571 570/915/570 81/916/81
f 572/917/572 1915/908/1915 571/914/571
f 573/918/573 1916/906/1916 572/917/572
f 86/919/86 1917/909/1917 573/918/573
f 574/920/574 1920/912/1920 1917/909/1917
f 575/921/575 1923/922/1923 1920/912/1920
f 576/923/576 567/899/567 1923/922/1923
f 1923/922/1923 566/897/566 1922/913/1922
f 1922/913/1922 565/924/565 1921/911/1921
f 1921/911/1921 85/895/85 568/925/568
f 1918/907/1918 568/925/568 569/926/569
f 1915/908/1915 569/926/569 570/915/570
f 1924/927/1924 1928/928/1928 1927/929/1927
f 1925/930/1925 1929/931/1929 1928/928/1928
f 1927/929/1927 1931/932/1931 1930/933/1930
f 1928/928/1928 1932/934/1932 1931/932/1931
f 82/935/82 1924/927/1924 579/936/579
f 580/937/580 1925/930/1925 1924/927/1924
f 581/938/581 1926/939/1926 1925/930/1925
f 582/940/582 558/941/558 1926/939/1926
f 1926/939/1926 557/942/557 1929/931/1929
f 1929/931/1929 556/943/556 1932/934/1932
f 1932/934/1932 84/944/84 576/945/576
f 1931/932/1931 576/945/576 575/946/575
f 1930/933/1930 575/946/575 574/947/574
f 577/948/577 574/947/574 86/949/86
f 578/950/578 1930/933/1930 577/948/577
f 579/936/579 1927/929/1927 578/950/578
f 1933/951/1933 1937/952/1937 1936/953/1936
f 1934/954/1934 1938/955/1938 1937/952/1937
f 1936/953/1936 1940/956/1940 1939/957/1939
f 1937/952/1937 1941/958/1941 1940/956/1940
f 88/959/88 1933/951/1933 585/960/585
f 586/961/586 1934/954/1934 1933/951/1933
f 587/962/587 1935/963/1935 1934/954/1934
f 588/964/588 589/965/589 1935/963/1935
f 1935/963/1935 590/966/590 1938/955/1938
f 1938/955/1938 591/967/591 1941/958/1941
f 1941/958/1941 93/968/93 592/969/592
f 1940/956/1940 592/969/592 593/970/593
f 1939/957/1939 593/970/593 594/971/594
f 583/972/583 594/971/594 96/973/96
f 584/974/584 1939/957/1939 583/972/583
f 585/960/585 1936/953/1936 584/974/584
f 1942/975/1942 1946/976/1946 1945/977/1945
f 1943/978/1943 1947/979/1947 1946/976/1946
f 1945/977/1945 1949/980/1949 1948/981/1948
f 1946/976/1946 1950/982/1950 1949/980/1949
f 89/983/89 1942/975/1942 597/984/597
f 598/985/598 1943/978/1943 1942/975/1942
f 599/986/599 1944/987/1944 1943/978/1943
f 600/988/600 601/989/601 1944/987/1944
f 1944/987/1944 602/990/602 1947/979/1947
f 1947/979/1947 603/991/603 1950/982/1950
f 1950/982/1950 93/992/93 591/993/591
f 1949/980/1949 591/993/591 590/994/590
f 1948/981/1948 590/994/590 589/995/589
f 595/996/595 589/995/589 92/997/92
f 596/998/596 1948/981/1948 595/996/595
f 597/984/597 1945/977/1945 596/998/596
f 1952/999/1952 1954/1000/1954 1951/1001/1951
f 1953/1002/1953 1955/1003/1955 1952/999/1952
f 1955/1003/1955 1957/1004/1957 1954/1000/1954
f 1956/1005/1956 1958/1006/1958 1955/1003/1955
f 607/1007/607 606/1008/606 90/1009/90
f 608/1010/608 1951/1001/1951 607/1007/607
f 609/1011/609 1952/999/1952 608/1010/608
f 95/1012/95 1953/1002/1953 609/1011/609
f 610/1013/610 1956/1005/1956 1953/1002/1953
f 611/1014/611 1959/1015/1959 1956/1005/1956
f 612/1016/612 603/1017/603 1959/1015/1959
f 1959/1015/1959 602/1018/602 1958/1006/1958
f 1958/1006/1958 601/1019/601 1957/1004/1957
f 1957/1004/1957 94/1020/94 604/1021/604
f 1954/1000/1954 604/1021/604 605/1022/605
f 1951/1001/1951 605/1022/605 606/1008/606
f 1961/1023/1961 1963/1024/1963 1960/1025/1960
f 1962/1026/1962 1964/1027/1964 1961/1023/1961
f 1964/1027/1964 1966/1028/1966 1963/1024/1963
f 1965/1029/1965 1967/1030/1967 1964/1027/1964
f 616/1031/616 615/1032/615 91/1033/91
f 617/1034/617 1960/1025/1960 616/1031/616
f 618/1035/618 1961/1023/1961 617/1034/617
f 96/973/96 1962/1026/1962 618/1035/618
f 594/1036/594 1965/1029/1965 1962/1026/1962
f 593/970/593 1968/1037/1968 1965/1029/1965
f 592/1038/592 612/1016/612 1968/1037/1968
f 1968/1037/1968 611/1039/611 1967/1030/1967
f 1967/1030/1967 610/1040/610 1966/1028/1966
f 1966/1028/1966 95/1012/95 613/1041/613
f 1963/1024/1963 613/1041/613 614/1042/614
f 1960/1025/1960 614/1042/614 615/1032/615
f 1970/1043/1970 1972/1044/1972 1969/1045/1969
f 1971/1046/1971 1973/1047/1973 1970/1043/1970
f 1973/1047/1973 1975/1048/1975 1972/1044/1972
f 1974/1049/1974 1976/1050/1976 1973/1047/1973
f 622/1051/622 621/1052/621 97/1053/97
f 623/1054/623 1969/1045/1969 622/1051/622
f 624/1055/624 1970/1043/1970 623/1054/623
f 101/1056/101 1971/1046/1971 624/1055/624
f 625/1057/625 1974/1049/1974 1971/1046/1971
f 626/1058/626 1977/1059/1977 1974/1049/1974
f 627/1060/627 628/1061/628 1977/1059/1977
f 1977/1059/1977 629/1062/629 1976/1050/1976
f 1976/1050/1976 630/1063/630 1975/1048/1975
f 1975/1048/1975 105/1064/105 619/1065/619
f 1972/1044/1972 619/1065/619 620/1066/620
f 1969/1045/1969 620/1066/620 621/1052/621
f 1978/1067/1978 1982/1068/1982 1981/1069/1981
f 1979/1070/1979 1983/1071/1983 1982/1068/1982
f 1981/1069/1981 1985/1072/1985 1984/1073/1984
f 1982/1068/1982 1986/1074/1986 1985/1072/1985
f 98/1075/98 1978/1067/1978 633/1076/633
f 634/1077/634 1979/1070/1979 1978/1067/1978
f 635/1078/635 1980/1079/1980 1979/1070/1979
f 636/1080/636 637/1081/637 1980/1079/1980
f 1980/1079/1980 638/1082/638 1983/1071/1983
f 1983/1071/1983 639/1083/639 1986/1074/1986
f 1986/1074/1986 102/1084/102 627/1060/627
f 1985/1072/1985 627/1060/627 626/1085/626
f 1984/1073/1984 626/1085/626 625/1086/625
f 631/1087/631 625/1086/625 101/1088/101
f 632/1089/632 1984/1073/1984 631/1087/631
f 633/1076/633 1981/1069/1981 632/1089/632
f 1987/1090/1987 1991/1091/1991 1990/1092/1990
f 1988/1093/1988 1992/1094/1992 1991/1091/1991
f 1990/1092/1990 1994/1095/1994 1993/1096/1993
f 1991/1091/1991 1995/1097/1995 1994/1095/1994
f 99/1098/99 1987/1090/1987 642/1099/642
f 643/1100/643 1988/1093/1988 1987/1090/1987
f 644/1101/644 1989/1102/1989 1988/1093/1988
f 645/1103/645 646/1104/646 1989/1102/1989
f 1989/1102/1989 647/1105/647 1992/1094/1992
f 1992/1094/1992 648/1106/648 1995/1097/1995
f 1995/1097/1995 102/1107/102 639/1108/639
f 1994/1095/1994 639/1108/639 638/1109/638
f 1993/1096/1993 638/1109/638 637/1110/637
f 640/1111/640 637/1110/637 103/1112/103
f 641/1113/641 1993/1096/1993 640/1111/640
f 642/1099/642 1990/1092/1990 641/1113/641
f 1997/1114/1997 1999/1115/1999 1996/1116/1996
f 1998/1117/1998 2000/1118/2000 1997/1114/1997
f 2000/1118/2000 2002/1119/2002 1999/1115/1999
f 2001/1120/2001 2003/1121/2003 2000/1118/2000
f 652/1122/652 651/1123/651 100/1124/100
f 653/1125/653 1996/1116/1996 652/1122/652
f 654/1126/654 1997/1114/1997 653/1125/653
f 105/1127/105 1998/1117/1998 654/1126/654
f 630/1128/630 2001/1120/2001 1998/1117/1998
f 629/1129/629 2004/1130/2004 2001/1120/2001
f 628/1131/628 648/1106/648 2004/1130/2004
f 2004/1130/2004 647/1132/647 2003/1121/2003
f 2003/1121/2003 646/1133/646 2002/1119/2002
f 2002/1119/2002 104/1134/104 649/1135/649
f 1999/1115/1999 649/1135/649 650/1136/650
f 1996/1116/1996 650/1136/650 651/1123/651
f 2006/1137/2006 2008/1138/2008 2005/1139/2005
f 2007/1140/2007 2009/1141/2009 2006/1137/2006
f 2009/1141/2009 2011/1142/2011 2008/1138/2008
f 2010/1143/2010 2012/1144/2012 2009/1141/2009
f 658/1145/658 657/1146/657 106/1147/106
f 659/1148/659 2005/1139/2005 658/1145/658
f 660/1149/660 2006/1137/2006 659/1148/659
f 110/1150/110 2007/1140/2007 660/1149/660
f 661/1151/661 2010/1143/2010 2007/1140/2007
f 662/1152/662 2013/1153/2013 2010/1143/2010
f 663/1154/663 664/1155/664 2013/1153/2013
f 2013/1153/2013 665/1156/665 2012/1144/2012
f 2012/1144/2012 666/1157/666 2011/1142/2011
f 2011/1142/2011 114/1158/114 655/1159/655
f 2008/1138/2008 655/1159/655 656/1160/656
f 2005/1139/2005 656/1160/656 657/1146/657
f 2015/1161/2015 2017/1162/2017 2014/1163/2014
f 2016/1164/2016 2018/1165/2018 2015/1161/2015
f 2018/1165/2018 2020/1166/2020 2017/1162/2017
f 2019/1167/2019 2021/1168/2021 2018/1165/2018
f 670/1169/670 669/1170/669 107/1171/107
f 671/1172/671 2014/1163/2014 670/1169/670
f 672/1173/672 2015/1161/2015 671/1172/671
f 112/1174/112 2016/1164/2016 672/1173/672
f 673/1175/673 2019/1167/2019 2016/1164/2016
f 674/1176/674 2022/1177/2022 2019/1167/2019
f 675/1178/675 663/1179/663 2022/1177/2022
f 2022/1177/2022 662/1180/662 2021/1168/2021
f 2021/1168/2021 661/1151/661 2020/1166/2020
f 2020/1166/2020 110/1181/110 667/1182/667
f 2017/1162/2017 667/1182/667 668/1183/668
f 2014/1163/2014 668/1183/668 669/1170/669
f 2023/1184/2023 2027/1185/2027 2026/1186/2026
f 2024/1187/2024 2028/1188/2028 2027/1185/2027
f 2026/1186/2026 2030/1189/2030 2029/1190/2029
f 2027/1185/2027 2031/1191/2031 2030/1189/2030
f 108/1192/108 2023/1184/2023 678/1193/678
f 679/1194/679 2024/1187/2024 2023/1184/2023
f 680/1195/680 2025/1196/2025 2024/1187/2024
f 681/1197/681 682/1198/682 2025/1196/2025
f 2025/1196/2025 683/1199/683 2028/1188/2028
f 2028/1188/2028 684/1200/684 2031/1191/2031
f 2031/1191/2031 111/1201/111 675/1202/675
f 2030/1189/2030 675/1202/675 674/1203/674
f 2029/1190/2029 674/1203/674 673/1204/673
f 676/1205/676 673/1204/673 112/1206/112
f 677/1207/677 2029/1190/2029 676/1205/676
f 678/1193/678 2026/1186/2026 677/1207/677
f 2032/1208/2032 2036/1209/2036 2035/1210/2035
f 2033/1211/2033 2037/1212/2037 2036/1209/2036
f 2035/1210/2035 2039/1213/2039 2038/1214/2038
f 2036/1209/2036 2040/1215/2040 2039/1213/2039
f 109/1216/109 2032/1208/2032 687/1217/687
f 688/1218/688 2033/1211/2033 2032/1208/2032
f 689/1219/689 2034/1220/2034 2033/1211/2033
f 690/1221/690 666/1222/666 2034/1220/2034
f 2034/1220/2034 665/1223/665 2037/1212/2037
f 2037/1212/2037 664/1224/664 2040/1215/2040
f 2040/1215/2040 111/1225/111 684/1226/684
f 2039/1213/2039 684/1226/684 683/1199/683
f 2038/1214/2038 683/1199/683 682/1227/682
f 685/1228/685 682/1227/682 113/1229/113
f 686/1230/686 2038/1214/2038 685/1228/685
f 687/1217/687 2035/1210/2035 686/1230/686
f 2041/1231/2041 2045/1232/2045 2044/1233/2044
f 2042/1234/2042 2046/1235/2046 2045/1232/2045
f 2044/1233/2044 2048/1236/2048 2047/1237/2047
f 2045/1232/2045 2049/1238/2049 2048/1236/2048
f 115/1239/115 2041/1231/2041 693/1240/693
f 694/1241/694 2042/1234/2042 2041/1231/2041
f 695/1242/695 2043/1243/2043 2042/1234/2042
f 696/1244/696 697/1245/697 2043/1243/2043
f 2043/1243/2043 698/1246/698 2046/1235/2046
f 2046/1235/2046 699/1247/699 2049/1238/2049
f 2049/1238/2049 120/1248/120 700/1249/700
f 2048/1236/2048 700/1249/700 701/1250/701
f 2047/1237/2047 701/1250/701 702/1251/702
f 691/1252/691 702/1251/702 123/1253/123
f 692/1254/692 2047/1237/2047 691/1252/691
f 693/1240/693 2044/1233/2044 692/1254/692
f 2051/1255/2051 2053/1256/2053 2050/1257/2050
f 2052/1258/2052 2054/1259/2054 2051/1255/2051
f 2054/1259/2054 2056/1260/2056 2053/1256/2053
f 2055/1261/2055 2057/1262/2057 2054/1259/2054
f 706/1263/706 705/1264/705 116/1265/116
f 707/1266/707 2050/1257/2050 706/1263/706
f 708/1267/708 2051/1255/2051 707/1266/707
f 121/1268/121 2052/1258/2052 708/1267/708
f 709/1269/709 2055/1261/2055 2052/1258/2052
f 710/1270/710 2058/1271/2058 2055/1261/2055
f 711/1272/711 699/1247/699 2058/1271/2058
f 2058/1271/2058 698/1273/698 2057/1262/2057
f 2057/1262/2057 697/1274/697 2056/1260/2056
f 2056/1260/2056 119/1275/119 703/1276/703
f 2053/1256/2053 703/1276/703 704/1277/704
f 2050/1257/2050 704/1277/704 705/1264/705
f 2060/1278/2060 2062/1279/2062 2059/1280/2059
f 2061/1281/2061 2063/1282/2063 2060/1278/2060
f 2063/1282/2063 2065/1283/2065 2062/1279/2062
f 2064/1284/2064 2066/1285/2066 2063/1282/2063
f 715/1286/715 714/1287/714 117/1288/117
f 716/1289/716 2059/1280/2059 715/1286/715
f 717/1290/717 2060/1278/2060 716/1289/716
f 122/1291/122 2061/1281/2061 717/1290/717
f 718/1292/718 2064/1284/2064 2061/1281/2061
f 719/1293/719 2067/1294/2067 2064/1284/2064
f 720/1295/720 711/1296/711 2067/1294/2067
f 2067/1294/2067 710/1297/710 2066/1285/2066
f 2066/1285/2066 709/1298/709 2065/1283/2065
f 2065/1283/2065 121/1268/121 712/1299/712
f 2062/1279/2062 712/1299/712 713/1300/713
f 2059/1280/2059 713/1300/713 714/1287/714
f 2068/1301/2068 2072/1302/2072 2071/1303/2071
f 2069/1304/2069 2073/1305/2073 2072/1302/2072
f 2071/1303/2071 2075/1306/2075 2074/1307/2074
f 2072/1302/2072 2076/1308/2076 2075/1306/2075
f 118/1309/118 2068/1301/2068 723/1310/723
f 724/1311/724 2069/1304/2069 2068/1301/2068
f 725/1312/725 2070/1313/2070 2069/1304/2069
f 726/1314/726 702/1251/702 2070/1313/2070
f 2070/1313/2070 701/1250/701 2073/1305/2073
f 2073/1305/2073 700/1315/700 2076/1308/2076
f 2076/1308/2076 120/1248/120 720/1316/720
f 2075/1306/2075 720/1316/720 719/1317/719
f 2074/1307/2074 719/1317/719 718/1318/718
f 721/1319/721 718/1318/718 122/1320/122
f 722/1321/722 2074/1307/2074 721/1319/721
f 723/1310/723 2071/1303/2071 722/1321/722
f 2077/1322/2077 2081/1323/2081 2080/1324/2080
f 2078/1325/2078 2082/1326/2082 2081/1323/2081
f 2080/1324/2080 2084/1327/2084 2083/1328/2083
f 2081/1323/2081 2085/1329/2085 2084/1327/2084
f 124/1330/124 2077/1322/2077 729/1331/729
f 730/1332/730 2078/1325/2078 2077/1322/2077
f 731/1333/731 2079/1334/2079 2078/1325/2078
f 732/1335/732 733/1336/733 2079/1334/2079
f 2079/1334/2079 734/1337/734 2082/1326/2082
f 2082/1326/2082 735/1338/735 2085/1329/2085
f 2085/1329/2085 129/1339/129 736/1340/736
f 2084/1327/2084 736/1340/736 737/1341/737
f 2083/1328/2083 737/1341/737 738/1342/738
f 727/1343/727 738/1342/738 132/1344/132
f 728/1345/728 2083/1328/2083 727/1343/727
f 729/1331/729 2080/1324/2080 728/1345/728
f 2086/1346/2086 2090/1347/2090 2089/1348/2089
f 2087/1349/2087 2091/1350/2091 2090/1347/2090
f 2089/1348/2089 2093/1351/2093 2092/1352/2092
f 2090/1347/2090 2094/1353/2094 2093/1351/2093
f 125/1354/125 2086/1346/2086 741/1355/741
f 742/1356/742 2087/1349/2087 2086/1346/2086
f 743/1357/743 2088/1358/2088 2087/1349/2087
f 744/1359/744 745/1360/745 2088/1358/2088
f 2088/1358/2088 746/1361/746 2091/1350/2091
f 2091/1350/2091 747/1362/747 2094/1353/2094
f 2094/1353/2094 129/1363/129 735/1364/735
f 2093/1351/2093 735/1364/735 734/1365/734
f 2092/1352/2092 734/1365/734 733/1366/733
f 739/1367/739 733/1366/733 128/1368/128
f 740/1369/740 2092/1352/2092 739/1367/739
f 741/1355/741 2089/1348/2089 740/1369/740
f 2096/1370/2096 2098/1371/2098 2095/1372/2095
f 2097/1373/2097 2099/1374/2099 2096/1370/2096
f 2099/1374/2099 2101/1375/2101 2098/1371/2098
f 2100/1376/2100 2102/1377/2102 2099/1374/2099
f 751/1378/751 750/1379/750 126/1380/126
f 752/1381/752 2095/1372/2095 751/1378/751
f 753/1382/753 2096/1370/2096 752/1381/752
f 131/1383/131 2097/1373/2097 753/1382/753
f 754/1384/754 2100/1376/2100 2097/1373/2097
f 755/1385/755 2103/1386/2103 2100/1376/2100
f 756/1387/756 747/1362/747 2103/1386/2103
f 2103/1386/2103 746/1388/746 2102/1377/2102
f 2102/1377/2102 745/1389/745 2101/1375/2101
f 2101/1375/2101 130/1390/130 748/1391/748
f 2098/1371/2098 748/1391/748 749/1392/749
f 2095/1372/2095 749/1392/749 750/1379/750
f 2105/1393/2105 2107/1394/2107 2104/1395/2104
f 2106/1396/2106 2108/1397/2108 2105/1393/2105
f 2108/1397/2108 2110/1398/2110 2107/1394/2107
f 2109/1399/2109 2111/1400/2111 2108/1397/2108
f 760/1401/760 759/1402/759 127/1403/127
f 761/1404/761 2104/1395/2104 760/1401/760
f 762/1405/762 2105/1393/2105 761/1404/761
f 132/1344/132 2106/1396/2106 762/1405/762
f 738/1406/738 2109/1399/2109 2106/1396/2106
f 737/1407/737 2112/1408/2112 2109/1399/2109
f 736/1409/736 756/1410/756 2112/1408/2112
f 2112/1408/2112 755/1411/755 2111/1400/2111
f 2111/1400/2111 754/1412/754 2110/1398/2110
f 2110/1398/2110 131/1383/131 757/1413/757
f 2107/1394/2107 757/1413/757 758/1414/758
f 2104/1395/2104 758/1414/758 759/1402/759
f 2114/1415/2114 2116/1416/2116 2113/1417/2113
f 2115/1418/2115 2117/1419/2117 2114/1415/2114
f 2117/1419/2117 2119/1420/2119 2116/1416/2116
f 2118/1421/2118 2120/1422/2120 2117/1419/2117
f 766/1423/766 765/1424/765 133/1425/133
f 767/1426/767 2113/1417/2113 766/1423/766
f 768/1427/768 2114/1415/2114 767/1426/767
f 137/1428/137 2115/1418/2115 768/1427/768
f 769/1429/769 2118/1421/2118 2115/1418/2115
f 770/1430/770 2121/1431/2121 2118/1421/2118
f 771/1432/771 772/1433/772 2121/1431/2121
f 2121/1431/2121 773/1434/773 2120/1422/2120
f 2120/1422/2120 774/1435/774 2119/1420/2119
f 2119/1420/2119 141/1436/141 763/1437/763
f 2116/1416/2116 763/1437/763 764/1438/764
f 2113/1417/2113 764/1438/764 765/1424/765
f 2122/1439/2122 2126/1440/2126 2125/1441/2125
f 2123/1442/2123 2127/1443/2127 2126/1440/2126
f 2125/1441/2125 2129/1444/2129 2128/1445/2128
f 2126/1440/2126 2130/1446/2130 2129/1444/2129
f 134/1447/134 2122/1439/2122 777/1448/777
f 778/1449/778 2123/1442/2123 2122/1439/2122
f 779/1450/779 2124/1451/2124 2123/1442/2123
f 780/1452/780 781/1453/781 2124/1451/2124
f 2124/1451/2124 782/1454/782 2127/1443/2127
f 2127/1443/2127 783/1455/783 2130/1446/2130
f 2130/1446/2130 138/1456/138 771/1457/771
f 2129/1444/2129 771/1457/771 770/1458/770
f 2128/1445/2128 770/1458/770 769/1429/769
f 775/1459/775 769/1429/769 137/1460/137
f 776/1461/776 2128/1445/2128 775/1459/775
f 777/1448/777 2125/1441/2125 776/1461/776
f 2131/1462/2131 2135/1463/2135 2134/1464/2134
f 2132/1465/2132 2136/1466/2136 2135/1463/2135
f 2134/1464/2134 2138/1467/2138 2137/1468/2137
f 2135/1463/2135 2139/1469/2139 2138/1467/2138
f 135/1470/135 2131/1462/2131 786/1471/786
f 787/1472/787 2132/1465/2132 2131/1462/2131
f 788/1473/788 2133/1474/2133 2132/1465/2132
f 789/1475/789 790/1476/790 2133/1474/2133
f 2133/1474/2133 791/1477/791 2136/1466/2136
f 2136/1466/2136 792/1478/792 2139/1469/2139
f 2139/1469/2139 138/1479/138 783/1480/783
f 2138/1467/2138 783/1480/783 782/1481/782
f 2137/1468/2137 782/1481/782 781/1482/781
f 784/1483/784 781/1482/781 139/1484/139
f 785/1485/785 2137/1468/2137 784/1483/784
f 786/1471/786 2134/1464/2134 785/1485/785
f 2141/1486/2141 2143/1487/2143 2140/1488/2140
f 2142/1489/2142 2144/1490/2144 2141/1486/2141
f 2144/1490/2144 2146/1491/2146 2143/1487/2143
f 2145/1492/2145 2147/1493/2147 2144/1490/2144
f 796/1494/796 795/1495/795 136/1496/136
f 797/1497/797 2140/1488/2140 796/1494/796
f 798/1498/798 2141/1486/2141 797/1497/797
f 141/1436/141 2142/1489/2142 798/1498/798
f 774/1499/774 2145/1492/2145 2142/1489/2142
f 773/1434/773 2148/1500/2148 2145/1492/2145
f 772/1501/772 792/1502/792 2148/1500/2148
f 2148/1500/2148 791/1503/791 2147/1493/2147
f 2147/1493/2147 790/1504/790 2146/1491/2146
f 2146/1491/2146 140/1505/140 793/1506/793
f 2143/1487/2143 793/1506/793 794/1507/794
f 2140/1488/2140 794/1507/794 795/1495/795
f 2149/1508/2149 2153/1509/2153 2152/1510/2152
f 2150/1511/2150 2154/1512/2154 2153/1509/2153
f 2152/1510/2152 2156/1513/2156 2155/1514/2155
f 2153/1509/2153 2157/1515/2157 2156/1513/2156
f 142/1516/142 2149/1508/2149 801/1517/801
f 802/1518/802 2150/1511/2150 2149/1508/2149
f 803/1519/803 2151/1520/2151 2150/1511/2150
f 804/1521/804 805/1522/805 2151/1520/2151
f 2151/1520/2151 806/1523/806 2154/1512/2154
f 2154/1512/2154 807/1524/807 2157/1515/2157
f 2157/1515/2157 147/1525/147 808/1526/808
f 2156/1513/2156 808/1526/808 809/1527/809
f 2155/1514/2155 809/1527/809 810/1528/810
f 799/1529/799 810/1528/810 150/1530/150
f 800/1531/800 2155/1514/2155 799/1529/799
f 801/1517/801 2152/1510/2152 800/1531/800
f 2159/1532/2159 2161/1533/2161 2158/1534/2158
f 2160/1535/2160 2162/1536/2162 2159/1532/2159
f 2162/1536/2162 2164/1537/2164 2161/1533/2161
f 2163/1538/2163 2165/1539/2165 2162/1536/2162
f 814/1540/814 813/1541/813 143/1542/143
f 815/1543/815 2158/1534/2158 814/1540/814
f 816/1544/816 2159/1532/2159 815/1543/815
f 148/1545/148 2160/1535/2160 816/1544/816
f 817/1546/817 2163/1538/2163 2160/1535/2160
f 818/1547/818 2166/1548/2166 2163/1538/2163
f 819/1549/819 807/1550/807 2166/1548/2166
f 2166/1548/2166 806/1551/806 2165/1539/2165
f 2165/1539/2165 805/1552/805 2164/1537/2164
f 2164/1537/2164 146/1553/146 811/1554/811
f 2161/1533/2161 811/1554/811 812/1555/812
f 2158/1534/2158 812/1555/812 813/1541/813
f 2168/1556/2168 2170/1557/2170 2167/1558/2167
f 2169/1559/2169 2171/1560/2171 2168/1556/2168
f 2171/1560/2171 2173/1561/2173 2170/1557/2170
f 2172/1562/2172 2174/1563/2174 2171/1560/2171
f 823/1564/823 822/1565/822 144/1566/144
f 824/1567/824 2167/1558/2167 823/1564/823
f 825/1568/825 2168/1556/2168 824/1567/824
f 149/1569/149 2169/1559/2169 825/1568/825
f 826/1570/826 2172/1562/2172 2169/1559/2169
f 827/1571/827 2175/1572/2175 2172/1562/2172
f 828/1573/828 819/1574/819 2175/1572/2175
f 2175/1572/2175 818/1575/818 2174/1563/2174
f 2174/1563/2174 817/1576/817 2173/1561/2173
f 2173/1561/2173 148/1577/148 820/1578/820
f 2170/1557/2170 820/1578/820 821/1579/821
f 2167/1558/2167 821/1579/821 822/1565/822
f 2176/1580/2176 2180/1581/2180 2179/1582/2179
f 2177/1583/2177 2181/1584/2181 2180/1581/2180
f 2179/1582/2179 2183/1585/2183 2182/1586/2182
f 2180/1581/2180 2184/1587/2184 2183/1585/2183
f 145/1588/145 2176/1580/2176 831/1589/831
f 832/1590/832 2177/1583/2177 2176/1580/2176
f 833/1591/833 2178/1592/2178 2177/1583/2177
f 834/1593/834 810/1594/810 2178/1592/2178
f 2178/1592/2178 809/1527/809 2181/1584/2181
f 2181/1584/2181 808/1595/808 2184/1587/2184
f 2184/1587/2184 147/1596/147 828/1597/828
f 2183/1585/2183 828/1597/828 827/1598/827
f 2182/1586/2182 827/1598/827 826/1599/826
f 829/1600/829 826/1599/826 149/1601/149
f 830/1602/830 2182/1586/2182 829/1600/829
f 831/1589/831 2179/1582/2179 830/1602/830
f 2185/1603/2185 2189/1604/2189 2188/1605/2188
f 2186/1606/2186 2190/1607/2190 2189/1604/2189
f 2188/1605/2188 2192/1608/2192 2191/1609/2191
f 2189/1604/2189 2193/1610/2193 2192/1608/2192
f 151/1611/151 2185/1603/2185 837/1612/837
f 838/1613/838 2186/1606/2186 2185/1603/2185
f 839/1614/839 2187/1615/2187 2186/1606/2186
f 840/1616/840 841/1617/841 2187/1615/2187
f 2187/1615/2187 842/1618/842 2190/1607/2190
f 2190/1607/2190 843/1619/843 2193/1610/2193
f 2193/1610/2193 156/1620/156 844/1621/844
f 2192/1608/2192 844/1621/844 845/1622/845
f 2191/1609/2191 845/1622/845 846/1623/846
f 835/1624/835 846/1623/846 159/1625/159
f 836/1626/836 2191/1609/2191 835/1624/835
f 837/1612/837 2188/1605/2188 836/1626/836
f 2195/1627/2195 2197/1628/2197 2194/1629/2194
f 2196/1630/2196 2198/1631/2198 2195/1627/2195
f 2198/1631/2198 2200/1632/2200 2197/1628/2197
f 2199/1633/2199 2201/1634/2201 2198/1631/2198
f 850/1635/850 849/1636/849 152/1637/152
f 851/1638/851 2194/1629/2194 850/1635/850
f 852/1639/852 2195/1627/2195 851/1638/851
f 157/1640/157 2196/1630/2196 852/1639/852
f 853/1641/853 2199/1633/2199 2196/1630/2196
f 854/1642/854 2202/1643/2202 2199/1633/2199
f 855/1644/855 843/1645/843 2202/1643/2202
f 2202/1643/2202 842/1646/842 2201/1634/2201
f 2201/1634/2201 841/1647/841 2200/1632/2200
f 2200/1632/2200 155/1648/155 847/1649/847
f 2197/1628/2197 847/1649/847 848/1650/848
f 2194/1629/2194 848/1650/848 849/1636/849
f 2204/1651/2204 2206/1652/2206 2203/1653/2203
f 2205/1654/2205 2207/1655/2207 2204/1651/2204
f 2207/1655/2207 2209/1656/2209 2206/1652/2206
f 2208/1657/2208 2210/1658/2210 2207/1655/2207
f 859/1659/859 858/1660/858 153/1661/153
f 860/1662/860 2203/1653/2203 859/1659/859
f 861/1663/861 2204/1651/2204 860/1662/860
f 158/1664/158 2205/1654/2205 861/1663/861
f 862/1665/862 2208/1657/2208 2205/1654/2205
f 863/1666/863 2211/1667/2211 2208/1657/2208
f 864/1668/864 855/1669/855 2211/1667/2211
f 2211/1667/2211 854/1642/854 2210/1658/2210
f 2210/1658/2210 853/1641/853 2209/1656/2209
f 2209/1656/2209 157/1640/157 856/1670/856
f 2206/1652/2206 856/1670/856 857/1671/857
f 2203/1653/2203 857/1671/857 858/1660/858
f 2212/1672/2212 2216/1673/2216 2215/1674/2215
f 2213/1675/2213 2217/1676/2217 2216/1673/2216
f 2215/1674/2215 2219/1677/2219 2218/1678/2218
f 2216/1673/2216 2220/1679/2220 2219/1677/2219
f 154/1680/154 2212/1672/2212 867/1681/867
f 868/1682/868 2213/1675/2213 2212/1672/2212
f 869/1683/869 2214/1684/2214 2213/1675/2213
f 870/1685/870 846/1623/846 2214/1684/2214
f 2214/1684/2214 845/1686/845 2217/1676/2217
f 2217/1676/2217 844/1687/844 2220/1679/2220
f 2220/1679/2220 156/1688/156 864/1689/864
f 2219/1677/2219 864/1689/864 863/1690/863
f 2218/1678/2218 863/1690/863 862/1691/862
f 865/1692/865 862/1691/862 158/1693/158
f 866/1694/866 2218/1678/2218 865/1692/865
f 867/1681/867 2215/1674/2215 866/1694/866
f 2222/1695/2222 2224/1696/2224 2221/1697/2221
f 2223/1698/2223 2225/1699/2225 2222/1695/2222
f 2225/1699/2225 2227/1700/2227 2224/1696/2224
f 2226/1701/2226 2228/1702/2228 2225/1699/2225
f 874/1703/874 873/1704/873 160/1705/160
f 875/1706/875 2221/1697/2221 874/1703/874
f 876/1707/876 2222/1695/2222 875/1706/875
f 164/1708/164 2223/1698/2223 876/1707/876
f 877/1709/877 2226/1701/2226 2223/1698/2223
f 878/1710/878 2229/1711/2229 2226/1701/2226
f 879/1712/879 880/1713/880 2229/1711/2229
f 2229/1711/2229 881/1714/881 2228/1702/2228
f 2228/1702/2228 882/1715/882 2227/1700/2227
f 2227/1700/2227 168/1716/168 871/1717/871
f 2224/1696/2224 871/1717/871 872/1718/872
f 2221/1697/2221 872/1718/872 873/1704/873
f 2230/1719/2230 2234/1720/2234 2233/1721/2233
f 2231/1722/2231 2235/1723/2235 2234/1720/2234
f 2233/1721/2233 2237/1724/2237 2236/1725/2236
f 2234/1720/2234 2238/1726/2238 2237/1724/2237
f 161/1727/161 2230/1719/2230 885/1728/885
f 886/1729/886 2231/1722/2231 2230/1719/2230
f 887/1730/887 2232/1731/2232 2231/1722/2231
f 888/1732/888 889/1733/889 2232/1731/2232
f 2232/1731/2232 890/1734/890 2235/1723/2235
f 2235/1723/2235 891/1735/891 2238/1726/2238
f 2238/1726/2238 165/1736/165 879/1737/879
f 2237/1724/2237 879/1737/879 878/1738/878
f 2236/1725/2236 878/1738/878 877/1739/877
f 883/1740/883 877/1739/877 164/1741/164
f 884/1742/884 2236/1725/2236 883/1740/883
f 885/1728/885 2233/1721/2233 884/1742/884
f 2239/1743/2239 2243/1744/2243 2242/1745/2242
f 2240/1746/2240 2244/1747/2244 2243/1744/2243
f 2242/1745/2242 2246/1748/2246 2245/1749/2245
f 2243/1744/2243 2247/1750/2247 2246/1748/2246
f 162/1751/162 2239/1743/2239 894/1752/894
f 895/1753/895 2240/1746/2240 2239/1743/2239
f 896/1754/896 2241/1755/2241 2240/1746/2240
f 897/1756/897 898/1757/898 2241/1755/2241
f 2241/1755/2241 899/1758/899 2244/1747/2244
f 2244/1747/2244 900/1759/900 2247/1750/2247
f 2247/1750/2247 165/1736/165 891/1760/891
f 2246/1748/2246 891/1760/891 890/1761/890
f 2245/1749/2245 890/1761/890 889/1762/889
f 892/1763/892 889/1762/889 166/1764/166
f 893/1765/893 2245/1749/2245 892/1763/892
f 894/1752/894 2242/1745/2242 893/1765/893
f 2249/1766/2249 2251/1767/2251 2248/1768/2248
f 2250/1769/2250 2252/1770/2252 2249/1766/2249
f 2252/1770/2252 2254/1771/2254 2251/1767/2251
f 2253/1772/2253 2255/1773/2255 2252/1770/2252
f 904/1774/904 903/1775/903 163/1776/163
f 905/1777/905 2248/1768/2248 904/1774/904
f 906/1778/906 2249/1766/2249 905/1777/905
f 168/1716/168 2250/1769/2250 906/1778/906
f 882/1779/882 2253/1772/2253 2250/1769/2250
f 881/1780/881 2256/1781/2256 2253/1772/2253
f 880/1782/880 900/1783/900 2256/1781/2256
f 2256/1781/2256 899/1784/899 2255/1773/2255
f 2255/1773/2255 898/1785/898 2254/1771/2254
f 2254/1771/2254 167/1786/167 901/1787/901
f 2251/1767/2251 901/1787/901 902/1788/902
f 2248/1768/2248 902/1788/902 903/1775/903
f 2258/1789/2258 2260/1790/2260 2257/1791/2257
f 2259/1792/2259 2261/1793/2261 2258/1789/2258
f 2261/1793/2261 2263/1794/2263 2260/1790/2260
f 2262/1795/2262 2264/1796/2264 2261/1793/2261
f 910/1797/910 909/1798/909 169/1799/169
f 911/1800/911 2257/1791/2257 910/1797/910
f 912/1801/912 2258/1789/2258 911/1800/911
f 173/1802/173 2259/1792/2259 912/1801/912
f 913/1803/913 2262/1795/2262 2259/1792/2259
f 914/1804/914 2265/1805/2265 2262/1795/2262
f 915/1806/915 916/1807/916 2265/1805/2265
f 2265/1805/2265 917/1808/917 2264/1796/2264
f 2264/1796/2264 918/1809/918 2263/1794/2263
f 2263/1794/2263 177/1810/177 907/1811/907
f 2260/1790/2260 907/1811/907 908/1812/908
f 2257/1791/2257 908/1812/908 909/1798/909
f 2266/1813/2266 2270/1814/2270 2269/1815/2269
f 2267/1816/2267 2271/1817/2271 2270/1814/2270
f 2269/1815/2269 2273/1818/2273 2272/1819/2272
f 2270/1814/2270 2274/1820/2274 2273/1818/2273
f 170/1821/170 2266/1813/2266 921/1822/921
f 922/1823/922 2267/1816/2267 2266/1813/2266
f 923/1824/923 2268/1825/2268 2267/1816/2267
f 924/1826/924 925/1827/925 2268/1825/2268
f 2268/1825/2268 926/1828/926 2271/1817/2271
f 2271/1817/2271 927/1829/927 2274/1820/2274
f 2274/1820/2274 174/1830/174 915/1806/915
f 2273/1818/2273 915/1806/915 914/1831/914
f 2272/1819/2272 914/1831/914 913/1832/913
f 919/1833/919 913/1832/913 173/1834/173
f 920/1835/920 2272/1819/2272 919/1833/919
f 921/1822/921 2269/1815/2269 920/1835/920
f 2275/1836/2275 2279/1837/2279 2278/1838/2278
f 2276/1839/2276 2280/1840/2280 2279/1837/2279
f 2278/1838/2278 2282/1841/2282 2281/1842/2281
f 2279/1837/2279 2283/1843/2283 2282/1841/2282
f 171/1844/171 2275/1836/2275 930/1845/930
f 931/1846/931 2276/1839/2276 2275/1836/2275
f 932/1847/932 2277/1848/2277 2276/1839/2276
f 933/1849/933 934/1850/934 2277/1848/2277
f 2277/1848/2277 935/1851/935 2280/1840/2280
f 2280/1840/2280 936/1852/936 2283/1843/2283
f 2283/1843/2283 174/1853/174 927/1854/927
f 2282/1841/2282 927/1854/927 926/1855/926
f 2281/1842/2281 926/1855/926 925/1856/925
f 928/1857/928 925/1856/925 175/1858/175
f 929/1859/929 2281/1842/2281 928/1857/928
f 930/1845/930 2278/1838/2278 929/1859/929
f 2285/1860/2285 2287/1861/2287 2284/1862/2284
f 2286/1863/2286 2288/1864/2288 2285/1860/2285
f 2288/1864/2288 2290/1865/2290 2287/1861/2287
f 2289/1866/2289 2291/1867/2291 2288/1864/2288
f 940/1868/940 939/1869/939 172/1870/172
f 941/1871/941 2284/1862/2284 940/1868/940
f 942/1872/942 2285/1860/2285 941/1871/941
f 177/1873/177 2286/1863/2286 942/1872/942
f 918/1874/918 2289/1866/2289 2286/1863/2286
f 917/1875/917 2292/1876/2292 2289/1866/2289
f 916/1877/916 936/1878/936 2292/1876/2292
f 2292/1876/2292 935/1879/935 2291/1867/2291
f 2291/1867/2291 934/1850/934 2290/1865/2290
f 2290/1865/2290 176/1880/176 937/1881/937
f 2287/1861/2287 937/1881/937 938/1882/938
f 2284/1862/2284 938/1882/938 939/1869/939
f 2293/1883/2293 2297/1884/2297 2296/1885/2296
f 2294/1886/2294 2298/1887/2298 2297/1884/2297
f 2296/1885/2296 2300/1888/2300 2299/1889/2299
f 2297/1884/2297 2301/1890/2301 2300/1888/2300
f 178/1891/178 2293/1883/2293 945/1892/945
f 946/1893/946 2294/1886/2294 2293/1883/2293
f 947/1894/947 2295/1895/2295 2294/1886/2294
f 948/1896/948 949/1897/949 2295/1895/2295
f 2295/1895/2295 950/1898/950 2298/1887/2298
f 2298/1887/2298 951/1899/951 2301/1890/2301
f 2301/1890/2301 183/1900/183 952/1901/952
f 2300/1888/2300 952/1901/952 953/1902/953
f 2299/1889/2299 953/1902/953 954/1903/954
f 943/1904/943 954/1903/954 186/1905/186
f 944/1906/944 2299/1889/2299 943/1904/943
f 945/1892/945 2296/1885/2296 944/1906/944
f 2303/1907/2303 2305/1908/2305 2302/1909/2302
f 2304/1910/2304 2306/1911/2306 2303/1907/2303
f 2306/1911/2306 2308/1912/2308 2305/1908/2305
f 2307/1913/2307 2309/1914/2309 2306/1911/2306
f 958/1915/958 957/1916/957 179/1917/179
f 959/1918/959 2302/1909/2302 958/1915/958
f 960/1919/960 2303/1907/2303 959/1918/959
f 184/1920/184 2304/1910/2304 960/1919/960
f 961/1921/961 2307/1913/2307 2304/1910/2304
f 962/1922/962 2310/1923/2310 2307/1913/2307
f 963/1924/963 951/1899/951 2310/1923/2310
f 2310/1923/2310 950/1925/950 2309/1914/2309
f 2309/1914/2309 949/1926/949 2308/1912/2308
f 2308/1912/2308 182/1927/182 955/1928/955
f 2305/1908/2305 955/1928/955 956/1929/956
f 2302/1909/2302 956/1929/956 957/1916/957
f 2312/1930/2312 2314/1931/2314 2311/1932/2311
f 2313/1933/2313 2315/1934/2315 2312/1930/2312
f 2315/1934/2315 2317/1935/2317 2314/1931/2314
f 2316/1936/2316 2318/1937/2318 2315/1934/2315
f 967/1938/967 966/1939/966 180/1940/180
f 968/1941/968 2311/1932/2311 967/1938/967
f 969/1942/969 2312/1930/2312 968/1941/968
f 185/1943/185 2313/1933/2313 969/1942/969
f 970/1944/970 2316/1936/2316 2313/1933/2313
f 971/1945/971 2319/1946/2319 2316/1936/2316
f 972/1947/972 963/1924/963 2319/1946/2319
f 2319/1946/2319 962/1922/962 2318/1937/2318
f 2318/1937/2318 961/1948/961 2317/1935/2317
f 2317/1935/2317 184/1949/184 964/1950/964
f 2314/1931/2314 964/1950/964 965/1951/965
f 2311/1932/2311 965/1951/965 966/1939/966
f 2320/1952/2320 2324/1953/2324 2323/1954/2323
f 2321/1955/2321 2325/1956/2325 2324/1953/2324
f 2323/1954/2323 2327/1957/2327 2326/1958/2326
f 2324/1953/2324 2328/1959/2328 2327/1957/2327
f 181/1960/181 2320/1952/2320 975/1961/975
f 976/1962/976 2321/1955/2321 2320/1952/2320
f 977/1963/977 2322/1964/2322 2321/1955/2321
f 978/1965/978 954/1966/954 2322/1964/2322
f 2322/1964/2322 953/1967/953 2325/1956/2325
f 2325/1956/2325 952/1968/952 2328/1959/2328
f 2328/1959/2328 183/1969/183 972/1970/972
f 2327/1957/2327 972/1970/972 971/1971/971
f 2326/1958/2326 971/1971/971 970/1972/970
f 973/1973/973 970/1972/970 185/1974/185
f 974/1975/974 2326/1958/2326 973/1973/973
f 975/1961/975 2323/1954/2323 974/1975/974
f 2329/1976/2329 2333/1977/2333 2332/1978/2332
f 2330/1979/2330 2334/1980/2334 2333/1977/2333
f 2332/1978/2332 2336/1981/2336 2335/1982/2335
f 2333/1977/2333 2337/1983/2337 2336/1981/2336
f 187/1984/187 2329/1976/2329 981/1985/981
f 982/1986/982 2330/1979/2330 2329/1976/2329
f 983/1987/983 2331/1988/2331 2330/1979/2330
f 984/1989/984 985/1990/985 2331/1988/2331
f 2331/1988/2331 986/1991/986 2334/1980/2334
f 2334/1980/2334 987/1992/987 2337/1983/2337
f 2337/1983/2337 192/1993/192 988/1994/988
f 2336/1981/2336 988/1994/988 989/1995/989
f 2335/1982/2335 989/1995/989 990/1996/990
f 979/1997/979 990/1996/990 195/1998/195
f 980/1999/980 2335/1982/2335 979/1997/979
f 981/1985/981 2332/1978/2332 980/1999/980
f 2339/2000/2339 2341/2001/2341 2338/2002/2338
f 2340/2003/2340 2342/2004/2342 2339/2000/2339
f 2342/2004/2342 2344/2005/2344 2341/2001/2341
f 2343/2006/2343 2345/2007/2345 2342/2004/2342
f 994/2008/994 993/2009/993 188/2010/188
f 995/2011/995 2338/2002/2338 994/2008/994
f 996/2012/996 2339/2000/2339 995/2011/995
f 193/2013/193 2340/2003/2340 996/2012/996
f 997/2014/997 2343/2006/2343 2340/2003/2340
f 998/2015/998 2346/2016/2346 2343/2006/2343
f 999/2017/999 987/1992/987 2346/2016/2346
f 2346/2016/2346 986/2018/986 2345/2007/2345
f 2345/2007/2345 985/2019/985 2344/2005/2344
f 2344/2005/2344 191/2020/191 991/2021/991
f 2341/2001/2341 991/2021/991 992/2022/992
f 2338/2002/2338 992/2022/992 993/2009/993
f 2348/2023/2348 2350/2024/2350 2347/2025/2347
f 2349/2026/2349 2351/2027/2351 2348/2023/2348
f 2351/2027/2351 2353/2028/2353 2350/2024/2350
f 2352/2029/2352 2354/2030/2354 2351/2027/2351
f 1003/2031/1003 1002/2032/1002 189/2033/189
f 1004/2034/1004 2347/2025/2347 1003/2031/1003
f 1005/2035/1005 2348/2023/2348 1004/2034/1004
f 194/2036/194 2349/2026/2349 1005/2035/1005
f 1006/2037/1006 2352/2029/2352 2349/2026/2349
f 1007/2038/1007 2355/2039/2355 2352/2029/2352
f 1008/2040/1008 999/2017/999 2355/2039/2355
f 2355/2039/2355 998/2041/998 2354/2030/2354
f 2354/2030/2354 997/2014/997 2353/2028/2353
f 2353/2028/2353 193/2013/193 1000/2042/1000
f 2350/2024/2350 1000/2042/1000 1001/2043/1001
f 2347/2025/2347 1001/2043/1001 1002/2032/1002
f 2356/2044/2356 2360/2045/2360 2359/2046/2359
f 2357/2047/2357 2361/2048/2361 2360/2045/2360
f 2359/2046/2359 2363/2049/2363 2362/2050/2362
f 2360/2045/2360 2364/2051/2364 2363/2049/2363
f 190/2052/190 2356/2044/2356 1011/2053/1011
f 1012/2054/1012 2357/2047/2357 2356/2044/2356
f 1013/2055/1013 2358/2056/2358 2357/2047/2357
f 1014/2057/1014 990/2058/990 2358/2056/2358
f 2358/2056/2358 989/1995/989 2361/2048/2361
f 2361/2048/2361 988/2059/988 2364/2051/2364
f 2364/2051/2364 192/2060/192 1008/2061/1008
f 2363/2049/2363 1008/2061/1008 1007/2038/1007
f 2362/2050/2362 1007/2038/1007 1006/2062/1006
f 1009/2063/1009 1006/2062/1006 194/2064/194
f 1010/2065/1010 2362/2050/2362 1009/2063/1009
f 1011/2053/1011 2359/2046/2359 1010/2065/1010
f 2366/2066/2366 2368/2067/2368 2365/2068/2365
f 2367/2069/2367 2369/2070/2369 2366/2066/2366
f 2369/2070/2369 2371/2071/2371 2368/2067/2368
f 2370/2072/2370 2372/2073/2372 2369/2070/2369
f 1018/2074/1018 1017/2075/1017 196/2076/196
f 1019/2077/1019 2365/2068/2365 1018/2074/1018
f 1020/2078/1020 2366/2066/2366 1019/2077/1019
f 200/2079/200 2367/2069/2367 1020/2078/1020
f 1021/2080/1021 2370/2072/2370 2367/2069/2367
f 1022/2081/1022 2373/2082/2373 2370/2072/2370
f 1023/2083/1023 1024/2084/1024 2373/2082/2373
f 2373/2082/2373 1025/2085/1025 2372/2073/2372
f 2372/2073/2372 1026/2086/1026 2371/2071/2371
f 2371/2071/2371 204/2087/204 1015/2088/1015
f 2368/2067/2368 1015/2088/1015 1016/2089/1016
f 2365/2068/2365 1016/2089/1016 1017/2075/1017
f 2374/2090/2374 2378/2091/2378 2377/2092/2377
f 2375/2093/2375 2379/2094/2379 2378/2091/2378
f 2377/2092/2377 2381/2095/2381 2380/2096/2380
f 2378/2091/2378 2382/2097/2382 2381/2095/2381
f 197/2098/197 2374/2090/2374 1029/2099/1029
f 1030/2100/1030 2375/2093/2375 2374/2090/2374
f 1031/2101/1031 2376/2102/2376 2375/2093/2375
f 1032/2103/1032 1033/2104/1033 2376/2102/2376
f 2376/2102/2376 1034/2105/1034 2379/2094/2379
f 2379/2094/2379 1035/2106/1035 2382/2097/2382
f 2382/2097/2382 201/2107/201 1023/2108/1023
f 2381/2095/2381 1023/2108/1023 1022/2109/1022
f 2380/2096/2380 1022/2109/1022 1021/2110/1021
f 1027/2111/1027 1021/2110/1021 200/2079/200
f 1028/2112/1028 2380/2096/2380 1027/2111/1027
f 1029/2099/1029 2377/2092/2377 1028/2112/1028
f 2383/2113/2383 2387/2114/2387 2386/2115/2386
f 2384/2116/2384 2388/2117/2388 2387/2114/2387
f 2386/2115/2386 2390/2118/2390 2389/2119/2389
f 2387/2114/2387 2391/2120/2391 2390/2118/2390
f 198/2121/198 2383/2113/2383 1038/2122/1038
f 1039/2123/1039 2384/2116/2384 2383/2113/2383
f 1040/2124/1040 2385/2125/2385 2384/2116/2384
f 1041/2126/1041 1042/2127/1042 2385/2125/2385
f 2385/2125/2385 1043/2128/1043 2388/2117/2388
f 2388/2117/2388 1044/2129/1044 2391/2120/2391
f 2391/2120/2391 201/2130/201 1035/2131/1035
f 2390/2118/2390 1035/2131/1035 1034/2132/1034
f 2389/2119/2389 1034/2132/1034 1033/2133/1033
f 1036/2134/1036 1033/2133/1033 202/2135/202
f 1037/2136/1037 2389/2119/2389 1036/2134/1036
f 1038/2122/1038 2386/2115/2386 1037/2136/1037
f 2393/2137/2393 2395/2138/2395 2392/2139/2392
f 2394/2140/2394 2396/2141/2396 2393/2137/2393
f 2396/2141/2396 2398/2142/2398 2395/2138/2395
f 2397/2143/2397 2399/2144/2399 2396/2141/2396
f 1048/2145/1048 1047/2146/1047 199/2147/199
f 1049/2148/1049 2392/2139/2392 1048/2145/1048
f 1050/2149/1050 2393/2137/2393 1049/2148/1049
f 204/2087/204 2394/2140/2394 1050/2149/1050
f 1026/2150/1026 2397/2143/2397 2394/2140/2394
f 1025/2151/1025 2400/2152/2400 2397/2143/2397
f 1024/2153/1024 1044/2129/1044 2400/2152/2400
f 2400/2152/2400 1043/2154/1043 2399/2144/2399
f 2399/2144/2399 1042/2155/1042 2398/2142/2398
f 2398/2142/2398 203/2156/203 1045/2157/1045
f 2395/2138/2395 1045/2157/1045 1046/2158/1046
f 2392/2139/2392 1046/2158/1046 1047/2146/1047
f 2402/2159/2402 2404/2160/2404 2401/2161/2401
f 2403/2162/2403 2405/2163/2405 2402/2159/2402
f 2405/2163/2405 2407/2164/2407 2404/2160/2404
f 2406/2165/2406 2408/2166/2408 2405/2163/2405
f 1054/2167/1054 1053/2168/1053 205/2169/205
f 1055/2170/1055 2401/2161/2401 1054/2167/1054
f 1056/2171/1056 2402/2159/2402 1055/2170/1055
f 209/2172/209 2403/2162/2403 1056/2171/1056
f 1057/2173/1057 2406/2165/2406 2403/2162/2403
f 1058/2174/1058 2409/2175/2409 2406/2165/2406
f 1059/2176/1059 1060/2177/1060 2409/2175/2409
f 2409/2175/2409 1061/2178/1061 2408/2166/2408
f 2408/2166/2408 1062/2179/1062 2407/2164/2407
f 2407/2164/2407 213/2180/213 1051/2181/1051
f 2404/2160/2404 1051/2181/1051 1052/2182/1052
f 2401/2161/2401 1052/2182/1052 1053/2168/1053
f 2410/2183/2410 2414/2184/2414 2413/2185/2413
f 2411/2186/2411 2415/2187/2415 2414/2184/2414
f 2413/2185/2413 2417/2188/2417 2416/2189/2416
f 2414/2184/2414 2418/2190/2418 2417/2188/2417
f 206/2191/206 2410/2183/2410 1065/2192/1065
f 1066/2193/1066 2411/2186/2411 2410/2183/2410
f 1067/2194/1067 2412/2195/2412 2411/2186/2411
f 1068/2196/1068 1069/2197/1069 2412/2195/2412
f 2412/2195/2412 1070/2198/1070 2415/2187/2415
f 2415/2187/2415 1071/2199/1071 2418/2190/2418
f 2418/2190/2418 210/2200/210 1059/2176/1059
f 2417/2188/2417 1059/2176/1059 1058/2201/1058
f 2416/2189/2416 1058/2201/1058 1057/2202/1057
f 1063/2203/1063 1057/2202/1057 209/2204/209
f 1064/2205/1064 2416/2189/2416 1063/2203/1063
f 1065/2192/1065 2413/2185/2413 1064/2205/1064
f 2419/2206/2419 2423/2207/2423 2422/2208/2422
f 2420/2209/2420 2424/2210/2424 2423/2207/2423
f 2422/2208/2422 2426/2211/2426 2425/2212/2425
f 2423/2207/2423 2427/2213/2427 2426/2211/2426
f 207/2214/207 2419/2206/2419 1074/2215/1074
f 1075/2216/1075 2420/2209/2420 2419/2206/2419
f 1076/2217/1076 2421/2218/2421 2420/2209/2420
f 1077/2219/1077 1078/2220/1078 2421/2218/2421
f 2421/2218/2421 1079/2221/1079 2424/2210/2424
f 2424/2210/2424 1080/2222/1080 2427/2213/2427
f 2427/2213/2427 210/2223/210 1071/2224/1071
f 2426/2211/2426 1071/2224/1071 1070/2225/1070
f 2425/2212/2425 1070/2225/1070 1069/2226/1069
f 1072/2227/1072 1069/2226/1069 211/2228/211
f 1073/2229/1073 2425/2212/2425 1072/2227/1072
f 1074/2215/1074 2422/2208/2422 1073/2229/1073
f 2429/2230/2429 2431/2231/2431 2428/2232/2428
f 2430/2233/2430 2432/2234/2432 2429/2230/2429
f 2432/2234/2432 2434/2235/2434 2431/2231/2431
f 2433/2236/2433 2435/2237/2435 2432/2234/2432
f 1084/2238/1084 1083/2239/1083 208/2240/208
f 1085/2241/1085 2428/2232/2428 1084/2238/1084
f 1086/2242/1086 2429/2230/2429 1085/2241/1085
f 213/2180/213 2430/2233/2430 1086/2242/1086
f 1062/2243/1062 2433/2236/2433 2430/2233/2430
f 1061/2244/1061 2436/2245/2436 2433/2236/2433
f 1060/2246/1060 1080/2247/1080 2436/2245/2436
f 2436/2245/2436 1079/2221/1079 2435/2237/2435
f 2435/2237/2435 1078/2248/1078 2434/2235/2434
f 2434/2235/2434 212/2249/212 1081/2250/1081
f 2431/2231/2431 1081/2250/1081 1082/2251/1082
f 2428/2232/2428 1082/2251/1082 1083/2239/1083
f 2437/2252/2437 2441/2253/2441 2440/2254/2440
f 2438/2255/2438 2442/2256/2442 2441/2253/2441
f 2440/2254/2440 2444/2257/2444 2443/2258/2443
f 2441/2253/2441 2445/2259/2445 2444/2257/2444
f 214/2260/214 2437/2252/2437 1089/2261/1089
f 1090/2262/1090 2438/2255/2438 2437/2252/2437
f 1091/2263/1091 2439/2264/2439 2438/2255/2438
f 1092/2265/1092 1093/2266/1093 2439/2264/2439
f 2439/2264/2439 1094/2267/1094 2442/2256/2442
f 2442/2256/2442 1095/2268/1095 2445/2259/2445
f 2445/2259/2445 219/2269/219 1096/2270/1096
f 2444/2257/2444 1096/2270/1096 1097/2271/1097
f 2443/2258/2443 1097/2271/1097 1098/2272/1098
f 1087/2273/1087 1098/2272/1098 222/2274/222
f 1088/2275/1088 2443/2258/2443 1087/2273/1087
f 1089/2261/1089 2440/2254/2440 1088/2275/1088
f 2447/2276/2447 2449/2277/2449 2446/2278/2446
f 2448/2279/2448 2450/2280/2450 2447/2276/2447
f 2450/2280/2450 2452/2281/2452 2449/2277/2449
f 2451/2282/2451 2453/2283/2453 2450/2280/2450
f 1102/2284/1102 1101/2285/1101 215/2286/215
f 1103/2287/1103 2446/2278/2446 1102/2284/1102
f 1104/2288/1104 2447/2276/2447 1103/2287/1103
f 220/2289/220 2448/2279/2448 1104/2288/1104
f 1105/2290/1105 2451/2282/2451 2448/2279/2448
f 1106/2291/1106 2454/2292/2454 2451/2282/2451
f 1107/2293/1107 1095/2294/1095 2454/2292/2454
f 2454/2292/2454 1094/2295/1094 2453/2283/2453
f 2453/2283/2453 1093/2296/1093 2452/2281/2452
f 2452/2281/2452 218/2297/218 1099/2298/1099
f 2449/2277/2449 1099/2298/1099 1100/2299/1100
f 2446/2278/2446 1100/2299/1100 1101/2285/1101
f 2456/2300/2456 2458/2301/2458 2455/2302/2455
f 2457/2303/2457 2459/2304/2459 2456/2300/2456
f 2459/2304/2459 2461/2305/2461 2458/2301/2458
f 2460/2306/2460 2462/2307/2462 2459/2304/2459
f 1111/2308/1111 1110/2309/1110 216/2310/216
f 1112/2311/1112 2455/2302/2455 1111/2308/1111
f 1113/2312/1113 2456/2300/2456 1112/2311/1112
f 221/2313/221 2457/2303/2457 1113/2312/1113
f 1114/2314/1114 2460/2306/2460 2457/2303/2457
f 1115/2315/1115 2463/2316/2463 2460/2306/2460
f 1116/2317/1116 1107/2293/1107 2463/2316/2463
f 2463/2316/2463 1106/2318/1106 2462/2307/2462
f 2462/2307/2462 1105/2290/1105 2461/2305/2461
f 2461/2305/2461 220/2319/220 1108/2320/1108
f 2458/2301/2458 1108/2320/1108 1109/2321/1109
f 2455/2302/2455 1109/2321/1109 1110/2309/1110
f 2464/2322/2464 2468/2323/2468 2467/2324/2467
f 2465/2325/2465 2469/2326/2469 2468/2323/2468
f 2467/2324/2467 2471/2327/2471 2470/2328/2470
f 2468/2323/2468 2472/2329/2472 2471/2327/2471
f 217/2330/217 2464/2322/2464 1119/2331/1119
f 1120/2332/1120 2465/2325/2465 2464/2322/2464
f 1121/2333/1121 2466/2334/2466 2465/2325/2465
f 1122/2335/1122 1098/2336/1098 2466/2334/2466
f 2466/2334/2466 1097/2337/1097 2469/2326/2469
f 2469/2326/2469 1096/2338/1096 2472/2329/2472
f 2472/2329/2472 219/2339/219 1116/2340/1116
f 2471/2327/2471 1116/2340/1116 1115/2341/1115
f 2470/2328/2470 1115/2341/1115 1114/2342/1114
f 1117/2343/1117 1114/2342/1114 221/2344/221
f 1118/2345/1118 2470/2328/2470 1117/2343/1117
f 1119/2331/1119 2467/2324/2467 1118/2345/1118
f 2473/2346/2473 2477/2347/2477 2476/2348/2476
f 2475/2349/2475 2477/2347/2477 2474/2350/2474
f 2476/2348/2476 2480/2351/2480 2479/2352/2479
f 2478/2353/2478 2480/2351/2480 2477/2347/2477
f 55/2354/55 2473/2346/2473 472/2355/472
f 1123/2356/1123 2474/2350/2474 2473/2346/2473
f 1125/2357/1125 2474/2350/2474 1124/2358/1124
f 22/251/22 2475/2349/2475 1125/2357/1125
f 315/250/315 2478/2353/2478 2475/2349/2475
f 314/264/314 2481/2359/2481 2478/2353/2478
f 313/263/313 1126/2360/1126 2481/2359/2481
f 2481/2359/2481 1127/2361/1127 2480/2351/2480
f 2479/2352/2479 1127/2361/1127 1128/2362/1128
f 474/658/474 1128/2362/1128 60/659/60
f 473/2363/473 2479/2352/2479 474/658/474
f 472/2355/472 2476/2348/2476 473/2363/473
f 2483/2364/2483 2485/2365/2485 2482/2366/2482
f 2483/2364/2483 2487/2367/2487 2486/2368/2486
f 2486/2368/2486 2488/2369/2488 2485/2365/2485
f 2486/2368/2486 2490/2370/2490 2489/2371/2489
f 1128/2372/1128 439/2373/439 60/595/60
f 1127/2374/1127 2482/2366/2482 1128/2372/1128
f 1127/2374/1127 2484/2375/2484 2483/2364/2483
f 1126/2376/1126 402/2377/402 2484/2375/2484
f 2484/2375/2484 401/2378/401 2487/2367/2487
f 2487/2367/2487 400/2379/400 2490/2370/2490
f 2490/2370/2490 31/467/31 1129/2380/1129
f 2489/2371/2489 1129/2380/1129 1130/2381/1130
f 2489/2371/2489 1131/2382/1131 2488/2369/2488
f 2488/2369/2488 52/2383/52 441/2384/441
f 2485/2365/2485 441/2384/441 440/2385/440
f 2482/2366/2482 440/2385/440 439/2373/439
f 2491/2386/2491 2495/2387/2495 2494/2388/2494
f 2493/2389/2493 2495/2387/2495 2492/2390/2492
f 2494/2388/2494 2498/2391/2498 2497/2392/2497
f 2496/2393/2496 2498/2391/2498 2495/2387/2495
f 10/2394/10 2491/2386/2491 310/2395/310
f 1132/2396/1132 2492/2390/2492 2491/2386/2491
f 1134/2397/1134 2492/2390/2492 1133/2398/1133
f 44/515/44 2493/2389/2493 1134/2397/1134
f 417/514/417 2496/2393/2496 2493/2389/2493
f 416/528/416 2499/2399/2499 2496/2393/2496
f 415/527/415 1135/2400/1135 2499/2399/2499
f 2499/2399/2499 1136/2401/1136 2498/2391/2498
f 2497/2392/2497 1136/2401/1136 1137/2402/1137
f 312/2403/312 1137/2402/1137 21/230/21
f 311/2404/311 2497/2392/2497 312/2403/312
f 310/2395/310 2494/2388/2494 311/2404/311
f 2501/2405/2501 2503/2406/2503 2500/2407/2500
f 2501/2405/2501 2505/2408/2505 2504/2409/2504
f 2504/2409/2504 2506/2410/2506 2503/2406/2503
f 2504/2409/2504 2508/2411/2508 2507/2412/2507
f 1137/2413/1137 223/2414/223 21/22/21
f 1136/2415/1136 2500/2407/2500 1137/2413/1137
f 1136/2415/1136 2502/2416/2502 2501/2405/2501
f 1135/2417/1135 408/2418/408 2502/2416/2502
f 2502/2416/2502 407/492/407 2505/2408/2505
f 2505/2408/2505 406/2419/406 2508/2411/2508
f 2508/2411/2508 43/2420/43 1138/2421/1138
f 2507/2412/2507 1138/2421/1138 1139/2422/1139
f 2507/2412/2507 1140/2423/1140 2506/2410/2506
f 2506/2410/2506 1/2424/1 225/2425/225
f 2503/2406/2503 225/2425/225 224/24/224
f 2500/2407/2500 224/24/224 223/2414/223
f 2510/2426/2510 2512/2427/2512 2509/2428/2509
f 2510/2426/2510 2514/2429/2514 2513/2430/2513
f 2513/2430/2513 2515/2431/2515 2512/2427/2512
f 2513/2430/2513 2517/2432/2517 2516/2433/2516
f 1141/2434/1141 427/539/427 45/2435/45
f 1142/2436/1142 2509/2428/2509 1141/2434/1141
f 1142/2436/1142 2511/2437/2511 2510/2426/2510
f 1143/2438/1143 462/631/462 2511/2437/2511
f 2511/2437/2511 461/645/461 2514/2429/2514
f 2514/2429/2514 460/643/460 2517/2432/2517
f 2517/2432/2517 58/644/58 1144/2439/1144
f 2516/2433/2516 1144/2439/1144 1145/2440/1145
f 2516/2433/2516 1146/2441/1146 2515/2431/2515
f 2515/2431/2515 50/2442/50 429/2443/429
f 2512/2427/2512 429/2443/429 428/540/428
f 2509/2428/2509 428/540/428 427/539/427
f 2518/2444/2518 2522/2445/2522 2521/2446/2521
f 2520/2447/2520 2522/2445/2522 2519/2448/2519
f 2521/2446/2521 2525/2449/2525 2524/2450/2524
f 2523/2451/2523 2525/2449/2525 2522/2445/2522
f 50/572/50 2518/2444/2518 433/2452/433
f 1146/2453/1146 2519/2448/2519 2518/2444/2518
f 1144/2454/1144 2519/2448/2519 1145/2455/1145
f 58/2456/58 2520/2447/2520 1144/2454/1144
f 456/2457/456 2523/2451/2523 2520/2447/2520
f 455/2458/455 2526/2459/2526 2523/2451/2523
f 454/2460/454 1147/2461/1147 2526/2459/2526
f 2526/2459/2526 1148/2462/1148 2525/2449/2525
f 2524/2450/2524 1148/2462/1148 1149/2463/1149
f 435/2464/435 1149/2463/1149 46/2465/46
f 434/2466/434 2524/2450/2524 435/2464/435
f 433/2452/433 2521/2446/2521 434/2466/434
f 2528/2467/2528 2530/2468/2530 2527/2469/2527
f 2529/2470/2529 2531/2471/2531 2528/2467/2528
f 2531/2471/2531 2533/2472/2533 2530/2468/2530
f 2532/2473/2532 2534/2474/2534 2531/2471/2531
f 1150/2475/1150 1120/2476/1120 217/2477/217
f 1151/2478/1151 2527/2469/2527 1150/2475/1150
f 1152/2479/1152 2528/2467/2528 1151/2478/1151
f 10/227/10 2529/2470/2529 1152/2479/1152
f 309/226/309 2532/2473/2532 2529/2470/2529
f 308/240/308 2535/2480/2535 2532/2473/2532
f 307/239/307 1153/2481/1153 2535/2480/2535
f 2535/2480/2535 1154/2482/1154 2534/2474/2534
f 2534/2474/2534 1155/2483/1155 2533/2472/2533
f 2533/2472/2533 222/2274/222 1122/2484/1122
f 2530/2468/2530 1122/2484/1122 1121/2485/1121
f 2527/2469/2527 1121/2485/1121 1120/2476/1120
f 2536/2486/2536 2540/2487/2540 2539/2488/2539
f 2537/2489/2537 2541/2490/2541 2540/2487/2540
f 2539/2488/2539 2543/2491/2543 2542/2492/2542
f 2540/2487/2540 2544/2493/2544 2543/2491/2543
f 222/2274/222 2536/2486/2536 1087/2494/1087
f 1155/2495/1155 2537/2489/2537 2536/2486/2536
f 1154/2496/1154 2538/2497/2538 2537/2489/2537
f 1153/2498/1153 303/2499/303 2538/2497/2538
f 2538/2497/2538 302/2500/302 2541/2490/2541
f 2541/2490/2541 301/2501/301 2544/2493/2544
f 2544/2493/2544 9/2502/9 1156/2503/1156
f 2543/2491/2543 1156/2503/1156 1157/2504/1157
f 2542/2492/2542 1157/2504/1157 1158/2505/1158
f 1089/2261/1089 1158/2505/1158 214/2260/214
f 1088/2506/1088 2542/2492/2542 1089/2261/1089
f 1087/2494/1087 2539/2488/2539 1088/2506/1088
f 2545/2507/2545 2549/2508/2549 2548/2509/2548
f 2547/2510/2547 2549/2508/2549 2546/2511/2546
f 2548/2509/2548 2552/2512/2552 2551/2513/2551
f 2550/2514/2550 2552/2512/2552 2549/2508/2549
f 64/2515/64 2545/2507/2545 508/748/508
f 1159/2516/1159 2546/2511/2546 2545/2507/2545
f 1161/2517/1161 2546/2511/2546 1160/2518/1160
f 71/796/71 2547/2510/2547 1161/2517/1161
f 525/795/525 2550/2514/2550 2547/2510/2547
f 524/809/524 2553/2519/2553 2550/2514/2550
f 523/808/523 1162/2520/1162 2553/2519/2553
f 2553/2519/2553 1163/2521/1163 2552/2512/2552
f 2551/2513/2551 1163/2521/1163 1164/2522/1164
f 510/2523/510 1164/2522/1164 69/691/69
f 509/2524/509 2551/2513/2551 510/2523/510
f 508/748/508 2548/2509/2548 509/2524/509
f 2555/2525/2555 2557/2526/2557 2554/2527/2554
f 2555/2525/2555 2559/2528/2559 2558/2529/2558
f 2558/2529/2558 2560/2530/2560 2557/2526/2557
f 2558/2529/2558 2562/2531/2562 2561/2532/2561
f 1164/2522/1164 475/2533/475 69/691/69
f 1163/2521/1163 2554/2527/2554 1164/2522/1164
f 1163/2521/1163 2556/2534/2556 2555/2525/2555
f 1162/2520/1162 516/2535/516 2556/2534/2556
f 2556/2534/2556 515/2536/515 2559/2528/2559
f 2559/2528/2559 514/2537/514 2562/2531/2562
f 2562/2531/2562 70/2538/70 1165/2539/1165
f 2561/2532/2561 1165/2539/1165 1166/2540/1166
f 2561/2532/2561 1167/2541/1167 2560/2530/2560
f 2560/2530/2560 61/2542/61 477/2543/477
f 2557/2526/2557 477/2543/477 476/2544/476
f 2554/2527/2554 476/2544/476 475/2533/475
f 2563/2545/2563 2567/2546/2567 2566/2547/2566
f 2565/2548/2565 2567/2546/2567 2564/2549/2564
f 2566/2547/2566 2570/2550/2570 2569/2551/2569
f 2568/2552/2568 2570/2550/2570 2567/2546/2567
f 199/2147/199 2563/2545/2563 1048/2145/1048
f 1168/2553/1168 2564/2549/2564 2563/2545/2563
f 1170/2554/1170 2564/2549/2564 1169/2555/1169
f 9/203/9 2565/2548/2565 1170/2554/1170
f 300/202/300 2568/2552/2568 2565/2548/2565
f 299/216/299 2571/2556/2571 2568/2552/2568
f 298/215/298 1171/2557/1171 2571/2556/2571
f 2571/2556/2571 1172/2558/1172 2570/2550/2570
f 2569/2551/2569 1172/2558/1172 1173/2559/1173
f 1050/2560/1050 1173/2559/1173 204/2087/204
f 1049/2561/1049 2569/2551/2569 1050/2560/1050
f 1048/2145/1048 2566/2547/2566 1049/2561/1049
f 2573/2562/2573 2575/2563/2575 2572/2564/2572
f 2573/2562/2573 2577/2565/2577 2576/2566/2576
f 2576/2566/2576 2578/2567/2578 2575/2563/2575
f 2576/2566/2576 2580/2568/2580 2579/2569/2579
f 1173/2570/1173 1015/2571/1015 204/2087/204
f 1172/2572/1172 2572/2564/2572 1173/2570/1173
f 1172/2572/1172 2574/2573/2574 2573/2562/2573
f 1171/2574/1171 294/2575/294 2574/2573/2574
f 2574/2573/2574 293/2576/293 2577/2565/2577
f 2577/2565/2577 292/2577/292 2580/2568/2580
f 2580/2568/2580 8/2578/8 1174/2579/1174
f 2579/2569/2579 1174/2579/1174 1175/2580/1175
f 2579/2569/2579 1176/2581/1176 2578/2567/2578
f 2578/2567/2578 196/2582/196 1017/2583/1017
f 2575/2563/2575 1017/2583/1017 1016/2089/1016
f 2572/2564/2572 1016/2089/1016 1015/2571/1015
f 2582/2584/2582 2584/2585/2584 2581/2586/2581
f 2582/2584/2582 2586/2587/2586 2585/2588/2585
f 2585/2588/2585 2587/2589/2587 2584/2585/2584
f 2585/2588/2585 2589/2590/2589 2588/2591/2588
f 1177/2592/1177 580/2593/580 82/935/82
f 1178/2594/1178 2581/2586/2581 1177/2592/1177
f 1178/2594/1178 2583/2595/2583 2582/2584/2582
f 1179/2596/1179 597/984/597 2583/2595/2583
f 2583/2595/2583 596/998/596 2586/2587/2586
f 2586/2587/2586 595/996/595 2589/2590/2589
f 2589/2590/2589 92/997/92 1180/2597/1180
f 2588/2591/2588 1180/2597/1180 1181/2598/1181
f 2588/2591/2588 1182/2599/1182 2587/2589/2587
f 2587/2589/2587 87/2600/87 582/2601/582
f 2584/2585/2584 582/2601/582 581/2602/581
f 2581/2586/2581 581/2602/581 580/2593/580
f 2590/2603/2590 2594/2604/2594 2593/2605/2593
f 2592/2606/2592 2594/2604/2594 2591/2607/2591
f 2593/2605/2593 2597/2608/2597 2596/2609/2596
f 2595/2610/2595 2597/2608/2597 2594/2604/2594
f 87/2600/87 2590/2603/2590 547/2611/547
f 1182/2599/1182 2591/2607/2591 2590/2603/2590
f 1180/2597/1180 2591/2607/2591 1181/2598/1181
f 92/997/92 2592/2606/2592 1180/2597/1180
f 588/2612/588 2595/2610/2595 2592/2606/2592
f 587/2613/587 2598/2614/2598 2595/2610/2595
f 586/2615/586 1183/2616/1183 2598/2614/2598
f 2598/2614/2598 1184/2617/1184 2597/2608/2597
f 2596/2609/2596 1184/2617/1184 1185/2618/1185
f 549/2619/549 1185/2618/1185 79/2620/79
f 548/2621/548 2596/2609/2596 549/2619/549
f 547/2611/547 2593/2605/2593 548/2621/548
f 2600/2622/2600 2602/2623/2602 2599/2624/2599
f 2601/2625/2601 2603/2626/2603 2600/2622/2600
f 2603/2626/2603 2605/2627/2605 2602/2623/2602
f 2604/2628/2604 2606/2629/2606 2603/2626/2603
f 1186/2630/1186 976/2631/976 181/2632/181
f 1187/2633/1187 2599/2624/2599 1186/2630/1186
f 1188/2634/1188 2600/2622/2600 1187/2633/1187
f 8/179/8 2601/2625/2601 1188/2634/1188
f 291/178/291 2604/2628/2604 2601/2625/2601
f 290/192/290 2607/2635/2607 2604/2628/2604
f 289/191/289 1189/2636/1189 2607/2635/2607
f 2607/2635/2607 1190/2637/1190 2606/2629/2606
f 2606/2629/2606 1191/2638/1191 2605/2627/2605
f 2605/2627/2605 186/1905/186 978/2639/978
f 2602/2623/2602 978/2639/978 977/2640/977
f 2599/2624/2599 977/2640/977 976/2631/976
f 2608/2641/2608 2612/2642/2612 2611/2643/2611
f 2609/2644/2609 2613/2645/2613 2612/2642/2612
f 2611/2643/2611 2615/2646/2615 2614/2647/2614
f 2612/2642/2612 2616/2648/2616 2615/2646/2615
f 186/1905/186 2608/2641/2608 943/2649/943
f 1191/2650/1191 2609/2644/2609 2608/2641/2608
f 1190/2651/1190 2610/2652/2610 2609/2644/2609
f 1189/2653/1189 285/157/285 2610/2652/2610
f 2610/2652/2610 284/2654/284 2613/2645/2613
f 2613/2645/2613 283/2655/283 2616/2648/2616
f 2616/2648/2616 7/2656/7 1192/2657/1192
f 2615/2646/2615 1192/2657/1192 1193/2658/1193
f 2614/2647/2614 1193/2658/1193 1194/2659/1194
f 945/2660/945 1194/2659/1194 178/2661/178
f 944/1906/944 2614/2647/2614 945/2660/945
f 943/2649/943 2611/2643/2611 944/1906/944
f 2617/2662/2617 2621/2663/2621 2620/2664/2620
f 2619/2665/2619 2621/2663/2621 2618/2666/2618
f 2620/2664/2620 2624/2667/2624 2623/2668/2623
f 2622/2669/2622 2624/2667/2624 2621/2663/2621
f 100/1124/100 2617/2662/2617 652/2670/652
f 1195/2671/1195 2618/2666/2618 2617/2662/2617
f 1197/2672/1197 2618/2666/2618 1196/2673/1196
f 107/1171/107 2619/2665/2619 1197/2672/1197
f 669/1170/669 2622/2669/2622 2619/2665/2619
f 668/1183/668 2625/2674/2625 2622/2669/2622
f 667/1182/667 1198/2675/1198 2625/2674/2625
f 2625/2674/2625 1199/2676/1199 2624/2667/2624
f 2623/2668/2623 1199/2676/1199 1200/2677/1200
f 654/2678/654 1200/2677/1200 105/2679/105
f 653/2680/653 2623/2668/2623 654/2678/654
f 652/2670/652 2620/2664/2620 653/2680/653
f 2627/2681/2627 2629/2682/2629 2626/2683/2626
f 2627/2681/2627 2631/2684/2631 2630/2685/2630
f 2630/2685/2630 2632/2686/2632 2629/2682/2629
f 2630/2685/2630 2634/2687/2634 2633/2688/2633
f 1200/2677/1200 619/2689/619 105/2679/105
f 1199/2676/1199 2626/2683/2626 1200/2677/1200
f 1199/2676/1199 2628/2690/2628 2627/2681/2627
f 1198/2675/1198 660/2691/660 2628/2690/2628
f 2628/2690/2628 659/2692/659 2631/2684/2631
f 2631/2684/2631 658/2693/658 2634/2687/2634
f 2634/2687/2634 106/2694/106 1201/2695/1201
f 2633/2688/2633 1201/2695/1201 1202/2696/1202
f 2633/2688/2633 1203/2697/1203 2632/2686/2632
f 2632/2686/2632 97/2698/97 621/2699/621
f 2629/2682/2629 621/2699/621 620/1066/620
f 2626/2683/2626 620/1066/620 619/2689/619
f 2635/2700/2635 2639/2701/2639 2638/2702/2638
f 2637/2703/2637 2639/2701/2639 2636/2704/2636
f 2638/2702/2638 2642/2705/2642 2641/2706/2641
f 2640/2707/2640 2642/2705/2642 2639/2701/2639
f 163/2708/163 2635/2700/2635 904/2709/904
f 1204/2710/1204 2636/2704/2636 2635/2700/2635
f 1206/2711/1206 2636/2704/2636 1205/2712/1205
f 7/155/7 2637/2703/2637 1206/2711/1206
f 282/154/282 2640/2707/2640 2637/2703/2637
f 281/168/281 2643/2713/2643 2640/2707/2640
f 280/167/280 1207/2714/1207 2643/2713/2643
f 2643/2713/2643 1208/2715/1208 2642/2705/2642
f 2641/2706/2641 1208/2715/1208 1209/2716/1209
f 906/2717/906 1209/2716/1209 168/1716/168
f 905/1777/905 2641/2706/2641 906/2717/906
f 904/2709/904 2638/2702/2638 905/1777/905
f 2645/2718/2645 2647/2719/2647 2644/2720/2644
f 2645/2718/2645 2649/2721/2649 2648/2722/2648
f 2648/2722/2648 2650/2723/2650 2647/2719/2647
f 2648/2722/2648 2652/2724/2652 2651/2725/2651
f 1209/2726/1209 871/2727/871 168/1716/168
f 1208/2728/1208 2644/2720/2644 1209/2726/1209
f 1208/2728/1208 2646/2729/2646 2645/2718/2645
f 1207/2730/1207 276/2731/276 2646/2729/2646
f 2646/2729/2646 275/2732/275 2649/2721/2649
f 2649/2721/2649 274/2733/274 2652/2724/2652
f 2652/2724/2652 6/2734/6 1210/2735/1210
f 2651/2725/2651 1210/2735/1210 1211/2736/1211
f 2651/2725/2651 1212/2737/1212 2650/2723/2650
f 2650/2723/2650 160/1705/160 873/1704/873
f 2647/2719/2647 873/1704/873 872/2738/872
f 2644/2720/2644 872/2738/872 871/2727/871
f 2654/2739/2654 2656/2740/2656 2653/2741/2653
f 2654/2739/2654 2658/2742/2658 2657/2743/2657
f 2657/2743/2657 2659/2744/2659 2656/2740/2656
f 2657/2743/2657 2661/2745/2661 2660/2746/2660
f 1213/2747/1213 724/2748/724 118/2749/118
f 1214/2750/1214 2653/2741/2653 1213/2747/1213
f 1214/2750/1214 2655/2751/2655 2654/2739/2654
f 1215/2752/1215 741/1355/741 2655/2751/2655
f 2655/2751/2655 740/1369/740 2658/2742/2658
f 2658/2742/2658 739/1367/739 2661/2745/2661
f 2661/2745/2661 128/1368/128 1216/2753/1216
f 2660/2746/2660 1216/2753/1216 1217/2754/1217
f 2660/2746/2660 1218/2755/1218 2659/2744/2659
f 2659/2744/2659 123/2756/123 726/1314/726
f 2656/2740/2656 726/1314/726 725/2757/725
f 2653/2741/2653 725/2757/725 724/2748/724
f 2662/2758/2662 2666/2759/2666 2665/2760/2665
f 2664/2761/2664 2666/2759/2666 2663/2762/2663
f 2665/2760/2665 2669/2763/2669 2668/2764/2668
f 2667/2765/2667 2669/2763/2669 2666/2759/2666
f 123/2756/123 2662/2758/2662 691/2766/691
f 1218/2755/1218 2663/2762/2663 2662/2758/2662
f 1216/2753/1216 2663/2762/2663 1217/2754/1217
f 128/1368/128 2664/2761/2664 1216/2753/1216
f 732/2767/732 2667/2765/2667 2664/2761/2664
f 731/2768/731 2670/2769/2670 2667/2765/2667
f 730/2770/730 1219/2771/1219 2670/2769/2670
f 2670/2769/2670 1220/2772/1220 2669/2763/2669
f 2668/2764/2668 1220/2772/1220 1221/2773/1221
f 693/2774/693 1221/2773/1221 115/1239/115
f 692/1254/692 2668/2764/2668 693/2774/693
f 691/2766/691 2665/2760/2665 692/1254/692
f 2672/2775/2672 2674/2776/2674 2671/2777/2671
f 2673/2778/2673 2675/2779/2675 2672/2775/2672
f 2675/2779/2675 2677/2780/2677 2674/2776/2674
f 2676/2781/2676 2678/2782/2678 2675/2779/2675
f 1222/2783/1222 832/2784/832 145/2785/145
f 1223/2786/1223 2671/2777/2671 1222/2783/1222
f 1224/2787/1224 2672/2775/2672 1223/2786/1223
f 6/131/6 2673/2778/2673 1224/2787/1224
f 273/130/273 2676/2781/2676 2673/2778/2673
f 272/144/272 2679/2788/2679 2676/2781/2676
f 271/143/271 1225/2789/1225 2679/2788/2679
f 2679/2788/2679 1226/2790/1226 2678/2782/2678
f 2678/2782/2678 1227/2791/1227 2677/2780/2677
f 2677/2780/2677 150/1530/150 834/2792/834
f 2674/2776/2674 834/2792/834 833/2793/833
f 2671/2777/2671 833/2793/833 832/2784/832
f 2680/2794/2680 2684/2795/2684 2683/2796/2683
f 2681/2797/2681 2685/2798/2685 2684/2795/2684
f 2683/2796/2683 2687/2799/2687 2686/2800/2686
f 2684/2795/2684 2688/2801/2688 2687/2799/2687
f 150/1530/150 2680/2794/2680 799/2802/799
f 1227/2803/1227 2681/2797/2681 2680/2794/2680
f 1226/2804/1226 2682/2805/2682 2681/2797/2681
f 1225/2806/1225 267/2807/267 2682/2805/2682
f 2682/2805/2682 266/2808/266 2685/2798/2685
f 2685/2798/2685 265/105/265 2688/2801/2688
f 2688/2801/2688 5/107/5 1228/2809/1228
f 2687/2799/2687 1228/2809/1228 1229/2810/1229
f 2686/2800/2686 1229/2810/1229 1230/2811/1230
f 801/1517/801 1230/2811/1230 142/2812/142
f 800/2813/800 2686/2800/2686 801/1517/801
f 799/2802/799 2683/2796/2683 800/2813/800
f 2689/2814/2689 2693/2815/2693 2692/2816/2692
f 2691/2817/2691 2693/2815/2693 2690/2818/2690
f 2692/2816/2692 2696/2819/2696 2695/2820/2695
f 2694/2821/2694 2696/2819/2696 2693/2815/2693
f 136/2822/136 2689/2814/2689 796/1494/796
f 1231/2823/1231 2690/2818/2690 2689/2814/2689
f 1233/2824/1233 2690/2818/2690 1232/2825/1232
f 144/1566/144 2691/2817/2691 1233/2824/1233
f 822/1565/822 2694/2821/2694 2691/2817/2691
f 821/1579/821 2697/2826/2697 2694/2821/2694
f 820/1578/820 1234/2827/1234 2697/2826/2697
f 2697/2826/2697 1235/2828/1235 2696/2819/2696
f 2695/2820/2695 1235/2828/1235 1236/2829/1236
f 798/2830/798 1236/2829/1236 141/1436/141
f 797/1497/797 2695/2820/2695 798/2830/798
f 796/1494/796 2692/2816/2692 797/1497/797
f 2699/2831/2699 2701/2832/2701 2698/2833/2698
f 2699/2831/2699 2703/2834/2703 2702/2835/2702
f 2702/2835/2702 2704/2836/2704 2701/2832/2701
f 2702/2835/2702 2706/2837/2706 2705/2838/2705
f 1236/2829/1236 763/2839/763 141/1436/141
f 1235/2828/1235 2698/2833/2698 1236/2829/1236
f 1235/2828/1235 2700/2840/2700 2699/2831/2699
f 1234/2827/1234 816/2841/816 2700/2840/2700
f 2700/2840/2700 815/2842/815 2703/2834/2703
f 2703/2834/2703 814/2843/814 2706/2837/2706
f 2706/2837/2706 143/2844/143 1237/2845/1237
f 2705/2838/2705 1237/2845/1237 1238/2846/1238
f 2705/2838/2705 1239/2847/1239 2704/2836/2704
f 2704/2836/2704 133/1425/133 765/2848/765
f 2701/2832/2701 765/2848/765 764/2849/764
f 2698/2833/2698 764/2849/764 763/2839/763
f 2707/2850/2707 2711/2851/2711 2710/2852/2710
f 2709/2853/2709 2711/2851/2711 2708/2854/2708
f 2710/2852/2710 2714/2855/2714 2713/2856/2713
f 2712/2857/2712 2714/2855/2714 2711/2851/2711
f 126/2858/126 2707/2850/2707 751/2859/751
f 1240/2860/1240 2708/2854/2708 2707/2850/2707
f 1242/2861/1242 2708/2854/2708 1241/2862/1241
f 5/107/5 2709/2853/2709 1242/2861/1242
f 264/106/264 2712/2857/2712 2709/2853/2709
f 263/120/263 2715/2863/2715 2712/2857/2712
f 262/119/262 1243/2864/1243 2715/2863/2715
f 2715/2863/2715 1244/2865/1244 2714/2855/2714
f 2713/2856/2713 1244/2865/1244 1245/2866/1245
f 753/1382/753 1245/2866/1245 131/1383/131
f 752/2867/752 2713/2856/2713 753/1382/753
f 751/2859/751 2710/2852/2710 752/2867/752
f 2717/2868/2717 2719/2869/2719 2716/2870/2716
f 2717/2868/2717 2721/2871/2721 2720/2872/2720
f 2720/2872/2720 2722/2873/2722 2719/2869/2719
f 2720/2872/2720 2724/2874/2724 2723/2875/2723
f 1245/2876/1245 757/1413/757 131/1383/131
f 1244/2877/1244 2716/2870/2716 1245/2876/1245
f 1244/2877/1244 2718/2878/2718 2717/2868/2717
f 1243/2879/1243 258/2880/258 2718/2878/2718
f 2718/2878/2718 257/2881/257 2721/2871/2721
f 2721/2871/2721 256/2882/256 2724/2874/2724
f 2724/2874/2724 4/2883/4 1246/2884/1246
f 2723/2875/2723 1246/2884/1246 1247/2885/1247
f 2723/2875/2723 1248/2886/1248 2722/2873/2722
f 2722/2873/2722 127/1403/127 759/1402/759
f 2719/2869/2719 759/1402/759 758/2887/758
f 2716/2870/2716 758/2887/758 757/1413/757
f 2726/2888/2726 2728/2889/2728 2725/2890/2725
f 2726/2888/2726 2730/2891/2730 2729/2892/2729
f 2729/2892/2729 2731/2893/2731 2728/2889/2728
f 2729/2892/2729 2733/2894/2733 2732/2895/2732
f 1249/2896/1249 868/2897/868 154/1680/154
f 1250/2898/1250 2725/2890/2725 1249/2896/1249
f 1250/2898/1250 2727/2899/2727 2726/2888/2726
f 1251/2900/1251 894/1752/894 2727/2899/2727
f 2727/2899/2727 893/1765/893 2730/2891/2730
f 2730/2891/2730 892/1763/892 2733/2894/2733
f 2733/2894/2733 166/1764/166 1252/2901/1252
f 2732/2895/2732 1252/2901/1252 1253/2902/1253
f 2732/2895/2732 1254/2903/1254 2731/2893/2731
f 2731/2893/2731 159/2904/159 870/2905/870
f 2728/2889/2728 870/2905/870 869/2906/869
f 2725/2890/2725 869/2906/869 868/2897/868
f 2734/2907/2734 2738/2908/2738 2737/2909/2737
f 2736/2910/2736 2738/2908/2738 2735/2911/2735
f 2737/2909/2737 2741/2912/2741 2740/2913/2740
f 2739/2914/2739 2741/2912/2741 2738/2908/2738
f 159/2904/159 2734/2907/2734 835/2915/835
f 1254/2903/1254 2735/2911/2735 2734/2907/2734
f 1252/2901/1252 2735/2911/2735 1253/2902/1253
f 166/1764/166 2736/2910/2736 1252/2901/1252
f 888/2916/888 2739/2914/2739 2736/2910/2736
f 887/2917/887 2742/2918/2742 2739/2914/2739
f 886/2919/886 1255/2920/1255 2742/2918/2742
f 2742/2918/2742 1256/2921/1256 2741/2912/2741
f 2740/2913/2740 1256/2921/1256 1257/2922/1257
f 837/2923/837 1257/2922/1257 151/2924/151
f 836/2925/836 2740/2913/2740 837/2923/837
f 835/2915/835 2737/2909/2737 836/2925/836
f 2744/2926/2744 2746/2927/2746 2743/2928/2743
f 2745/2929/2745 2747/2930/2747 2744/2926/2744
f 2747/2930/2747 2749/2931/2749 2746/2927/2746
f 2748/2932/2748 2750/2933/2750 2747/2930/2747
f 1258/2934/1258 679/2935/679 108/2936/108
f 1259/2937/1259 2743/2928/2743 1258/2934/1258
f 1260/2938/1260 2744/2926/2744 1259/2937/1259
f 4/83/4 2745/2929/2745 1260/2938/1260
f 255/82/255 2748/2932/2748 2745/2929/2745
f 254/96/254 2751/2939/2751 2748/2932/2748
f 253/95/253 1261/2940/1261 2751/2939/2751
f 2751/2939/2751 1262/2941/1262 2750/2933/2750
f 2750/2933/2750 1263/2942/1263 2749/2931/2749
f 2749/2931/2749 113/1229/113 681/2943/681
f 2746/2927/2746 681/2943/681 680/2944/680
f 2743/2928/2743 680/2944/680 679/2935/679
f 2752/2945/2752 2756/2946/2756 2755/2947/2755
f 2753/2948/2753 2757/2949/2757 2756/2946/2756
f 2755/2947/2755 2759/2950/2759 2758/2951/2758
f 2756/2946/2756 2760/2952/2760 2759/2950/2759
f 113/1229/113 2752/2945/2752 685/2953/685
f 1263/2954/1263 2753/2948/2753 2752/2945/2752
f 1262/2955/1262 2754/2956/2754 2753/2948/2753
f 1261/2957/1261 249/2958/249 2754/2956/2754
f 2754/2956/2754 248/2959/248 2757/2949/2757
f 2757/2949/2757 247/57/247 2760/2952/2760
f 2760/2952/2760 3/2960/3 1264/2961/1264
f 2759/2950/2759 1264/2961/1264 1265/2962/1265
f 2758/2951/2758 1265/2962/1265 1266/2963/1266
f 687/2964/687 1266/2963/1266 109/2965/109
f 686/2966/686 2758/2951/2758 687/2964/687
f 685/2953/685 2755/2947/2755 686/2966/686
f 2761/2967/2761 2765/2968/2765 2764/2969/2764
f 2763/2970/2763 2765/2968/2765 2762/2971/2762
f 2764/2969/2764 2768/2972/2768 2767/2973/2767
f 2766/2974/2766 2768/2972/2768 2765/2968/2765
f 172/2975/172 2761/2967/2761 940/2976/940
f 1267/2977/1267 2762/2971/2762 2761/2967/2761
f 1269/2978/1269 2762/2971/2762 1268/2979/1268
f 180/1940/180 2763/2970/2763 1269/2978/1269
f 966/1939/966 2766/2974/2766 2763/2970/2763
f 965/1951/965 2769/2980/2769 2766/2974/2766
f 964/1950/964 1270/2981/1270 2769/2980/2769
f 2769/2980/2769 1271/2982/1271 2768/2972/2768
f 2767/2973/2767 1271/2982/1271 1272/2983/1272
f 942/2984/942 1272/2983/1272 177/1873/177
f 941/2985/941 2767/2973/2767 942/2984/942
f 940/2976/940 2764/2969/2764 941/2985/941
f 2771/2986/2771 2773/2987/2773 2770/2988/2770
f 2771/2986/2771 2775/2989/2775 2774/2990/2774
f 2774/2990/2774 2776/2991/2776 2773/2987/2773
f 2774/2990/2774 2778/2992/2778 2777/2993/2777
f 1272/2983/1272 907/1811/907 177/1873/177
f 1271/2982/1271 2770/2988/2770 1272/2983/1272
f 1271/2982/1271 2772/2994/2772 2771/2986/2771
f 1270/2981/1270 960/2995/960 2772/2994/2772
f 2772/2994/2772 959/2996/959 2775/2989/2775
f 2775/2989/2775 958/2997/958 2778/2992/2778
f 2778/2992/2778 179/2998/179 1273/2999/1273
f 2777/2993/2777 1273/2999/1273 1274/3000/1274
f 2777/2993/2777 1275/3001/1275 2776/2991/2776
f 2776/2991/2776 169/3002/169 909/3003/909
f 2773/2987/2773 909/3003/909 908/3004/908
f 2770/2988/2770 908/3004/908 907/1811/907
f 2779/3005/2779 2783/3006/2783 2782/3007/2782
f 2781/3008/2781 2783/3006/2783 2780/3009/2780
f 2782/3007/2782 2786/3010/2786 2785/3011/2785
f 2784/3012/2784 2786/3010/2786 2783/3006/2783
f 90/1009/90 2779/3005/2779 607/3013/607
f 1276/3014/1276 2780/3009/2780 2779/3005/2779
f 1278/3015/1278 2780/3009/2780 1277/3016/1277
f 3/59/3 2781/3008/2781 1278/3015/1278
f 246/58/246 2784/3012/2784 2781/3008/2781
f 245/72/245 2787/3017/2787 2784/3012/2784
f 244/71/244 1279/3018/1279 2787/3017/2787
f 2787/3017/2787 1280/3019/1280 2786/3010/2786
f 2785/3011/2785 1280/3019/1280 1281/3020/1281
f 609/3021/609 1281/3020/1281 95/1012/95
f 608/1010/608 2785/3011/2785 609/3021/609
f 607/3013/607 2782/3007/2782 608/1010/608
f 2789/3022/2789 2791/3023/2791 2788/3024/2788
f 2789/3022/2789 2793/3025/2793 2792/3026/2792
f 2792/3026/2792 2794/3027/2794 2791/3023/2791
f 2792/3026/2792 2796/3028/2796 2795/3029/2795
f 1281/3030/1281 613/3031/613 95/1012/95
f 1280/3032/1280 2788/3024/2788 1281/3030/1281
f 1280/3032/1280 2790/3033/2790 2789/3022/2789
f 1279/3034/1279 240/3035/240 2790/3033/2790
f 2790/3033/2790 239/3036/239 2793/3025/2793
f 2793/3025/2793 238/3037/238 2796/3028/2796
f 2796/3028/2796 2/3038/2 1282/3039/1282
f 2795/3029/2795 1282/3039/1282 1283/3040/1283
f 2795/3029/2795 1284/3041/1284 2794/3027/2794
f 2794/3027/2794 91/3042/91 615/3043/615
f 2791/3023/2791 615/3043/615 614/3044/614
f 2788/3024/2788 614/3044/614 613/3031/613
f 2798/3045/2798 2800/3046/2800 2797/3047/2797
f 2798/3045/2798 2802/3048/2802 2801/3049/2801
f 2801/3049/2801 2803/3050/2803 2800/3046/2800
f 2801/3049/2801 2805/3051/2805 2804/3052/2804
f 1285/3053/1285 1012/2054/1012 190/2052/190
f 1286/3054/1286 2797/3047/2797 1285/3053/1285
f 1286/3054/1286 2799/3055/2799 2798/3045/2798
f 1287/3056/1287 1038/2122/1038 2799/3055/2799
f 2799/3055/2799 1037/2136/1037 2802/3048/2802
f 2802/3048/2802 1036/2134/1036 2805/3051/2805
f 2805/3051/2805 202/2135/202 1288/3057/1288
f 2804/3052/2804 1288/3057/1288 1289/3058/1289
f 2804/3052/2804 1290/3059/1290 2803/3050/2803
f 2803/3050/2803 195/3060/195 1014/3061/1014
f 2800/3046/2800 1014/3061/1014 1013/3062/1013
f 2797/3047/2797 1013/3062/1013 1012/2054/1012
f 2806/3063/2806 2810/3064/2810 2809/3065/2809
f 2808/3066/2808 2810/3064/2810 2807/3067/2807
f 2809/3065/2809 2813/3068/2813 2812/3069/2812
f 2811/3070/2811 2813/3068/2813 2810/3064/2810
f 195/3060/195 2806/3063/2806 979/1997/979
f 1290/3059/1290 2807/3067/2807 2806/3063/2806
f 1288/3057/1288 2807/3067/2807 1289/3058/1289
f 202/2135/202 2808/3066/2808 1288/3057/1288
f 1032/3071/1032 2811/3070/2811 2808/3066/2808
f 1031/3072/1031 2814/3073/2814 2811/3070/2811
f 1030/2100/1030 1291/3074/1291 2814/3073/2814
f 2814/3073/2814 1292/3075/1292 2813/3068/2813
f 2812/3069/2812 1292/3075/1292 1293/3076/1293
f 981/3077/981 1293/3076/1293 187/3078/187
f 980/3079/980 2812/3069/2812 981/3077/981
f 979/1997/979 2809/3065/2809 980/3079/980
f 2816/3080/2816 2818/3081/2818 2815/3082/2815
f 2817/3083/2817 2819/3084/2819 2816/3080/2816
f 2819/3084/2819 2821/3085/2821 2818/3081/2818
f 2820/3086/2820 2822/3087/2822 2819/3084/2819
f 1294/3088/1294 535/3089/535 72/3090/72
f 1295/3091/1295 2815/3082/2815 1294/3088/1294
f 1296/3092/1296 2816/3080/2816 1295/3091/1295
f 2/35/2 2817/3083/2817 1296/3092/1296
f 237/34/237 2820/3086/2820 2817/3083/2817
f 236/48/236 2823/3093/2823 2820/3086/2820
f 235/47/235 1297/3094/1297 2823/3093/2823
f 2823/3093/2823 1298/3095/1298 2822/3087/2822
f 2822/3087/2822 1299/3096/1299 2821/3085/2821
f 2821/3085/2821 77/856/77 537/3097/537
f 2818/3081/2818 537/3097/537 536/3098/536
f 2815/3082/2815 536/3098/536 535/3089/535
f 2824/3099/2824 2828/3100/2828 2827/3101/2827
f 2825/3102/2825 2829/3103/2829 2828/3100/2828
f 2827/3101/2827 2831/3104/2831 2830/3105/2830
f 2828/3100/2828 2832/3106/2832 2831/3104/2831
f 77/856/77 2824/3099/2824 541/3107/541
f 1299/3108/1299 2825/3102/2825 2824/3099/2824
f 1298/3109/1298 2826/3110/2826 2825/3102/2825
f 1297/3111/1297 228/13/228 2826/3110/2826
f 2826/3110/2826 227/3112/227 2829/3103/2829
f 2829/3103/2829 226/3113/226 2832/3106/2832
f 2832/3106/2832 1/3114/1 1300/3115/1300
f 2831/3104/2831 1300/3115/1300 1301/3116/1301
f 2830/3105/2830 1301/3116/1301 1302/3117/1302
f 543/843/543 1302/3117/1302 73/3118/73
f 542/3119/542 2830/3105/2830 543/843/543
f 541/3107/541 2827/3101/2827 542/3119/542
f 2833/3120/2833 2837/3121/2837 2836/3122/2836
f 2835/3123/2835 2837/3121/2837 2834/3124/2834
f 2836/3122/2836 2840/3125/2840 2839/3126/2839
f 2838/3127/2838 2840/3125/2840 2837/3121/2837
f 208/3128/208 2833/3120/2833 1084/2238/1084
f 1303/3129/1303 2834/3124/2834 2833/3120/2833
f 1305/3130/1305 2834/3124/2834 1304/3131/1304
f 216/2310/216 2835/3123/2835 1305/3130/1305
f 1110/2309/1110 2838/3127/2838 2835/3123/2835
f 1109/2321/1109 2841/3132/2841 2838/3127/2838
f 1108/2320/1108 1306/3133/1306 2841/3132/2841
f 2841/3132/2841 1307/3134/1307 2840/3125/2840
f 2839/3126/2839 1307/3134/1307 1308/3135/1308
f 1086/3136/1086 1308/3135/1308 213/2180/213
f 1085/3137/1085 2839/3126/2839 1086/3136/1086
f 1084/2238/1084 2836/3122/2836 1085/3137/1085
f 2843/3138/2843 2845/3139/2845 2842/3140/2842
f 2843/3138/2843 2847/3141/2847 2846/3142/2846
f 2846/3142/2846 2848/3143/2848 2845/3139/2845
f 2846/3142/2846 2850/3144/2850 2849/3145/2849
f 1308/3135/1308 1051/3146/1051 213/2180/213
f 1307/3134/1307 2842/3140/2842 1308/3135/1308
f 1307/3134/1307 2844/3147/2844 2843/3138/2843
f 1306/3133/1306 1104/3148/1104 2844/3147/2844
f 2844/3147/2844 1103/3149/1103 2847/3141/2847
f 2847/3141/2847 1102/2284/1102 2850/3144/2850
f 2850/3144/2850 215/3150/215 1309/3151/1309
f 2849/3145/2849 1309/3151/1309 1310/3152/1310
f 2849/3145/2849 1311/3153/1311 2848/3143/2848
f 2848/3143/2848 205/3154/205 1053/3155/1053
f 2845/3139/2845 1053/3155/1053 1052/3156/1052
f 2842/3140/2842 1052/3156/1052 1051/3146/1051
f 2851/3157/2851 2855/3158/2855 2854/3159/2854
f 2852/3160/2852 2856/3161/2856 2855/3158/2855
f 2854/3159/2854 2858/3162/2858 2857/3163/2857
f 2855/3158/2855 2859/3164/2859 2858/3162/2858
f 216/3165/216 2851/3157/2851 1111/3166/1111
f 1312/3167/1312 2852/3160/2852 2851/3157/2851
f 1313/3168/1313 2853/3169/2853 2852/3160/2852
f 1314/3170/1314 426/3171/426 2853/3169/2853
f 2853/3169/2853 425/3172/425 2856/3161/2856
f 2856/3161/2856 424/3173/424 2859/3164/2859
f 2859/3164/2859 49/3174/49 1315/3175/1315
f 2858/3162/2858 1315/3175/1315 1316/3176/1316
f 2857/3163/2857 1316/3176/1316 1317/3177/1317
f 1113/2312/1113 1317/3177/1317 221/2313/221
f 1112/3178/1112 2857/3163/2857 1113/2312/1113
f 1111/3166/1111 2854/3159/2854 1112/3178/1112
f 2860/3179/2860 2864/3180/2864 2863/3181/2863
f 2861/3182/2861 2865/3183/2865 2864/3180/2864
f 2863/3181/2863 2867/3184/2867 2866/3185/2866
f 2864/3180/2864 2868/3186/2868 2867/3184/2867
f 221/3187/221 2860/3179/2860 1117/3188/1117
f 1317/3189/1317 2861/3182/2861 2860/3179/2860
f 1316/3190/1316 2862/3191/2862 2861/3182/2861
f 1315/3192/1315 420/517/420 2862/3191/2862
f 2862/3191/2862 419/3193/419 2865/3183/2865
f 2865/3183/2865 418/3194/418 2868/3186/2868
f 2868/3186/2868 44/3195/44 1318/3196/1318
f 2867/3184/2867 1318/3196/1318 1319/3197/1319
f 2866/3185/2866 1319/3197/1319 1320/3198/1320
f 1119/3199/1119 1320/3198/1320 217/3200/217
f 1118/3201/1118 2866/3185/2866 1119/3199/1119
f 1117/3188/1117 2863/3181/2863 1118/3201/1118
f 2870/3202/2870 2872/3203/2872 2869/3204/2869
f 2871/3205/2871 2873/3206/2873 2870/3202/2870
f 2873/3206/2873 2875/3207/2875 2872/3203/2872
f 2874/3208/2874 2876/3209/2876 2873/3206/2873
f 1321/3210/1321 1075/3211/1075 207/3212/207
f 1322/3213/1322 2869/3204/2869 1321/3210/1321
f 1323/3214/1323 2870/3202/2870 1322/3213/1322
f 55/656/55 2871/3205/2871 1323/3214/1323
f 471/655/471 2874/3208/2874 2871/3205/2871
f 470/669/470 2877/3215/2877 2874/3208/2874
f 469/668/469 1324/3216/1324 2877/3215/2877
f 2877/3215/2877 1325/3217/1325 2876/3209/2876
f 2876/3209/2876 1326/3218/1326 2875/3207/2875
f 2875/3207/2875 212/3219/212 1077/2219/1077
f 2872/3203/2872 1077/2219/1077 1076/3220/1076
f 2869/3204/2869 1076/3220/1076 1075/3211/1075
f 2879/3221/2879 2881/3222/2881 2878/3223/2878
f 2880/3224/2880 2882/3225/2882 2879/3221/2879
f 2882/3225/2882 2884/3226/2884 2881/3222/2881
f 2883/3227/2883 2885/3228/2885 2882/3225/2882
f 1326/3218/1326 1081/3229/1081 212/2249/212
f 1325/3230/1325 2878/3223/2878 1326/3218/1326
f 1324/3231/1324 2879/3221/2879 1325/3230/1325
f 59/667/59 2880/3224/2880 1324/3231/1324
f 465/3232/465 2883/3227/2883 2880/3224/2880
f 464/633/464 2886/3233/2886 2883/3227/2883
f 463/3234/463 1327/3235/1327 2886/3233/2886
f 2886/3233/2886 1328/3236/1328 2885/3228/2885
f 2885/3228/2885 1329/3237/1329 2884/3226/2884
f 2884/3226/2884 208/2240/208 1083/3238/1083
f 2881/3222/2881 1083/3238/1083 1082/2251/1082
f 2878/3223/2878 1082/2251/1082 1081/3229/1081
f 2888/3239/2888 2890/3240/2890 2887/3241/2887
f 2889/3242/2889 2891/3243/2891 2888/3239/2888
f 2891/3243/2891 2893/3244/2893 2890/3240/2890
f 2892/3245/2892 2894/3246/2894 2891/3243/2891
f 1330/3247/1330 1039/3248/1039 198/3249/198
f 1331/3250/1331 2887/3241/2887 1330/3247/1330
f 1332/3251/1332 2888/3239/2888 1331/3250/1331
f 215/2286/215 2889/3242/2889 1332/3251/1332
f 1101/2285/1101 2892/3245/2892 2889/3242/2889
f 1100/2299/1100 2895/3252/2895 2892/3245/2892
f 1099/2298/1099 1333/3253/1333 2895/3252/2895
f 2895/3252/2895 1334/3254/1334 2894/3246/2894
f 2894/3246/2894 1335/3255/1335 2893/3244/2893
f 2893/3244/2893 203/2156/203 1041/3256/1041
f 2890/3240/2890 1041/3256/1041 1040/3257/1040
f 2887/3241/2887 1040/3257/1040 1039/3248/1039
f 2897/3258/2897 2899/3259/2899 2896/3260/2896
f 2898/3261/2898 2900/3262/2900 2897/3258/2897
f 2900/3262/2900 2902/3263/2902 2899/3259/2899
f 2901/3264/2901 2903/3265/2903 2900/3262/2900
f 1335/3255/1335 1045/3266/1045 203/3267/203
f 1334/3268/1334 2896/3260/2896 1335/3255/1335
f 1333/3269/1333 2897/3258/2897 1334/3268/1334
f 218/3270/218 2898/3261/2898 1333/3269/1333
f 1092/3271/1092 2901/3264/2901 2898/3261/2898
f 1091/3272/1091 2904/3273/2904 2901/3264/2901
f 1090/3274/1090 1336/3275/1336 2904/3273/2904
f 2904/3273/2904 1337/3276/1337 2903/3265/2903
f 2903/3265/2903 1338/3277/1338 2902/3263/2902
f 2902/3263/2902 199/2147/199 1047/2146/1047
f 2899/3259/2899 1047/2146/1047 1046/3278/1046
f 2896/3260/2896 1046/3278/1046 1045/3266/1045
f 2905/3279/2905 2909/3280/2909 2908/3281/2908
f 2906/3282/2906 2910/3283/2910 2909/3280/2909
f 2908/3281/2908 2912/3284/2912 2911/3285/2911
f 2909/3280/2909 2913/3286/2913 2912/3284/2912
f 189/3287/189 2905/3279/2905 1003/3288/1003
f 1339/3289/1339 2906/3282/2906 2905/3279/2905
f 1340/3290/1340 2907/3291/2907 2906/3282/2906
f 1341/3292/1341 1065/2192/1065 2907/3291/2907
f 2907/3291/2907 1064/2205/1064 2910/3283/2910
f 2910/3283/2910 1063/2203/1063 2913/3286/2913
f 2913/3286/2913 209/2204/209 1342/3293/1342
f 2912/3284/2912 1342/3293/1342 1343/3294/1343
f 2911/3285/2911 1343/3294/1343 1344/3295/1344
f 1005/3296/1005 1344/3295/1344 194/2036/194
f 1004/3297/1004 2911/3285/2911 1005/3296/1005
f 1003/3288/1003 2908/3281/2908 1004/3297/1004
f 2914/3298/2914 2918/3299/2918 2917/3300/2917
f 2915/3301/2915 2919/3302/2919 2918/3299/2918
f 2917/3300/2917 2921/3303/2921 2920/3304/2920
f 2918/3299/2918 2922/3305/2922 2921/3303/2921
f 194/3306/194 2914/3298/2914 1009/3307/1009
f 1344/3295/1344 2915/3301/2915 2914/3298/2914
f 1343/3308/1343 2916/3309/2916 2915/3301/2915
f 1342/3310/1342 1056/3311/1056 2916/3309/2916
f 2916/3309/2916 1055/2170/1055 2919/3302/2919
f 2919/3302/2919 1054/3312/1054 2922/3305/2922
f 2922/3305/2922 205/3313/205 1345/3314/1345
f 2921/3303/2921 1345/3314/1345 1346/3315/1346
f 2920/3304/2920 1346/3315/1346 1347/3316/1347
f 1011/3317/1011 1347/3316/1347 190/2052/190
f 1010/3318/1010 2920/3304/2920 1011/3317/1011
f 1009/3307/1009 2917/3300/2917 1010/3318/1010
f 2923/3319/2923 2927/3320/2927 2926/3321/2926
f 2924/3322/2924 2928/3323/2928 2927/3320/2927
f 2926/3321/2926 2930/3324/2930 2929/3325/2929
f 2927/3320/2927 2931/3326/2931 2930/3324/2930
f 180/3327/180 2923/3319/2923 967/3328/967
f 1348/3329/1348 2924/3322/2924 2923/3319/2923
f 1349/3330/1349 2925/3331/2925 2924/3322/2924
f 1350/3332/1350 1029/2099/1029 2925/3331/2925
f 2925/3331/2925 1028/2112/1028 2928/3323/2928
f 2928/3323/2928 1027/2111/1027 2931/3326/2931
f 2931/3326/2931 200/2079/200 1351/3333/1351
f 2930/3324/2930 1351/3333/1351 1352/3334/1352
f 2929/3325/2929 1352/3334/1352 1353/3335/1353
f 969/1942/969 1353/3335/1353 185/1943/185
f 968/3336/968 2929/3325/2929 969/1942/969
f 967/3328/967 2926/3321/2926 968/3336/968
f 2932/3337/2932 2936/3338/2936 2935/3339/2935
f 2933/3340/2933 2937/3341/2937 2936/3338/2936
f 2935/3339/2935 2939/3342/2939 2938/3343/2938
f 2936/3338/2936 2940/3344/2940 2939/3342/2939
f 185/3345/185 2932/3337/2932 973/3346/973
f 1353/3347/1353 2933/3340/2933 2932/3337/2932
f 1352/3348/1352 2934/3349/2934 2933/3340/2933
f 1351/3350/1351 1020/3351/1020 2934/3349/2934
f 2934/3349/2934 1019/2077/1019 2937/3341/2937
f 2937/3341/2937 1018/3352/1018 2940/3344/2940
f 2940/3344/2940 196/2076/196 1354/3353/1354
f 2939/3342/2939 1354/3353/1354 1355/3354/1355
f 2938/3343/2938 1355/3354/1355 1356/3355/1356
f 975/3356/975 1356/3355/1356 181/3357/181
f 974/3358/974 2938/3343/2938 975/3356/975
f 973/3346/973 2935/3339/2935 974/3358/974
f 2942/3359/2942 2944/3360/2944 2941/3361/2941
f 2943/3362/2943 2945/3363/2945 2942/3359/2942
f 2945/3363/2945 2947/3364/2947 2944/3360/2944
f 2946/3365/2946 2948/3366/2948 2945/3363/2945
f 1357/3367/1357 931/3368/931 171/3369/171
f 1358/3370/1358 2941/3361/2941 1357/3367/1357
f 1359/3371/1359 2942/3359/2942 1358/3370/1358
f 188/2010/188 2943/3362/2943 1359/3371/1359
f 993/2009/993 2946/3365/2946 2943/3362/2943
f 992/2022/992 2949/3372/2949 2946/3365/2946
f 991/2021/991 1360/3373/1360 2949/3372/2949
f 2949/3372/2949 1361/3374/1361 2948/3366/2948
f 2948/3366/2948 1362/3375/1362 2947/3364/2947
f 2947/3364/2947 176/3376/176 933/3377/933
f 2944/3360/2944 933/3377/933 932/3378/932
f 2941/3361/2941 932/3378/932 931/3368/931
f 2951/3379/2951 2953/3380/2953 2950/3381/2950
f 2952/3382/2952 2954/3383/2954 2951/3379/2951
f 2954/3383/2954 2956/3384/2956 2953/3380/2953
f 2955/3385/2955 2957/3386/2957 2954/3383/2954
f 1362/3375/1362 937/1881/937 176/1880/176
f 1361/3387/1361 2950/3381/2950 1362/3375/1362
f 1360/3388/1360 2951/3379/2951 1361/3387/1361
f 191/3389/191 2952/3382/2952 1360/3388/1360
f 984/3390/984 2955/3385/2955 2952/3382/2952
f 983/3391/983 2958/3392/2958 2955/3385/2955
f 982/1986/982 1363/3393/1363 2958/3392/2958
f 2958/3392/2958 1364/3394/1364 2957/3386/2957
f 2957/3386/2957 1365/3395/1365 2956/3384/2956
f 2956/3384/2956 172/1870/172 939/3396/939
f 2953/3380/2953 939/3396/939 938/3397/938
f 2950/3381/2950 938/3397/938 937/1881/937
f 2960/3398/2960 2962/3399/2962 2959/3400/2959
f 2961/3401/2961 2963/3402/2963 2960/3398/2960
f 2963/3402/2963 2965/3403/2965 2962/3399/2962
f 2964/3404/2964 2966/3405/2966 2963/3402/2963
f 1366/3406/1366 895/3407/895 162/3408/162
f 1367/3409/1367 2959/3400/2959 1366/3406/1366
f 1368/3410/1368 2960/3398/2960 1367/3409/1367
f 179/1917/179 2961/3401/2961 1368/3410/1368
f 957/1916/957 2964/3404/2964 2961/3401/2961
f 956/1929/956 2967/3411/2967 2964/3404/2964
f 955/1928/955 1369/3412/1369 2967/3411/2967
f 2967/3411/2967 1370/3413/1370 2966/3405/2966
f 2966/3405/2966 1371/3414/1371 2965/3403/2965
f 2965/3403/2965 167/3415/167 897/3416/897
f 2962/3399/2962 897/3416/897 896/3417/896
f 2959/3400/2959 896/3417/896 895/3407/895
f 2969/3418/2969 2971/3419/2971 2968/3420/2968
f 2970/3421/2970 2972/3422/2972 2969/3418/2969
f 2972/3422/2972 2974/3423/2974 2971/3419/2971
f 2973/3424/2973 2975/3425/2975 2972/3422/2972
f 1371/3414/1371 901/3426/901 167/3427/167
f 1370/3428/1370 2968/3420/2968 1371/3414/1371
f 1369/3429/1369 2969/3418/2969 1370/3428/1370
f 182/3430/182 2970/3421/2970 1369/3429/1369
f 948/3431/948 2973/3424/2973 2970/3421/2970
f 947/3432/947 2976/3433/2976 2973/3424/2973
f 946/3434/946 1372/3435/1372 2976/3433/2976
f 2976/3433/2976 1373/3436/1373 2975/3425/2975
f 2975/3425/2975 1374/3437/1374 2974/3423/2974
f 2974/3423/2974 163/3438/163 903/1775/903
f 2971/3419/2971 903/1775/903 902/3439/902
f 2968/3420/2968 902/3439/902 901/3426/901
f 2977/3440/2977 2981/3441/2981 2980/3442/2980
f 2978/3443/2978 2982/3444/2982 2981/3441/2981
f 2980/3442/2980 2984/3445/2984 2983/3446/2983
f 2981/3441/2981 2985/3447/2985 2984/3445/2984
f 153/3448/153 2977/3440/2977 859/3449/859
f 1375/3450/1375 2978/3443/2978 2977/3440/2977
f 1376/3451/1376 2979/3452/2979 2978/3443/2978
f 1377/3453/1377 921/1822/921 2979/3452/2979
f 2979/3452/2979 920/1835/920 2982/3444/2982
f 2982/3444/2982 919/1833/919 2985/3447/2985
f 2985/3447/2985 173/1834/173 1378/3454/1378
f 2984/3445/2984 1378/3454/1378 1379/3455/1379
f 2983/3446/2983 1379/3455/1379 1380/3456/1380
f 861/3457/861 1380/3456/1380 158/3458/158
f 860/3459/860 2983/3446/2983 861/3457/861
f 859/3449/859 2980/3442/2980 860/3459/860
f 2986/3460/2986 2990/3461/2990 2989/3462/2989
f 2987/3463/2987 2991/3464/2991 2990/3461/2990
f 2989/3462/2989 2993/3465/2993 2992/3466/2992
f 2990/3461/2990 2994/3467/2994 2993/3465/2993
f 158/3458/158 2986/3460/2986 865/3468/865
f 1380/3469/1380 2987/3463/2987 2986/3460/2986
f 1379/3470/1379 2988/3471/2988 2987/3463/2987
f 1378/3472/1378 912/3473/912 2988/3471/2988
f 2988/3471/2988 911/1800/911 2991/3464/2991
f 2991/3464/2991 910/3474/910 2994/3467/2994
f 2994/3467/2994 169/3002/169 1381/3475/1381
f 2993/3465/2993 1381/3475/1381 1382/3476/1382
f 2992/3466/2992 1382/3476/1382 1383/3477/1383
f 867/3478/867 1383/3477/1383 154/1680/154
f 866/3479/866 2992/3466/2992 867/3478/867
f 865/3468/865 2989/3462/2989 866/3479/866
f 2995/3480/2995 2999/3481/2999 2998/3482/2998
f 2996/3483/2996 3000/3484/3000 2999/3481/2999
f 2998/3482/2998 3002/3485/3002 3001/3486/3001
f 2999/3481/2999 3003/3487/3003 3002/3485/3002
f 144/3488/144 2995/3480/2995 823/3489/823
f 1384/3490/1384 2996/3483/2996 2995/3480/2995
f 1385/3491/1385 2997/3492/2997 2996/3483/2996
f 1386/3493/1386 885/1728/885 2997/3492/2997
f 2997/3492/2997 884/1742/884 3000/3484/3000
f 3000/3484/3000 883/1740/883 3003/3487/3003
f 3003/3487/3003 164/1741/164 1387/3494/1387
f 3002/3485/3002 1387/3494/1387 1388/3495/1388
f 3001/3486/3001 1388/3495/1388 1389/3496/1389
f 825/3497/825 1389/3496/1389 149/3498/149
f 824/3499/824 3001/3486/3001 825/3497/825
f 823/3489/823 2998/3482/2998 824/3499/824
f 3004/3500/3004 3008/3501/3008 3007/3502/3007
f 3005/3503/3005 3009/3504/3009 3008/3501/3008
f 3007/3502/3007 3011/3505/3011 3010/3506/3010
f 3008/3501/3008 3012/3507/3012 3011/3505/3011
f 149/3508/149 3004/3500/3004 829/3509/829
f 1389/3510/1389 3005/3503/3005 3004/3500/3004
f 1388/3511/1388 3006/3512/3006 3005/3503/3005
f 1387/3513/1387 876/3514/876 3006/3512/3006
f 3006/3512/3006 875/1706/875 3009/3504/3009
f 3009/3504/3009 874/3515/874 3012/3507/3012
f 3012/3507/3012 160/3516/160 1390/3517/1390
f 3011/3505/3011 1390/3517/1390 1391/3518/1391
f 3010/3506/3010 1391/3518/1391 1392/3519/1392
f 831/3520/831 1392/3519/1392 145/2785/145
f 830/1602/830 3010/3506/3010 831/3520/831
f 829/3509/829 3007/3502/3007 830/1602/830
f 3014/3521/3014 3016/3522/3016 3013/3523/3013
f 3015/3524/3015 3017/3525/3017 3014/3521/3014
f 3017/3525/3017 3019/3526/3019 3016/3522/3016
f 3018/3527/3018 3020/3528/3020 3017/3525/3017
f 1393/3529/1393 787/3530/787 135/3531/135
f 1394/3532/1394 3013/3523/3013 1393/3529/1393
f 1395/3533/1395 3014/3521/3014 1394/3532/1394
f 152/1637/152 3015/3524/3015 1395/3533/1395
f 849/1636/849 3018/3527/3018 3015/3524/3015
f 848/1650/848 3021/3534/3021 3018/3527/3018
f 847/1649/847 1396/3535/1396 3021/3534/3021
f 3021/3534/3021 1397/3536/1397 3020/3528/3020
f 3020/3528/3020 1398/3537/1398 3019/3526/3019
f 3019/3526/3019 140/3538/140 789/3539/789
f 3016/3522/3016 789/3539/789 788/3540/788
f 3013/3523/3013 788/3540/788 787/3530/787
f 3023/3541/3023 3025/3542/3025 3022/3543/3022
f 3024/3544/3024 3026/3545/3026 3023/3541/3023
f 3026/3545/3026 3028/3546/3028 3025/3542/3025
f 3027/3547/3027 3029/3548/3029 3026/3545/3026
f 1398/3549/1398 793/3550/793 140/3551/140
f 1397/3552/1397 3022/3543/3022 1398/3549/1398
f 1396/3553/1396 3023/3541/3023 1397/3552/1397
f 155/3554/155 3024/3544/3024 1396/3553/1396
f 840/3555/840 3027/3547/3027 3024/3544/3024
f 839/1614/839 3030/3556/3030 3027/3547/3027
f 838/1613/838 1399/3557/1399 3030/3556/3030
f 3030/3556/3030 1400/3558/1400 3029/3548/3029
f 3029/3548/3029 1401/3559/1401 3028/3546/3028
f 3028/3546/3028 136/3560/136 795/1495/795
f 3025/3542/3025 795/1495/795 794/1507/794
f 3022/3543/3022 794/1507/794 793/3550/793
f 3032/3561/3032 3034/3562/3034 3031/3563/3031
f 3033/3564/3033 3035/3565/3035 3032/3561/3032
f 3035/3565/3035 3037/3566/3037 3034/3562/3034
f 3036/3567/3036 3038/3568/3038 3035/3565/3035
f 1402/3569/1402 742/1356/742 125/3570/125
f 1403/3571/1403 3031/3563/3031 1402/3569/1402
f 1404/3572/1404 3032/3561/3032 1403/3571/1403
f 143/1542/143 3033/3564/3033 1404/3572/1404
f 813/1541/813 3036/3567/3036 3033/3564/3033
f 812/1555/812 3039/3573/3039 3036/3567/3036
f 811/1554/811 1405/3574/1405 3039/3573/3039
f 3039/3573/3039 1406/3575/1406 3038/3568/3038
f 3038/3568/3038 1407/3576/1407 3037/3566/3037
f 3037/3566/3037 130/3577/130 744/3578/744
f 3034/3562/3034 744/3578/744 743/3579/743
f 3031/3563/3031 743/3579/743 742/1356/742
f 3041/3580/3041 3043/3581/3043 3040/3582/3040
f 3042/3583/3042 3044/3584/3044 3041/3580/3041
f 3044/3584/3044 3046/3585/3046 3043/3581/3043
f 3045/3586/3045 3047/3587/3047 3044/3584/3044
f 1407/3588/1407 748/3589/748 130/3590/130
f 1406/3591/1406 3040/3582/3040 1407/3588/1407
f 1405/3592/1405 3041/3580/3041 1406/3591/1406
f 146/3593/146 3042/3583/3042 1405/3592/1405
f 804/3594/804 3045/3586/3045 3042/3583/3042
f 803/3595/803 3048/3596/3048 3045/3586/3045
f 802/3597/802 1408/3598/1408 3048/3596/3048
f 3048/3596/3048 1409/3599/1409 3047/3587/3047
f 3047/3587/3047 1410/3600/1410 3046/3585/3046
f 3046/3585/3046 126/2858/126 750/3601/750
f 3043/3581/3043 750/3601/750 749/3602/749
f 3040/3582/3040 749/3602/749 748/3589/748
f 3049/3603/3049 3053/3604/3053 3052/3605/3052
f 3050/3606/3050 3054/3607/3054 3053/3604/3053
f 3052/3605/3052 3056/3608/3056 3055/3609/3055
f 3053/3604/3053 3057/3610/3057 3056/3608/3056
f 117/3611/117 3049/3603/3049 715/3612/715
f 1411/3613/1411 3050/3606/3050 3049/3603/3049
f 1412/3614/1412 3051/3615/3051 3050/3606/3050
f 1413/3616/1413 777/1448/777 3051/3615/3051
f 3051/3615/3051 776/1461/776 3054/3607/3054
f 3054/3607/3054 775/1459/775 3057/3610/3057
f 3057/3610/3057 137/1460/137 1414/3617/1414
f 3056/3608/3056 1414/3617/1414 1415/3618/1415
f 3055/3609/3055 1415/3618/1415 1416/3619/1416
f 717/3620/717 1416/3619/1416 122/3621/122
f 716/3622/716 3055/3609/3055 717/3620/717
f 715/3612/715 3052/3605/3052 716/3622/716
f 3058/3623/3058 3062/3624/3062 3061/3625/3061
f 3059/3626/3059 3063/3627/3063 3062/3624/3062
f 3061/3625/3061 3065/3628/3065 3064/3629/3064
f 3062/3624/3062 3066/3630/3066 3065/3628/3065
f 122/3631/122 3058/3623/3058 721/3632/721
f 1416/3619/1416 3059/3626/3059 3058/3623/3058
f 1415/3633/1415 3060/3634/3060 3059/3626/3059
f 1414/3635/1414 768/3636/768 3060/3634/3060
f 3060/3634/3060 767/3637/767 3063/3627/3063
f 3063/3627/3063 766/3638/766 3066/3630/3066
f 3066/3630/3066 133/1425/133 1417/3639/1417
f 3065/3628/3065 1417/3639/1417 1418/3640/1418
f 3064/3629/3064 1418/3640/1418 1419/3641/1419
f 723/1310/723 1419/3641/1419 118/1309/118
f 722/3642/722 3064/3629/3064 723/1310/723
f 721/3632/721 3061/3625/3061 722/3642/722
f 3067/3643/3067 3071/3644/3071 3070/3645/3070
f 3068/3646/3068 3072/3647/3072 3071/3644/3071
f 3070/3645/3070 3074/3648/3074 3073/3649/3073
f 3071/3644/3071 3075/3650/3075 3074/3648/3074
f 107/3651/107 3067/3643/3067 670/3652/670
f 1420/3653/1420 3068/3646/3068 3067/3643/3067
f 1421/3654/1421 3069/3655/3069 3068/3646/3068
f 1422/3656/1422 729/1331/729 3069/3655/3069
f 3069/3655/3069 728/1345/728 3072/3647/3072
f 3072/3647/3072 727/1343/727 3075/3650/3075
f 3075/3650/3075 132/1344/132 1423/3657/1423
f 3074/3648/3074 1423/3657/1423 1424/3658/1424
f 3073/3649/3073 1424/3658/1424 1425/3659/1425
f 672/3660/672 1425/3659/1425 112/3661/112
f 671/3662/671 3073/3649/3073 672/3660/672
f 670/3652/670 3070/3645/3070 671/3662/671
f 3076/3663/3076 3080/3664/3080 3079/3665/3079
f 3077/3666/3077 3081/3667/3081 3080/3664/3080
f 3079/3665/3079 3083/3668/3083 3082/3669/3082
f 3080/3664/3080 3084/3670/3084 3083/3668/3083
f 112/1206/112 3076/3663/3076 676/3671/676
f 1425/3672/1425 3077/3666/3077 3076/3663/3076
f 1424/3673/1424 3078/3674/3078 3077/3666/3077
f 1423/3675/1423 762/3676/762 3078/3674/3078
f 3078/3674/3078 761/1404/761 3081/3667/3081
f 3081/3667/3081 760/3677/760 3084/3670/3084
f 3084/3670/3084 127/3678/127 1426/3679/1426
f 3083/3668/3083 1426/3679/1426 1427/3680/1427
f 3082/3669/3082 1427/3680/1427 1428/3681/1428
f 678/3682/678 1428/3681/1428 108/2936/108
f 677/3683/677 3082/3669/3082 678/3682/678
f 676/3671/676 3079/3665/3079 677/3683/677
f 3086/3684/3086 3088/3685/3088 3085/3686/3085
f 3087/3687/3087 3089/3688/3089 3086/3684/3086
f 3089/3688/3089 3091/3689/3091 3088/3685/3088
f 3090/3690/3090 3092/3691/3092 3089/3688/3089
f 1429/3692/1429 643/3693/643 99/3694/99
f 1430/3695/1430 3085/3686/3085 1429/3692/1429
f 1431/3696/1431 3086/3684/3086 1430/3695/1430
f 116/1265/116 3087/3687/3087 1431/3696/1431
f 705/1264/705 3090/3690/3090 3087/3687/3087
f 704/1277/704 3093/3697/3093 3090/3690/3090
f 703/1276/703 1432/3698/1432 3093/3697/3093
f 3093/3697/3093 1433/3699/1433 3092/3691/3092
f 3092/3691/3092 1434/3700/1434 3091/3689/3091
f 3091/3689/3091 104/3701/104 645/1103/645
f 3088/3685/3088 645/1103/645 644/1101/644
f 3085/3686/3085 644/1101/644 643/3693/643
f 3095/3702/3095 3097/3703/3097 3094/3704/3094
f 3096/3705/3096 3098/3706/3098 3095/3702/3095
f 3098/3706/3098 3100/3707/3100 3097/3703/3097
f 3099/3708/3099 3101/3709/3101 3098/3706/3098
f 1434/3700/1434 649/1135/649 104/3710/104
f 1433/3711/1433 3094/3704/3094 1434/3700/1434
f 1432/3712/1432 3095/3702/3095 1433/3711/1433
f 119/3713/119 3096/3705/3096 1432/3712/1432
f 696/3714/696 3099/3708/3099 3096/3705/3096
f 695/3715/695 3102/3716/3102 3099/3708/3099
f 694/3717/694 1435/3718/1435 3102/3716/3102
f 3102/3716/3102 1436/3719/1436 3101/3709/3101
f 3101/3709/3101 1437/3720/1437 3100/3707/3100
f 3100/3707/3100 100/3721/100 651/3722/651
f 3097/3703/3097 651/3722/651 650/3723/650
f 3094/3704/3094 650/3723/650 649/1135/649
f 3104/3724/3104 3106/3725/3106 3103/3726/3103
f 3105/3727/3105 3107/3728/3107 3104/3724/3104
f 3107/3728/3107 3109/3729/3109 3106/3725/3106
f 3108/3730/3108 3110/3731/3110 3107/3728/3107
f 1438/3732/1438 598/985/598 89/3733/89
f 1439/3734/1439 3103/3726/3103 1438/3732/1438
f 1440/3735/1440 3104/3724/3104 1439/3734/1439
f 106/1147/106 3105/3727/3105 1440/3735/1440
f 657/1146/657 3108/3730/3108 3105/3727/3105
f 656/1160/656 3111/3736/3111 3108/3730/3108
f 655/1159/655 1441/3737/1441 3111/3736/3111
f 3111/3736/3111 1442/3738/1442 3110/3731/3110
f 3110/3731/3110 1443/3739/1443 3109/3729/3109
f 3109/3729/3109 94/3740/94 600/3741/600
f 3106/3725/3106 600/3741/600 599/986/599
f 3103/3726/3103 599/986/599 598/985/598
f 3113/3742/3113 3115/3743/3115 3112/3744/3112
f 3114/3745/3114 3116/3746/3116 3113/3742/3113
f 3116/3746/3116 3118/3747/3118 3115/3743/3115
f 3117/3748/3117 3119/3749/3119 3116/3746/3116
f 1443/3750/1443 604/3751/604 94/3752/94
f 1442/3753/1442 3112/3744/3112 1443/3750/1443
f 1441/3754/1441 3113/3742/3113 1442/3753/1442
f 114/3755/114 3114/3745/3114 1441/3754/1441
f 690/3756/690 3117/3748/3117 3114/3745/3114
f 689/1219/689 3120/3757/3120 3117/3748/3117
f 688/3758/688 1444/3759/1444 3120/3757/3120
f 3120/3757/3120 1445/3760/1445 3119/3749/3119
f 3119/3749/3119 1446/3761/1446 3118/3747/3118
f 3118/3747/3118 90/3762/90 606/3763/606
f 3115/3743/3115 606/3763/606 605/3764/605
f 3112/3744/3112 605/3764/605 604/3751/604
f 3121/3765/3121 3125/3766/3125 3124/3767/3124
f 3122/3768/3122 3126/3769/3126 3125/3766/3125
f 3124/3767/3124 3128/3770/3128 3127/3771/3127
f 3125/3766/3125 3129/3772/3129 3128/3770/3128
f 81/3773/81 3121/3765/3121 571/3774/571
f 1447/3775/1447 3122/3768/3122 3121/3765/3121
f 1448/3776/1448 3123/3777/3123 3122/3768/3122
f 1449/3778/1449 633/1076/633 3123/3777/3123
f 3123/3777/3123 632/1089/632 3126/3769/3126
f 3126/3769/3126 631/1087/631 3129/3772/3129
f 3129/3772/3129 101/1088/101 1450/3779/1450
f 3128/3770/3128 1450/3779/1450 1451/3780/1451
f 3127/3771/3127 1451/3780/1451 1452/3781/1452
f 573/3782/573 1452/3781/1452 86/3783/86
f 572/3784/572 3127/3771/3127 573/3782/573
f 571/3774/571 3124/3767/3124 572/3784/572
f 3130/3785/3130 3134/3786/3134 3133/3787/3133
f 3131/3788/3131 3135/3789/3135 3134/3786/3134
f 3133/3787/3133 3137/3790/3137 3136/3791/3136
f 3134/3786/3134 3138/3792/3138 3137/3790/3137
f 86/949/86 3130/3785/3130 577/3793/577
f 1452/3781/1452 3131/3788/3131 3130/3785/3130
f 1451/3794/1451 3132/3795/3132 3131/3788/3131
f 1450/3796/1450 624/1055/624 3132/3795/3132
f 3132/3795/3132 623/3797/623 3135/3789/3135
f 3135/3789/3135 622/3798/622 3138/3792/3138
f 3138/3792/3138 97/1053/97 1453/3799/1453
f 3137/3790/3137 1453/3799/1453 1454/3800/1454
f 3136/3791/3136 1454/3800/1454 1455/3801/1455
f 579/3802/579 1455/3801/1455 82/3803/82
f 578/3804/578 3136/3791/3136 579/3802/579
f 577/3793/577 3133/3787/3133 578/3804/578
f 3139/3805/3139 3143/3806/3143 3142/3807/3142
f 3140/3808/3140 3144/3809/3144 3143/3806/3143
f 3142/3807/3142 3146/3810/3146 3145/3811/3145
f 3143/3806/3143 3147/3812/3147 3146/3810/3146
f 71/3813/71 3139/3805/3139 526/3814/526
f 1456/3815/1456 3140/3808/3140 3139/3805/3139
f 1457/3816/1457 3141/3817/3141 3140/3808/3140
f 1458/3818/1458 585/960/585 3141/3817/3141
f 3141/3817/3141 584/974/584 3144/3809/3144
f 3144/3809/3144 583/972/583 3147/3812/3147
f 3147/3812/3147 96/973/96 1459/3819/1459
f 3146/3810/3146 1459/3819/1459 1460/3820/1460
f 3145/3811/3145 1460/3820/1460 1461/3821/1461
f 528/3822/528 1461/3821/1461 76/799/76
f 527/3823/527 3145/3811/3145 528/3822/528
f 526/3814/526 3142/3807/3142 527/3823/527
f 3148/3824/3148 3152/3825/3152 3151/3826/3151
f 3149/3827/3149 3153/3828/3153 3152/3825/3152
f 3151/3826/3151 3155/3829/3155 3154/3830/3154
f 3152/3825/3152 3156/3831/3156 3155/3829/3155
f 76/832/76 3148/3824/3148 532/3832/532
f 1461/3833/1461 3149/3827/3149 3148/3824/3148
f 1460/3834/1460 3150/3835/3150 3149/3827/3149
f 1459/3836/1459 618/3837/618 3150/3835/3150
f 3150/3835/3150 617/3838/617 3153/3828/3153
f 3153/3828/3153 616/3839/616 3156/3831/3156
f 3156/3831/3156 91/3840/91 1462/3841/1462
f 3155/3829/3155 1462/3841/1462 1463/3842/1463
f 3154/3830/3154 1463/3842/1463 1464/3843/1464
f 534/3844/534 1464/3843/1464 72/3090/72
f 533/3845/533 3154/3830/3154 534/3844/534
f 532/3832/532 3151/3826/3151 533/3845/533
f 3158/3846/3158 3160/3847/3160 3157/3848/3157
f 3159/3849/3159 3161/3850/3161 3158/3846/3158
f 3161/3850/3161 3163/3851/3163 3160/3847/3160
f 3162/3852/3162 3164/3853/3164 3161/3850/3161
f 1465/3854/1465 499/3855/499 63/3856/63
f 1466/3857/1466 3157/3848/3157 1465/3854/1465
f 1467/3858/1467 3158/3846/3158 1466/3857/1466
f 80/892/80 3159/3849/3159 1467/3858/1467
f 561/891/561 3162/3852/3162 3159/3849/3159
f 560/905/560 3165/3859/3165 3162/3852/3162
f 559/904/559 1468/3860/1468 3165/3859/3165
f 3165/3859/3165 1469/3861/1469 3164/3853/3164
f 3164/3853/3164 1470/3862/1470 3163/3851/3163
f 3163/3851/3163 68/3863/68 501/731/501
f 3160/3847/3160 501/731/501 500/3864/500
f 3157/3848/3157 500/3864/500 499/3855/499
f 3167/3865/3167 3169/3866/3169 3166/3867/3166
f 3168/3868/3168 3170/3869/3170 3167/3865/3167
f 3170/3869/3170 3172/3870/3172 3169/3866/3169
f 3171/3871/3171 3173/3872/3173 3170/3869/3170
f 1470/3873/1470 505/760/505 68/3874/68
f 1469/3875/1469 3166/3867/3166 1470/3873/1470
f 1468/3860/1468 3167/3865/3167 1469/3875/1469
f 83/3876/83 3168/3868/3168 1468/3860/1468
f 552/3877/552 3171/3871/3171 3168/3868/3168
f 551/869/551 3174/3878/3174 3171/3871/3171
f 550/868/550 1471/3879/1471 3174/3878/3174
f 3174/3878/3174 1472/3880/1472 3173/3872/3173
f 3173/3872/3173 1473/3881/1473 3172/3870/3172
f 3172/3870/3172 64/3882/64 507/3883/507
f 3169/3866/3169 507/3883/507 506/3884/506
f 3166/3867/3166 506/3884/506 505/760/505
f 3176/3885/3176 3178/3886/3178 3175/3887/3175
f 3177/3888/3177 3179/3889/3179 3176/3885/3176
f 3179/3889/3179 3181/3890/3181 3178/3886/3178
f 3180/3891/3180 3182/3892/3182 3179/3889/3179
f 1474/3893/1474 436/562/436 46/3894/46
f 1475/3895/1475 3175/3887/3175 1474/3893/1474
f 1476/3896/1476 3176/3885/3176 1475/3895/1475
f 70/772/70 3177/3888/3177 1476/3896/1476
f 513/771/513 3180/3891/3180 3177/3888/3177
f 512/785/512 3183/3897/3183 3180/3891/3180
f 511/784/511 1477/3898/1477 3183/3897/3183
f 3183/3897/3183 1478/3899/1478 3182/3892/3182
f 3182/3892/3182 1479/3900/1479 3181/3890/3181
f 3181/3890/3181 51/502/51 438/3901/438
f 3178/3886/3178 438/3901/438 437/3902/437
f 3175/3887/3175 437/3902/437 436/562/436
f 3185/3903/3185 3187/3904/3187 3184/3905/3184
f 3186/3906/3186 3188/3907/3188 3185/3903/3185
f 3188/3907/3188 3190/3908/3190 3187/3904/3187
f 3189/3909/3189 3191/3910/3191 3188/3907/3188
f 1479/3911/1479 403/503/403 51/502/51
f 1478/3912/1478 3184/3905/3184 1479/3911/1479
f 1477/3898/1477 3185/3903/3185 1478/3912/1478
f 78/3913/78 3186/3906/3186 1477/3898/1477
f 546/3914/546 3189/3909/3189 3186/3906/3186
f 545/845/545 3192/3915/3192 3189/3909/3189
f 544/3916/544 1480/3917/1480 3192/3915/3192
f 3192/3915/3192 1481/3918/1481 3191/3910/3191
f 3191/3910/3191 1482/3919/1482 3190/3908/3190
f 3190/3908/3190 43/491/43 405/490/405
f 3187/3904/3187 405/490/405 404/504/404
f 3184/3905/3184 404/504/404 403/503/403
f 3193/3920/3193 3197/3921/3197 3196/3922/3196
f 3194/3923/3194 3198/3924/3198 3197/3921/3197
f 3196/3922/3196 3200/3925/3200 3199/3926/3199
f 3197/3921/3197 3201/3927/3201 3200/3925/3200
f 52/2383/52 3193/3920/3193 442/3928/442
f 1483/3929/1483 3194/3923/3194 3193/3920/3193
f 1484/3930/1484 3195/3931/3195 3194/3923/3194
f 1485/3932/1485 489/703/489 3195/3931/3195
f 3195/3931/3195 488/717/488 3198/3924/3198
f 3198/3924/3198 487/715/487 3201/3927/3201
f 3201/3927/3201 65/716/65 1486/3933/1486
f 3200/3925/3200 1486/3933/1486 1487/3934/1487
f 3199/3926/3199 1487/3934/1487 1488/3935/1488
f 444/586/444 1488/3935/1488 56/3936/56
f 443/3937/443 3199/3926/3199 444/586/444
f 442/3928/442 3196/3922/3196 443/3937/443
f 3202/3938/3202 3206/3939/3206 3205/3940/3205
f 3203/3941/3203 3207/3942/3207 3206/3939/3206
f 3205/3940/3205 3209/3943/3209 3208/3944/3208
f 3206/3939/3206 3210/3945/3210 3209/3943/3209
f 56/3936/56 3202/3938/3202 451/3946/451
f 1488/3935/1488 3203/3941/3203 3202/3938/3202
f 1487/3947/1487 3204/3948/3204 3203/3941/3203
f 1486/3949/1486 480/682/480 3204/3948/3204
f 3204/3948/3204 479/681/479 3207/3942/3207
f 3207/3942/3207 478/3950/478 3210/3945/3210
f 3210/3945/3210 61/3951/61 1489/3952/1489
f 3209/3943/3209 1489/3952/1489 1490/3953/1490
f 3208/3944/3208 1490/3953/1490 1491/3954/1491
f 453/3955/453 1491/3954/1491 53/3956/53
f 452/3957/452 3208/3944/3208 453/3955/453
f 451/3946/451 3205/3940/3205 452/3957/452
f 3211/3958/3211 3215/3959/3215 3214/3960/3214
f 3212/3961/3212 3216/3962/3216 3215/3959/3215
f 3214/3960/3214 3218/3963/3218 3217/3964/3217
f 3215/3959/3215 3219/3965/3219 3218/3963/3218
f 30/3966/30 3211/3958/3211 391/3967/391
f 1492/3968/1492 3212/3961/3212 3211/3958/3211
f 1493/3969/1493 3213/3970/3213 3212/3961/3212
f 1494/3971/1494 498/727/498 3213/3970/3213
f 3213/3970/3213 497/739/497 3216/3962/3216
f 3216/3962/3216 496/737/496 3219/3965/3219
f 3219/3965/3219 67/738/67 1495/3972/1495
f 3218/3963/3218 1495/3972/1495 1496/3973/1496
f 3217/3964/3217 1496/3973/1496 1497/3974/1497
f 393/3975/393 1497/3974/1497 41/446/41
f 392/3976/392 3217/3964/3217 393/3975/393
f 391/3967/391 3214/3960/3214 392/3976/392
f 3221/3977/3221 3223/3978/3223 3220/3979/3220
f 3222/3980/3222 3224/3981/3224 3221/3977/3221
f 3224/3981/3224 3226/3982/3226 3223/3978/3223
f 3225/3983/3225 3227/3984/3227 3224/3981/3224
f 1497/3985/1497 397/3986/397 41/478/41
f 1496/3987/1496 3220/3979/3220 1497/3985/1497
f 1495/3988/1495 3221/3977/3221 1496/3987/1496
f 67/738/67 3222/3980/3222 1495/3988/1495
f 492/3989/492 3225/3983/3225 3222/3980/3222
f 491/3990/491 3228/3991/3228 3225/3983/3225
f 490/3992/490 1498/3993/1498 3228/3991/3228
f 3228/3991/3228 1499/3994/1499 3227/3984/3227
f 3227/3984/3227 1500/3995/1500 3226/3982/3226
f 3226/3982/3226 31/3996/31 399/3997/399
f 3223/3978/3223 399/3997/399 398/3998/398
f 3220/3979/3220 398/3998/398 397/3986/397
f 3229/3999/3229 3233/4000/3233 3232/4001/3232
f 3231/4002/3231 3233/4000/3233 3230/4003/3230
f 3232/4001/3232 3236/4004/3236 3235/4005/3235
f 3234/4006/3234 3236/4004/3236 3233/4000/3233
f 29/4007/29 3229/3999/3229 382/417/382
f 1501/4008/1501 3230/4003/3230 3229/3999/3229
f 1503/4009/1503 3230/4003/3230 1502/4010/1502
f 81/916/81 3231/4002/3231 1503/4009/1503
f 570/915/570 3234/4006/3234 3231/4002/3231
f 569/926/569 3237/4011/3237 3234/4006/3234
f 568/925/568 1504/4012/1504 3237/4011/3237
f 3237/4011/3237 1505/4013/1505 3236/4004/3236
f 3235/4005/3235 1505/4013/1505 1506/4014/1506
f 384/4015/384 1506/4014/1506 40/422/40
f 383/4016/383 3235/4005/3235 384/4015/384
f 382/417/382 3232/4001/3232 383/4016/383
f 3239/4017/3239 3241/4018/3241 3238/4019/3238
f 3239/4017/3239 3243/4020/3243 3242/4021/3242
f 3242/4021/3242 3244/4022/3244 3241/4018/3241
f 3242/4021/3242 3246/4023/3246 3245/4024/3245
f 1506/4025/1506 388/4026/388 40/454/40
f 1505/4027/1505 3238/4019/3238 1506/4025/1506
f 1505/4027/1505 3240/4028/3240 3239/4017/3239
f 1504/4029/1504 564/894/564 3240/4028/3240
f 3240/4028/3240 563/4030/563 3243/4020/3243
f 3243/4020/3243 562/4031/562 3246/4023/3246
f 3246/4023/3246 80/4032/80 1507/4033/1507
f 3245/4024/3245 1507/4033/1507 1508/4034/1508
f 3245/4024/3245 1509/4035/1509 3244/4022/3244
f 3244/4022/3244 30/4036/30 390/4037/390
f 3241/4018/3241 390/4037/390 389/4038/389
f 3238/4019/3238 389/4038/389 388/4026/388
f 3247/4039/3247 3251/4040/3251 3250/4041/3250
f 3248/4042/3248 3252/4043/3252 3251/4040/3251
f 3250/4041/3250 3254/4044/3254 3253/4045/3253
f 3251/4040/3251 3255/4046/3255 3254/4044/3254
f 28/4047/28 3247/4039/3247 373/4048/373
f 1510/4049/1510 3248/4042/3248 3247/4039/3247
f 1511/4050/1511 3249/4051/3249 3248/4042/3248
f 1512/4052/1512 642/1099/642 3249/4051/3249
f 3249/4051/3249 641/1113/641 3252/4043/3252
f 3252/4043/3252 640/1111/640 3255/4046/3255
f 3255/4046/3255 103/1112/103 1513/4053/1513
f 3254/4044/3254 1513/4053/1513 1514/4054/1514
f 3253/4045/3253 1514/4054/1514 1515/4055/1515
f 375/4056/375 1515/4055/1515 39/398/39
f 374/396/374 3253/4045/3253 375/4056/375
f 373/4048/373 3250/4041/3250 374/396/374
f 3257/4057/3257 3259/4058/3259 3256/4059/3256
f 3258/4060/3258 3260/4061/3260 3257/4057/3257
f 3260/4061/3260 3262/4062/3262 3259/4058/3259
f 3261/4063/3261 3263/4064/3263 3260/4061/3260
f 1515/4065/1515 379/4066/379 39/430/39
f 1514/4067/1514 3256/4059/3256 1515/4065/1515
f 1513/4068/1513 3257/4057/3257 1514/4067/1514
f 103/1112/103 3258/4060/3258 1513/4068/1513
f 636/4069/636 3261/4063/3261 3258/4060/3258
f 635/4070/635 3264/4071/3264 3261/4063/3261
f 634/1077/634 1516/4072/1516 3264/4071/3264
f 3264/4071/3264 1517/4073/1517 3263/4064/3263
f 3263/4064/3263 1518/4074/1518 3262/4062/3262
f 3262/4062/3262 29/419/29 381/4075/381
f 3259/4058/3259 381/4075/381 380/4076/380
f 3256/4059/3256 380/4076/380 379/4066/379
f 3265/4077/3265 3269/4078/3269 3268/4079/3268
f 3267/4080/3267 3269/4078/3269 3266/4081/3266
f 3268/4079/3268 3272/4082/3272 3271/4083/3271
f 3270/4084/3270 3272/4082/3272 3269/4078/3269
f 27/4085/27 3265/4077/3265 364/4086/364
f 1519/4087/1519 3266/4081/3266 3265/4077/3265
f 1521/4088/1521 3266/4081/3266 1520/4089/1520
f 117/1288/117 3267/4080/3267 1521/4088/1521
f 714/1287/714 3270/4084/3270 3267/4080/3267
f 713/1300/713 3273/4090/3273 3270/4084/3270
f 712/1299/712 1522/4091/1522 3273/4090/3273
f 3273/4090/3273 1523/4092/1523 3272/4082/3272
f 3271/4083/3271 1523/4092/1523 1524/4093/1524
f 366/4094/366 1524/4093/1524 38/374/38
f 365/4095/365 3271/4083/3271 366/4094/366
f 364/4086/364 3268/4079/3268 365/4095/365
f 3275/4096/3275 3277/4097/3277 3274/4098/3274
f 3275/4096/3275 3279/4099/3279 3278/4100/3278
f 3278/4100/3278 3280/4101/3280 3277/4097/3277
f 3278/4100/3278 3282/4102/3282 3281/4103/3281
f 1524/4104/1524 370/4105/370 38/406/38
f 1523/4106/1523 3274/4098/3274 1524/4104/1524
f 1523/4106/1523 3276/4107/3276 3275/4096/3275
f 1522/4108/1522 708/4109/708 3276/4107/3276
f 3276/4107/3276 707/4110/707 3279/4099/3279
f 3279/4099/3279 706/4111/706 3282/4102/3282
f 3282/4102/3282 116/4112/116 1525/4113/1525
f 3281/4103/3281 1525/4113/1525 1526/4114/1526
f 3281/4103/3281 1527/4115/1527 3280/4101/3280
f 3280/4101/3280 28/4047/28 372/4116/372
f 3277/4097/3277 372/4116/372 371/4117/371
f 3274/4098/3274 371/4117/371 370/4105/370
f 3283/4118/3283 3287/4119/3287 3286/4120/3286
f 3284/4121/3284 3288/4122/3288 3287/4119/3287
f 3286/4120/3286 3290/4123/3290 3289/4124/3289
f 3287/4119/3287 3291/4125/3291 3290/4123/3290
f 26/4126/26 3283/4118/3283 355/4127/355
f 1528/4128/1528 3284/4121/3284 3283/4118/3283
f 1529/4129/1529 3285/4130/3285 3284/4121/3284
f 1530/4131/1530 786/1471/786 3285/4130/3285
f 3285/4130/3285 785/1485/785 3288/4122/3288
f 3288/4122/3288 784/1483/784 3291/4125/3291
f 3291/4125/3291 139/1484/139 1531/4132/1531
f 3290/4123/3290 1531/4132/1531 1532/4133/1532
f 3289/4124/3289 1532/4133/1532 1533/4134/1533
f 357/4135/357 1533/4134/1533 37/350/37
f 356/4136/356 3289/4124/3289 357/4135/357
f 355/4127/355 3286/4120/3286 356/4136/356
f 3293/4137/3293 3295/4138/3295 3292/4139/3292
f 3294/4140/3294 3296/4141/3296 3293/4137/3293
f 3296/4141/3296 3298/4142/3298 3295/4138/3295
f 3297/4143/3297 3299/4144/3299 3296/4141/3296
f 1533/4145/1533 361/4146/361 37/382/37
f 1532/4147/1532 3292/4139/3292 1533/4145/1533
f 1531/4148/1531 3293/4137/3293 1532/4147/1532
f 139/1484/139 3294/4140/3294 1531/4148/1531
f 780/1452/780 3297/4143/3297 3294/4140/3294
f 779/4149/779 3300/4150/3300 3297/4143/3297
f 778/1449/778 1534/4151/1534 3300/4150/3300
f 3300/4150/3300 1535/4152/1535 3299/4144/3299
f 3299/4144/3299 1536/4153/1536 3298/4142/3298
f 3298/4142/3298 27/371/27 363/4154/363
f 3295/4138/3295 363/4154/363 362/4155/362
f 3292/4139/3292 362/4155/362 361/4146/361
f 3301/4156/3301 3305/4157/3305 3304/4158/3304
f 3303/4159/3303 3305/4157/3305 3302/4160/3302
f 3304/4158/3304 3308/4161/3308 3307/4162/3307
f 3306/4163/3306 3308/4161/3308 3305/4157/3305
f 25/4164/25 3301/4156/3301 346/4165/346
f 1537/4166/1537 3302/4160/3302 3301/4156/3301
f 1539/4167/1539 3302/4160/3302 1538/4168/1538
f 153/1661/153 3303/4159/3303 1539/4167/1539
f 858/1660/858 3306/4163/3306 3303/4159/3303
f 857/1671/857 3309/4169/3309 3306/4163/3306
f 856/1670/856 1540/4170/1540 3309/4169/3309
f 3309/4169/3309 1541/4171/1541 3308/4161/3308
f 3307/4162/3307 1541/4171/1541 1542/4172/1542
f 348/4173/348 1542/4172/1542 36/326/36
f 347/4174/347 3307/4162/3307 348/4173/348
f 346/4165/346 3304/4158/3304 347/4174/347
f 3311/4175/3311 3313/4176/3313 3310/4177/3310
f 3311/4175/3311 3315/4178/3315 3314/4179/3314
f 3314/4179/3314 3316/4180/3316 3313/4176/3313
f 3314/4179/3314 3318/4181/3318 3317/4182/3317
f 1542/4183/1542 352/4184/352 36/358/36
f 1541/4185/1541 3310/4177/3310 1542/4183/1542
f 1541/4185/1541 3312/4186/3312 3311/4175/3311
f 1540/4187/1540 852/4188/852 3312/4186/3312
f 3312/4186/3312 851/4189/851 3315/4178/3315
f 3315/4178/3315 850/4190/850 3318/4181/3318
f 3318/4181/3318 152/4191/152 1543/4192/1543
f 3317/4182/3317 1543/4192/1543 1544/4193/1544
f 3317/4182/3317 1545/4194/1545 3316/4180/3316
f 3316/4180/3316 26/4195/26 354/4196/354
f 3313/4176/3313 354/4196/354 353/4197/353
f 3310/4177/3310 353/4197/353 352/4184/352
f 3319/4198/3319 3323/4199/3323 3322/4200/3322
f 3320/4201/3320 3324/4202/3324 3323/4199/3323
f 3322/4200/3322 3326/4203/3326 3325/4204/3325
f 3323/4199/3323 3327/4205/3327 3326/4203/3326
f 24/4206/24 3319/4198/3319 337/4207/337
f 1546/4208/1546 3320/4201/3320 3319/4198/3319
f 1547/4209/1547 3321/4210/3321 3320/4201/3320
f 1548/4211/1548 930/1845/930 3321/4210/3321
f 3321/4210/3321 929/1859/929 3324/4202/3324
f 3324/4202/3324 928/1857/928 3327/4205/3327
f 3327/4205/3327 175/1858/175 1549/4212/1549
f 3326/4203/3326 1549/4212/1549 1550/4213/1550
f 3325/4204/3325 1550/4213/1550 1551/4214/1551
f 339/301/339 1551/4214/1551 35/302/35
f 338/4215/338 3325/4204/3325 339/301/339
f 337/4207/337 3322/4200/3322 338/4215/338
f 3329/4216/3329 3331/4217/3331 3328/4218/3328
f 3330/4219/3330 3332/4220/3332 3329/4216/3329
f 3332/4220/3332 3334/4221/3334 3331/4217/3331
f 3333/4222/3333 3335/4223/3335 3332/4220/3332
f 1551/4224/1551 343/4225/343 35/334/35
f 1550/4226/1550 3328/4218/3328 1551/4224/1551
f 1549/4227/1549 3329/4216/3329 1550/4226/1550
f 175/1858/175 3330/4219/3330 1549/4227/1549
f 924/4228/924 3333/4222/3333 3330/4219/3330
f 923/1824/923 3336/4229/3336 3333/4222/3333
f 922/1823/922 1552/4230/1552 3336/4229/3336
f 3336/4229/3336 1553/4231/1553 3335/4223/3335
f 3335/4223/3335 1554/4232/1554 3334/4221/3334
f 3334/4221/3334 25/4233/25 345/4234/345
f 3331/4217/3331 345/4234/345 344/4235/344
f 3328/4218/3328 344/4235/344 343/4225/343
f 3337/4236/3337 3341/4237/3341 3340/4238/3340
f 3339/4239/3339 3341/4237/3341 3338/4240/3338
f 3340/4238/3340 3344/4241/3344 3343/4242/3343
f 3342/4243/3342 3344/4241/3344 3341/4237/3341
f 23/4244/23 3337/4236/3337 328/4245/328
f 1555/4246/1555 3338/4240/3338 3337/4236/3337
f 1557/4247/1557 3338/4240/3338 1556/4248/1556
f 189/2033/189 3339/4239/3339 1557/4247/1557
f 1002/2032/1002 3342/4243/3342 3339/4239/3339
f 1001/2043/1001 3345/4249/3345 3342/4243/3342
f 1000/2042/1000 1558/4250/1558 3345/4249/3345
f 3345/4249/3345 1559/4251/1559 3344/4241/3344
f 3343/4242/3343 1559/4251/1559 1560/4252/1560
f 330/4253/330 1560/4252/1560 34/278/34
f 329/4254/329 3343/4242/3343 330/4253/330
f 328/4245/328 3340/4238/3340 329/4254/329
f 3347/4255/3347 3349/4256/3349 3346/4257/3346
f 3347/4255/3347 3351/4258/3351 3350/4259/3350
f 3350/4259/3350 3352/4260/3352 3349/4256/3349
f 3350/4259/3350 3354/4261/3354 3353/4262/3353
f 1560/4263/1560 334/311/334 34/310/34
f 1559/4264/1559 3346/4257/3346 1560/4263/1560
f 1559/4264/1559 3348/4265/3348 3347/4255/3347
f 1558/4266/1558 996/4267/996 3348/4265/3348
f 3348/4265/3348 995/4268/995 3351/4258/3351
f 3351/4258/3351 994/4269/994 3354/4261/3354
f 3354/4261/3354 188/4270/188 1561/4271/1561
f 3353/4262/3353 1561/4271/1561 1562/4272/1562
f 3353/4262/3353 1563/4273/1563 3352/4260/3352
f 3352/4260/3352 24/4206/24 336/4274/336
f 3349/4256/3349 336/4274/336 335/4275/335
f 3346/4257/3346 335/4275/335 334/311/334
f 3355/4276/3355 3359/4277/3359 3358/4278/3358
f 3356/4279/3356 3360/4280/3360 3359/4277/3359
f 3358/4278/3358 3362/4281/3362 3361/4282/3361
f 3359/4277/3359 3363/4283/3363 3362/4281/3362
f 22/4284/22 3355/4276/3355 316/4285/316
f 1564/4286/1564 3356/4279/3356 3355/4276/3355
f 1565/4287/1565 3357/4288/3357 3356/4279/3356
f 1566/4289/1566 1074/2215/1074 3357/4288/3357
f 3357/4288/3357 1073/2229/1073 3360/4280/3360
f 3360/4280/3360 1072/2227/1072 3363/4283/3363
f 3363/4283/3363 211/2228/211 1567/4290/1567
f 3362/4281/3362 1567/4290/1567 1568/4291/1568
f 3361/4282/3361 1568/4291/1568 1569/4292/1569
f 318/4293/318 1569/4292/1569 32/254/32
f 317/4294/317 3361/4282/3361 318/4293/318
f 316/4285/316 3358/4278/3358 317/4294/317
f 3365/4295/3365 3367/4296/3367 3364/4297/3364
f 3366/4298/3366 3368/4299/3368 3365/4295/3365
f 3368/4299/3368 3370/4300/3370 3367/4296/3367
f 3369/4301/3369 3371/4302/3371 3368/4299/3368
f 1569/4303/1569 325/4304/325 32/286/32
f 1568/4305/1568 3364/4297/3364 1569/4303/1569
f 1567/4306/1567 3365/4295/3365 1568/4305/1568
f 211/2228/211 3366/4298/3366 1567/4306/1567
f 1068/2196/1068 3369/4301/3369 3366/4298/3366
f 1067/4307/1067 3372/4308/3372 3369/4301/3369
f 1066/2193/1066 1570/4309/1570 3372/4308/3372
f 3372/4308/3372 1571/4310/1571 3371/4302/3371
f 3371/4302/3371 1572/4311/1572 3370/4300/3370
f 3370/4300/3370 23/275/23 327/4312/327
f 3367/4296/3367 327/4312/327 326/4313/326
f 3364/4297/3364 326/4313/326 325/4304/325
f 3375/4314/3375 3379/4315/3379 3374/4316/3374
f 3377/4317/3377 3375/4318/3375 3376/4319/3376
f 3378/4320/3378 3373/4321/3373 3377/4317/3377
f 1140/4322/1140 1300/4323/1300 1/4324/1
f 1139/4325/1139 3374/4316/3374 1140/4322/1140
f 3374/4316/3374 1301/3116/1301 1300/4323/1300
f 1482/4326/1482 1138/4327/1138 43/491/43
f 1481/3918/1481 3376/4319/3376 1482/4326/1482
f 3376/4319/3376 1139/2422/1139 1138/4327/1138
f 73/4328/73 3378/4320/3378 1480/4329/1480
f 1302/3117/1302 3379/4330/3379 3378/4320/3378
f 1480/4329/1480 3377/4317/3377 1481/4331/1481
f 3382/4332/3382 3386/4333/3386 3381/4334/3381
f 3383/4335/3383 3380/4336/3380 3382/4337/3382
f 3386/4338/3386 3384/4339/3384 3385/4340/3385
f 1152/4341/1152 1132/4342/1132 10/4343/10
f 1151/4344/1151 3381/4334/3381 1152/4341/1152
f 3381/4334/3381 1133/4345/1133 1132/4342/1132
f 217/4346/217 3383/4335/3383 1150/4347/1150
f 1320/4348/1320 3384/4349/3384 3383/4335/3383
f 1150/4347/1150 3382/4337/3382 1151/4350/1151
f 1134/4351/1134 1318/4352/1318 44/4353/44
f 1133/4354/1133 3385/4340/3385 1134/4351/1134
f 3385/4340/3385 1319/3197/1319 1318/4352/1318
f 3389/4355/3389 3393/4356/3393 3388/4357/3388
f 3391/4358/3391 3389/4355/3389 3390/4359/3390
f 3392/4360/3392 3387/4361/3387 3391/4362/3391
f 1170/4363/1170 1156/2503/1156 9/2502/9
f 1169/2555/1169 3388/4357/3388 1170/4363/1170
f 3388/4357/3388 1157/2504/1157 1156/2503/1156
f 1338/4364/1338 1168/4365/1168 199/4366/199
f 1337/3276/1337 3390/4359/3390 1338/4364/1338
f 3390/4359/3390 1169/2555/1169 1168/4365/1168
f 214/2260/214 3392/4360/3392 1336/4367/1336
f 1158/4368/1158 3393/4356/3393 3392/4360/3392
f 1336/4367/1336 3391/4362/3391 1337/4369/1337
f 3396/4370/3396 3400/4371/3400 3395/4372/3395
f 3397/4373/3397 3394/4374/3394 3396/4375/3396
f 3400/4376/3400 3398/4377/3398 3399/4378/3399
f 1188/4379/1188 1174/4380/1174 8/4381/8
f 1187/4382/1187 3395/4372/3395 1188/4379/1188
f 3395/4372/3395 1175/4383/1175 1174/4380/1174
f 181/4384/181 3397/4373/3397 1186/4385/1186
f 1356/4386/1356 3398/4387/3398 3397/4373/3397
f 1186/4385/1186 3396/4375/3396 1187/4388/1187
f 1176/4389/1176 1354/4390/1354 196/4391/196
f 1175/4392/1175 3399/4378/3399 1176/4389/1176
f 3399/4378/3399 1355/3354/1355 1354/4390/1354
f 3403/4393/3403 3407/4394/3407 3402/4395/3402
f 3405/4396/3405 3403/4397/3403 3404/4398/3404
f 3406/4399/3406 3401/4400/3401 3405/4401/3405
f 1206/2711/1206 1192/4402/1192 7/2656/7
f 1205/4403/1205 3402/4395/3402 1206/2711/1206
f 3402/4395/3402 1193/4404/1193 1192/4402/1192
f 1374/4405/1374 1204/4406/1204 163/4407/163
f 1373/3436/1373 3404/4398/3404 1374/4405/1374
f 3404/4398/3404 1205/2712/1205 1204/4406/1204
f 178/4408/178 3406/4399/3406 1372/4409/1372
f 1194/4410/1194 3407/4411/3407 3406/4399/3406
f 1372/4409/1372 3405/4401/3405 1373/4412/1373
f 3410/4413/3410 3414/4414/3414 3409/4415/3409
f 3411/4416/3411 3408/4417/3408 3410/4418/3410
f 3414/4419/3414 3412/4420/3412 3413/4421/3413
f 1224/4422/1224 1210/4423/1210 6/4424/6
f 1223/4425/1223 3409/4415/3409 1224/4422/1224
f 3409/4415/3409 1211/4426/1211 1210/4423/1210
f 145/4427/145 3411/4416/3411 1222/4428/1222
f 1392/4429/1392 3412/4430/3412 3411/4416/3411
f 1222/4428/1222 3410/4418/3410 1223/4431/1223
f 1212/4432/1212 1390/4433/1390 160/3516/160
f 1211/4434/1211 3413/4421/3413 1212/4432/1212
f 3413/4421/3413 1391/4435/1391 1390/4433/1390
f 3417/4436/3417 3421/4437/3421 3416/4438/3416
f 3419/4439/3419 3417/4440/3417 3418/4441/3418
f 3420/4442/3420 3415/4443/3415 3419/4444/3419
f 1242/4445/1242 1228/4446/1228 5/4447/5
f 1241/4448/1241 3416/4438/3416 1242/4445/1242
f 3416/4438/3416 1229/4449/1229 1228/4446/1228
f 1410/4450/1410 1240/2860/1240 126/2858/126
f 1409/3599/1409 3418/4441/3418 1410/4450/1410
f 3418/4441/3418 1241/4451/1241 1240/2860/1240
f 142/4452/142 3420/4442/3420 1408/4453/1408
f 1230/4454/1230 3421/4455/3421 3420/4442/3420
f 1408/4453/1408 3419/4444/3419 1409/3599/1409
f 3424/4456/3424 3428/4457/3428 3423/4458/3423
f 3425/4459/3425 3422/4460/3422 3424/4456/3424
f 3428/4461/3428 3426/4462/3426 3427/4463/3427
f 1260/4464/1260 1246/4465/1246 4/4466/4
f 1259/2937/1259 3423/4458/3423 1260/4464/1260
f 3423/4458/3423 1247/2885/1247 1246/4465/1246
f 108/4467/108 3425/4459/3425 1258/4468/1258
f 1428/4469/1428 3426/4470/3426 3425/4459/3425
f 1258/4468/1258 3424/4456/3424 1259/4471/1259
f 1248/2886/1248 1426/4472/1426 127/1403/127
f 1247/4473/1247 3427/4463/3427 1248/2886/1248
f 3427/4463/3427 1427/4474/1427 1426/4472/1426
f 3431/4475/3431 3435/4476/3435 3430/4477/3430
f 3433/4478/3433 3431/4479/3431 3432/4480/3432
f 3434/4481/3434 3429/4482/3429 3433/4483/3433
f 1278/3015/1278 1264/4484/1264 3/2960/3
f 1277/3016/1277 3430/4477/3430 1278/3015/1278
f 3430/4477/3430 1265/4485/1265 1264/4484/1264
f 1446/4486/1446 1276/4487/1276 90/4488/90
f 1445/4489/1445 3432/4480/3432 1446/4486/1446
f 3432/4480/3432 1277/4490/1277 1276/4487/1276
f 109/4491/109 3434/4481/3434 1444/3759/1444
f 1266/4492/1266 3435/4493/3435 3434/4481/3434
f 1444/3759/1444 3433/4483/3433 1445/3760/1445
f 3438/4494/3438 3442/4495/3442 3437/4496/3437
f 3439/4497/3439 3436/4498/3436 3438/4499/3438
f 3442/4500/3442 3440/4501/3440 3441/4502/3441
f 1296/3092/1296 1282/4503/1282 2/4504/2
f 1295/4505/1295 3437/4496/3437 1296/3092/1296
f 3437/4496/3437 1283/4506/1283 1282/4503/1282
f 72/4507/72 3439/4497/3439 1294/4508/1294
f 1464/4509/1464 3440/4510/3440 3439/4497/3439
f 1294/4508/1294 3438/4499/3438 1295/4511/1295
f 1284/4512/1284 1462/4513/1462 91/1033/91
f 1283/4514/1283 3441/4502/3441 1284/4512/1284
f 3441/4502/3441 1463/4515/1463 1462/4513/1462
f 3444/4516/3444 3443/4517/3443 3449/4518/3449
f 3447/4519/3447 3445/4520/3445 3446/4521/3446
f 3449/4522/3449 3447/4523/3447 3448/4524/3448
f 207/4525/207 3444/4516/3444 1321/4526/1321
f 1566/4527/1566 3445/4528/3445 3444/4516/3444
f 1321/4526/1321 3449/4518/3449 1322/4529/1322
f 1125/4530/1125 1564/4531/1564 22/4284/22
f 1124/4532/1124 3446/4521/3446 1125/4530/1125
f 3446/4521/3446 1565/4533/1565 1564/4531/1564
f 1323/4534/1323 1123/4535/1123 55/4536/55
f 1322/4537/1322 3448/4524/3448 1323/4534/1323
f 3448/4524/3448 1124/4538/1124 1123/4535/1123
f 3452/4539/3452 3456/4540/3456 3451/4541/3451
f 3454/4542/3454 3452/4539/3452 3453/4543/3453
f 3455/4544/3455 3450/4545/3450 3454/4546/3454
f 1131/4547/1131 1483/4548/1483 52/584/52
f 1130/4549/1130 3451/4541/3451 1131/4547/1131
f 3451/4541/3451 1484/3930/1484 1483/4548/1483
f 1500/4550/1500 1129/4551/1129 31/3996/31
f 1499/4552/1499 3453/4543/3453 1500/4550/1500
f 3453/4543/3453 1130/4553/1130 1129/4551/1129
f 62/4554/62 3455/4544/3455 1498/4555/1498
f 1485/4556/1485 3456/4557/3456 3455/4544/3455
f 1498/4555/1498 3454/4546/3454 1499/4558/1499
f 3458/4559/3458 3457/4560/3457 3463/4561/3463
f 3461/4562/3461 3459/4563/3459 3460/4564/3460
f 3463/4565/3463 3461/4566/3461 3462/4567/3462
f 63/4568/63 3458/4559/3458 1465/3854/1465
f 1494/4569/1494 3459/4570/3459 3458/4559/3458
f 1465/3854/1465 3463/4561/3463 1466/4571/1466
f 1509/4572/1509 1492/4573/1492 30/4574/30
f 1508/4575/1508 3460/4564/3460 1509/4572/1509
f 3460/4564/3460 1493/3969/1493 1492/4573/1492
f 1467/3858/1467 1507/4033/1507 80/4576/80
f 1466/4577/1466 3462/4567/3462 1467/3858/1467
f 3462/4567/3462 1508/4578/1508 1507/4033/1507
f 3466/4579/3466 3470/4580/3470 3465/4581/3465
f 3468/4582/3468 3466/4579/3466 3467/4583/3467
f 3469/4584/3469 3464/4585/3464 3468/4582/3468
f 1503/4009/1503 1447/4586/1447 81/3773/81
f 1502/4587/1502 3465/4581/3465 1503/4009/1503
f 3465/4581/3465 1448/3776/1448 1447/4586/1447
f 1518/4588/1518 1501/4589/1501 29/4590/29
f 1517/4591/1517 3467/4583/3467 1518/4588/1518
f 3467/4583/3467 1502/4010/1502 1501/4589/1501
f 98/4592/98 3469/4584/3469 1516/4593/1516
f 1449/3778/1449 3470/4594/3470 3469/4584/3469
f 1516/4593/1516 3468/4582/3468 1517/4595/1517
f 3472/4596/3472 3471/4597/3471 3477/4598/3477
f 3475/4599/3475 3473/4600/3473 3474/4601/3474
f 3477/4598/3477 3475/4602/3475 3476/4603/3476
f 99/4604/99 3472/4596/3472 1429/4605/1429
f 1512/4606/1512 3473/4607/3473 3472/4596/3472
f 1429/4605/1429 3477/4598/3477 1430/4608/1430
f 1527/4609/1527 1510/4610/1510 28/4047/28
f 1526/4611/1526 3474/4601/3474 1527/4609/1527
f 3474/4601/3474 1511/4612/1511 1510/4610/1510
f 1431/4613/1431 1525/4614/1525 116/4615/116
f 1430/4616/1430 3476/4603/3476 1431/4613/1431
f 3476/4603/3476 1526/4617/1526 1525/4614/1525
f 3480/4618/3480 3484/4619/3484 3479/4620/3479
f 3482/4621/3482 3480/4622/3480 3481/4623/3481
f 3483/4624/3483 3478/4625/3478 3482/4626/3482
f 1521/4627/1521 1411/4628/1411 117/4629/117
f 1520/4630/1520 3479/4620/3479 1521/4627/1521
f 3479/4620/3479 1412/4631/1412 1411/4628/1411
f 1536/4632/1536 1519/4633/1519 27/4634/27
f 1535/4635/1535 3481/4623/3481 1536/4632/1536
f 3481/4623/3481 1520/4636/1520 1519/4633/1519
f 134/4637/134 3483/4624/3483 1534/4638/1534
f 1413/4639/1413 3484/4619/3484 3483/4624/3483
f 1534/4638/1534 3482/4626/3482 1535/4640/1535
f 3486/4641/3486 3485/4642/3485 3491/4643/3491
f 3489/4644/3489 3487/4645/3487 3488/4646/3488
f 3491/4647/3491 3489/4644/3489 3490/4648/3490
f 135/4649/135 3486/4641/3486 1393/4650/1393
f 1530/4131/1530 3487/4645/3487 3486/4641/3486
f 1393/4650/1393 3491/4643/3491 1394/4651/1394
f 1545/4194/1545 1528/4652/1528 26/4653/26
f 1544/4654/1544 3488/4646/3488 1545/4194/1545
f 3488/4646/3488 1529/4655/1529 1528/4652/1528
f 1395/4656/1395 1543/4657/1543 152/4658/152
f 1394/4659/1394 3490/4648/3490 1395/4656/1395
f 3490/4648/3490 1544/4660/1544 1543/4657/1543
f 3494/4661/3494 3498/4662/3498 3493/4663/3493
f 3496/4664/3496 3494/4661/3494 3495/4665/3495
f 3497/4666/3497 3492/4667/3492 3496/4668/3496
f 1539/4669/1539 1375/4670/1375 153/4671/153
f 1538/4672/1538 3493/4663/3493 1539/4669/1539
f 3493/4663/3493 1376/3451/1376 1375/4670/1375
f 1554/4232/1554 1537/4673/1537 25/4164/25
f 1553/4674/1553 3495/4665/3495 1554/4232/1554
f 3495/4665/3495 1538/4672/1538 1537/4673/1537
f 170/4675/170 3497/4666/3497 1552/4676/1552
f 1377/4677/1377 3498/4678/3498 3497/4666/3497
f 1552/4676/1552 3496/4668/3496 1553/4679/1553
f 3500/4680/3500 3499/4681/3499 3505/4682/3505
f 3503/4683/3503 3501/4684/3501 3502/4685/3502
f 3505/4686/3505 3503/4687/3503 3504/4688/3504
f 171/3369/171 3500/4680/3500 1357/4689/1357
f 1548/4690/1548 3501/4691/3501 3500/4680/3500
f 1357/4689/1357 3505/4682/3505 1358/4692/1358
f 1563/4273/1563 1546/4693/1546 24/4694/24
f 1562/4695/1562 3502/4685/3502 1563/4273/1563
f 3502/4685/3502 1547/4696/1547 1546/4693/1546
f 1359/3371/1359 1561/4697/1561 188/4698/188
f 1358/4692/1358 3504/4688/3504 1359/3371/1359
f 3504/4688/3504 1562/4699/1562 1561/4697/1561
f 3508/4700/3508 3512/4701/3512 3507/4702/3507
f 3510/4703/3510 3508/4704/3508 3509/4705/3509
f 3511/4706/3511 3506/4707/3506 3510/4708/3510
f 1557/4709/1557 1339/4710/1339 189/3287/189
f 1556/4711/1556 3507/4702/3507 1557/4709/1557
f 3507/4702/3507 1340/3290/1340 1339/4710/1339
f 1572/4712/1572 1555/4713/1555 23/275/23
f 1571/4714/1571 3509/4705/3509 1572/4712/1572
f 3509/4705/3509 1556/4711/1556 1555/4713/1555
f 206/4715/206 3511/4706/3511 1570/4716/1570
f 1341/4717/1341 3512/4718/3512 3511/4706/3511
f 1570/4716/1570 3510/4708/3510 1571/4719/1571
f 3513/4720/3513 3517/4721/3517 3516/4722/3516
f 3515/4723/3515 3517/4721/3517 3514/4724/3514
f 3516/4722/3516 3520/4725/3520 3519/4726/3519
f 3518/4727/3518 3520/4725/3520 3517/4721/3517
f 46/4728/46 3513/4720/3513 1474/4729/1474
f 1149/4730/1149 3514/4724/3514 3513/4720/3513
f 1147/2461/1147 3514/4724/3514 1148/2462/1148
f 53/606/53 3515/4723/3515 1147/2461/1147
f 1491/4731/1491 3518/4727/3518 3515/4723/3515
f 1490/4732/1490 3521/4733/3521 3518/4727/3518
f 1489/4734/1489 1167/4735/1167 3521/4733/3521
f 3521/4733/3521 1166/4736/1166 3520/4725/3520
f 3519/4726/3519 1166/4736/1166 1165/4737/1165
f 1476/4738/1476 1165/4737/1165 70/4739/70
f 1475/4740/1475 3519/4726/3519 1476/4738/1476
f 1474/4729/1474 3516/4722/3516 1475/4740/1475
f 3523/4741/3523 3525/4742/3525 3522/4743/3522
f 3523/4741/3523 3527/4744/3527 3526/4745/3526
f 3526/4745/3526 3528/4746/3528 3525/4742/3525
f 3526/4745/3526 3530/4747/3530 3529/4748/3529
f 1305/4749/1305 1312/4750/1312 216/4751/216
f 1304/3131/1304 3522/4743/3522 1305/4749/1305
f 1304/3131/1304 3524/4752/3524 3523/4741/3523
f 1303/4753/1303 1329/4754/1329 3524/4752/3524
f 3524/4752/3524 1328/4755/1328 3527/4744/3527
f 3527/4744/3527 1327/4756/1327 3530/4747/3530
f 3530/4747/3530 54/4757/54 1143/4758/1143
f 3529/4748/3529 1143/4758/1143 1142/4759/1142
f 3529/4748/3529 1141/2434/1141 3528/4746/3528
f 3528/4746/3528 45/537/45 1314/4760/1314
f 3525/4742/3525 1314/4760/1314 1313/4761/1313
f 3522/4743/3522 1313/4761/1313 1312/4750/1312
f 3532/4762/3532 3534/4763/3534 3531/4764/3531
f 3532/4762/3532 3536/4765/3536 3535/4766/3535
f 3535/4766/3535 3537/4767/3537 3534/4763/3534
f 3535/4766/3535 3539/4768/3539 3538/4769/3538
f 1161/4770/1161 1456/4771/1456 71/4772/71
f 1160/4773/1160 3531/4764/3531 1161/4770/1161
f 1160/4773/1160 3533/4774/3533 3532/4762/3532
f 1159/4775/1159 1473/4776/1473 3533/4774/3533
f 3533/4774/3533 1472/4777/1472 3536/4765/3536
f 3536/4765/3536 1471/4778/1471 3539/4768/3539
f 3539/4768/3539 79/866/79 1185/2618/1185
f 3538/4769/3538 1185/2618/1185 1184/4779/1184
f 3538/4769/3538 1183/4780/1183 3537/4767/3537
f 3537/4767/3537 88/4781/88 1458/4782/1458
f 3534/4763/3534 1458/4782/1458 1457/4783/1457
f 3531/4764/3531 1457/4783/1457 1456/4771/1456
f 3540/4784/3540 3544/4785/3544 3543/4786/3543
f 3542/4787/3542 3544/4785/3544 3541/4788/3541
f 3543/4786/3543 3547/4789/3547 3546/4790/3546
f 3545/4791/3545 3547/4789/3547 3544/4785/3544
f 89/4792/89 3540/4784/3540 1438/4793/1438
f 1179/4794/1179 3541/4788/3541 3540/4784/3540
f 1177/4795/1177 3541/4788/3541 1178/4796/1178
f 82/4797/82 3542/4787/3542 1177/4795/1177
f 1455/4798/1455 3545/4791/3545 3542/4787/3542
f 1454/4799/1454 3548/4800/3548 3545/4791/3545
f 1453/4801/1453 1203/4802/1203 3548/4800/3548
f 3548/4800/3548 1202/2696/1202 3547/4789/3547
f 3546/4790/3546 1202/2696/1202 1201/4803/1201
f 1440/4804/1440 1201/4803/1201 106/4805/106
f 1439/4806/1439 3546/4790/3546 1440/4804/1440
f 1438/4793/1438 3543/4786/3543 1439/4806/1439
f 3550/4807/3550 3552/4808/3552 3549/4809/3549
f 3550/4807/3550 3554/4810/3554 3553/4811/3553
f 3553/4811/3553 3555/4812/3555 3552/4808/3552
f 3553/4811/3553 3557/4813/3557 3556/4814/3556
f 1197/4815/1197 1420/4816/1420 107/4817/107
f 1196/4818/1196 3549/4809/3549 1197/4815/1197
f 1196/4818/1196 3551/4819/3551 3550/4807/3550
f 1195/4820/1195 1437/4821/1437 3551/4819/3551
f 3551/4819/3551 1436/3719/1436 3554/4810/3554
f 3554/4810/3554 1435/4822/1435 3557/4813/3557
f 3557/4813/3557 115/1239/115 1221/4823/1221
f 3556/4814/3556 1221/4823/1221 1220/2772/1220
f 3556/4814/3556 1219/4824/1219 3555/4812/3555
f 3555/4812/3555 124/4825/124 1422/4826/1422
f 3552/4808/3552 1422/4826/1422 1421/4827/1421
f 3549/4809/3549 1421/4827/1421 1420/4816/1420
f 3558/4828/3558 3562/4829/3562 3561/4830/3561
f 3560/4831/3560 3562/4829/3562 3559/4832/3559
f 3561/4830/3561 3565/4833/3565 3564/4834/3564
f 3563/4835/3563 3565/4833/3565 3562/4829/3562
f 125/3570/125 3558/4828/3558 1402/4836/1402
f 1215/4837/1215 3559/4832/3559 3558/4828/3558
f 1213/4838/1213 3559/4832/3559 1214/2750/1214
f 118/4839/118 3560/4831/3560 1213/4838/1213
f 1419/4840/1419 3563/4835/3563 3560/4831/3560
f 1418/4841/1418 3566/4842/3566 3563/4835/3563
f 1417/3639/1417 1239/4843/1239 3566/4842/3566
f 3566/4842/3566 1238/2846/1238 3565/4833/3565
f 3564/4834/3564 1238/2846/1238 1237/4844/1237
f 1404/4845/1404 1237/4844/1237 143/1542/143
f 1403/4846/1403 3564/4834/3564 1404/4845/1404
f 1402/4836/1402 3561/4830/3561 1403/4846/1403
f 3568/4847/3568 3570/4848/3570 3567/4849/3567
f 3568/4847/3568 3572/4850/3572 3571/4851/3571
f 3571/4851/3571 3573/4852/3573 3570/4848/3570
f 3571/4851/3571 3575/4853/3575 3574/4854/3574
f 1233/4855/1233 1384/4856/1384 144/4857/144
f 1232/4858/1232 3567/4849/3567 1233/4855/1233
f 1232/4858/1232 3569/4859/3569 3568/4847/3568
f 1231/4860/1231 1401/3559/1401 3569/4859/3569
f 3569/4859/3569 1400/3558/1400 3572/4850/3572
f 3572/4850/3572 1399/4861/1399 3575/4853/3575
f 3575/4853/3575 151/1611/151 1257/2922/1257
f 3574/4854/3574 1257/2922/1257 1256/4862/1256
f 3574/4854/3574 1255/2920/1255 3573/4852/3573
f 3573/4852/3573 161/4863/161 1386/4864/1386
f 3570/4848/3570 1386/4864/1386 1385/4865/1385
f 3567/4849/3567 1385/4865/1385 1384/4856/1384
f 3576/4866/3576 3580/4867/3580 3579/4868/3579
f 3578/4869/3578 3580/4867/3580 3577/4870/3577
f 3579/4868/3579 3583/4871/3583 3582/4872/3582
f 3581/4873/3581 3583/4871/3583 3580/4867/3580
f 162/4874/162 3576/4866/3576 1366/4875/1366
f 1251/4876/1251 3577/4870/3577 3576/4866/3576
f 1249/4877/1249 3577/4870/3577 1250/4878/1250
f 154/4879/154 3578/4869/3578 1249/4877/1249
f 1383/4880/1383 3581/4873/3581 3578/4869/3578
f 1382/4881/1382 3584/4882/3584 3581/4873/3581
f 1381/4883/1381 1275/4884/1275 3584/4882/3584
f 3584/4882/3584 1274/4885/1274 3583/4871/3583
f 3582/4872/3582 1274/4885/1274 1273/4886/1273
f 1368/4887/1368 1273/4886/1273 179/4888/179
f 1367/4889/1367 3582/4872/3582 1368/4887/1368
f 1366/4875/1366 3579/4868/3579 1367/4889/1367
f 3586/4890/3586 3588/4891/3588 3585/4892/3585
f 3586/4890/3586 3590/4893/3590 3589/4894/3589
f 3589/4894/3589 3591/4895/3591 3588/4891/3588
f 3589/4894/3589 3593/4896/3593 3592/4897/3592
f 1269/4898/1269 1348/3329/1348 180/3327/180
f 1268/4899/1268 3585/4892/3585 1269/4898/1269
f 1268/4899/1268 3587/4900/3587 3586/4890/3586
f 1267/4901/1267 1365/4902/1365 3587/4900/3587
f 3587/4900/3587 1364/4903/1364 3590/4893/3590
f 3590/4893/3590 1363/4904/1363 3593/4896/3593
f 3593/4896/3593 187/1984/187 1293/4905/1293
f 3592/4897/3592 1293/4905/1293 1292/4906/1292
f 3592/4897/3592 1291/3074/1291 3591/4895/3591
f 3591/4895/3591 197/4907/197 1350/4908/1350
f 3588/4891/3588 1350/4908/1350 1349/4909/1349
f 3585/4892/3585 1349/4909/1349 1348/3329/1348
f 3594/4910/3594 3598/4911/3598 3597/4912/3597
f 3596/4913/3596 3598/4911/3598 3595/4914/3595
f 3597/4912/3597 3601/4915/3601 3600/4916/3600
f 3599/4917/3599 3601/4915/3601 3598/4911/3598
f 198/4918/198 3594/4910/3594 1330/4919/1330
f 1287/4920/1287 3595/4914/3595 3594/4910/3594
f 1285/4921/1285 3595/4914/3595 1286/4922/1286
f 190/4923/190 3596/4913/3596 1285/4921/1285
f 1347/4924/1347 3599/4917/3599 3596/4913/3596
f 1346/3315/1346 3602/4925/3602 3599/4917/3599
f 1345/4926/1345 1311/4927/1311 3602/4925/3602
f 3602/4925/3602 1310/4928/1310 3601/4915/3601
f 3600/4916/3600 1310/4928/1310 1309/4929/1309
f 1332/3251/1332 1309/4929/1309 215/2286/215
f 1331/4930/1331 3600/4916/3600 1332/3251/1332
f 1330/4919/1330 3597/4912/3597 1331/4930/1331
f 1574/1/1574 1577/5/1577 1576/2/1576
f 1575/4/1575 1578/7/1578 1577/5/1577
f 1577/5/1577 1580/8/1580 1579/6/1579
f 1578/7/1578 1581/17/1581 1580/8/1580
f 226/9/226 1573/3/1573 225/10/225
f 227/12/227 1574/1/1574 1573/3/1573
f 228/13/228 1575/4/1575 1574/1/1574
f 11/14/11 229/15/229 1575/4/1575
f 229/15/229 230/16/230 1578/7/1578
f 230/16/230 231/18/231 1581/17/1581
f 231/18/231 12/4931/12 232/19/232
f 1581/17/1581 232/19/232 233/20/233
f 1580/8/1580 233/20/233 234/21/234
f 1579/6/1579 234/21/234 21/22/21
f 1576/2/1576 1579/6/1579 223/23/223
f 1573/3/1573 1576/2/1576 224/24/224
f 1583/25/1583 1586/29/1586 1585/26/1585
f 1584/28/1584 1587/31/1587 1586/29/1586
f 1586/29/1586 1589/32/1589 1588/30/1588
f 1587/31/1587 1590/41/1590 1589/32/1589
f 238/33/238 1582/27/1582 237/34/237
f 239/36/239 1583/25/1583 1582/27/1582
f 240/37/240 1584/28/1584 1583/25/1583
f 13/38/13 241/39/241 1584/28/1584
f 241/39/241 242/40/242 1587/31/1587
f 242/40/242 243/42/243 1590/41/1590
f 243/42/243 12/4932/12 231/43/231
f 1590/41/1590 231/43/231 230/44/230
f 1589/32/1589 230/44/230 229/45/229
f 1588/30/1588 229/45/229 11/46/11
f 1585/26/1585 1588/30/1588 235/47/235
f 1582/27/1582 1585/26/1585 236/48/236
f 1592/49/1592 1595/53/1595 1594/50/1594
f 1593/52/1593 1596/55/1596 1595/53/1595
f 1595/53/1595 1598/56/1598 1597/54/1597
f 1596/55/1596 1599/65/1599 1598/56/1598
f 247/57/247 1591/51/1591 246/58/246
f 248/60/248 1592/49/1592 1591/51/1591
f 249/61/249 1593/52/1593 1592/49/1592
f 14/62/14 250/63/250 1593/52/1593
f 250/63/250 251/64/251 1596/55/1596
f 251/64/251 252/66/252 1599/65/1599
f 252/66/252 12/4933/12 243/67/243
f 1599/65/1599 243/67/243 242/68/242
f 1598/56/1598 242/68/242 241/69/241
f 1597/54/1597 241/69/241 13/70/13
f 1594/50/1594 1597/54/1597 244/71/244
f 1591/51/1591 1594/50/1594 245/72/245
f 1601/73/1601 1604/77/1604 1603/74/1603
f 1602/76/1602 1605/79/1605 1604/77/1604
f 1604/77/1604 1607/80/1607 1606/78/1606
f 1605/79/1605 1608/89/1608 1607/80/1607
f 256/81/256 1600/75/1600 255/82/255
f 257/84/257 1601/73/1601 1600/75/1600
f 258/85/258 1602/76/1602 1601/73/1601
f 15/86/15 259/87/259 1602/76/1602
f 259/87/259 260/88/260 1605/79/1605
f 260/88/260 261/90/261 1608/89/1608
f 261/90/261 12/4934/12 252/91/252
f 1608/89/1608 252/91/252 251/92/251
f 1607/80/1607 251/92/251 250/93/250
f 1606/78/1606 250/93/250 14/94/14
f 1603/74/1603 1606/78/1606 253/95/253
f 1600/75/1600 1603/74/1603 254/96/254
f 1610/97/1610 1613/101/1613 1612/98/1612
f 1611/100/1611 1614/103/1614 1613/101/1613
f 1613/101/1613 1616/104/1616 1615/102/1615
f 1614/103/1614 1617/113/1617 1616/104/1616
f 265/105/265 1609/99/1609 264/106/264
f 266/108/266 1610/97/1610 1609/99/1609
f 267/109/267 1611/100/1611 1610/97/1610
f 16/110/16 268/111/268 1611/100/1611
f 268/111/268 269/112/269 1614/103/1614
f 269/112/269 270/114/270 1617/113/1617
f 270/114/270 12/4935/12 261/115/261
f 1617/113/1617 261/115/261 260/116/260
f 1616/104/1616 260/116/260 259/117/259
f 1615/102/1615 259/117/259 15/118/15
f 1612/98/1612 1615/102/1615 262/119/262
f 1609/99/1609 1612/98/1612 263/120/263
f 1619/121/1619 1622/125/1622 1621/122/1621
f 1620/124/1620 1623/127/1623 1622/125/1622
f 1622/125/1622 1625/128/1625 1624/126/1624
f 1623/127/1623 1626/137/1626 1625/128/1625
f 274/129/274 1618/123/1618 273/130/273
f 275/132/275 1619/121/1619 1618/123/1618
f 276/133/276 1620/124/1620 1619/121/1619
f 17/134/17 277/135/277 1620/124/1620
f 277/135/277 278/136/278 1623/127/1623
f 278/136/278 279/138/279 1626/137/1626
f 279/138/279 12/4936/12 270/139/270
f 1626/137/1626 270/139/270 269/140/269
f 1625/128/1625 269/140/269 268/141/268
f 1624/126/1624 268/141/268 16/142/16
f 1621/122/1621 1624/126/1624 271/143/271
f 1618/123/1618 1621/122/1621 272/144/272
f 1628/145/1628 1631/149/1631 1630/146/1630
f 1629/148/1629 1632/151/1632 1631/149/1631
f 1631/149/1631 1634/152/1634 1633/150/1633
f 1632/151/1632 1635/161/1635 1634/152/1634
f 283/153/283 1627/147/1627 282/154/282
f 284/156/284 1628/145/1628 1627/147/1627
f 285/157/285 1629/148/1629 1628/145/1628
f 18/158/18 286/159/286 1629/148/1629
f 286/159/286 287/160/287 1632/151/1632
f 287/160/287 288/162/288 1635/161/1635
f 288/162/288 12/4937/12 279/163/279
f 1635/161/1635 279/163/279 278/164/278
f 1634/152/1634 278/164/278 277/165/277
f 1633/150/1633 277/165/277 17/166/17
f 1630/146/1630 1633/150/1633 280/167/280
f 1627/147/1627 1630/146/1630 281/168/281
f 1637/169/1637 1640/173/1640 1639/170/1639
f 1638/172/1638 1641/175/1641 1640/173/1640
f 1640/173/1640 1643/176/1643 1642/174/1642
f 1641/175/1641 1644/185/1644 1643/176/1643
f 292/177/292 1636/171/1636 291/178/291
f 293/180/293 1637/169/1637 1636/171/1636
f 294/181/294 1638/172/1638 1637/169/1637
f 19/182/19 295/183/295 1638/172/1638
f 295/183/295 296/184/296 1641/175/1641
f 296/184/296 297/186/297 1644/185/1644
f 297/186/297 12/4938/12 288/187/288
f 1644/185/1644 288/187/288 287/188/287
f 1643/176/1643 287/188/287 286/189/286
f 1642/174/1642 286/189/286 18/190/18
f 1639/170/1639 1642/174/1642 289/191/289
f 1636/171/1636 1639/170/1639 290/192/290
f 1646/193/1646 1649/197/1649 1648/194/1648
f 1647/196/1647 1650/199/1650 1649/197/1649
f 1649/197/1649 1652/200/1652 1651/198/1651
f 1650/199/1650 1653/209/1653 1652/200/1652
f 301/201/301 1645/195/1645 300/202/300
f 302/204/302 1646/193/1646 1645/195/1645
f 303/205/303 1647/196/1647 1646/193/1646
f 20/206/20 304/207/304 1647/196/1647
f 304/207/304 305/208/305 1650/199/1650
f 305/208/305 306/210/306 1653/209/1653
f 306/210/306 12/4939/12 297/211/297
f 1653/209/1653 297/211/297 296/212/296
f 1652/200/1652 296/212/296 295/213/295
f 1651/198/1651 295/213/295 19/214/19
f 1648/194/1648 1651/198/1651 298/215/298
f 1645/195/1645 1648/194/1648 299/216/299
f 1655/217/1655 1658/221/1658 1657/218/1657
f 1656/220/1656 1659/223/1659 1658/221/1658
f 1658/221/1658 1661/224/1661 1660/222/1660
f 1659/223/1659 1662/233/1662 1661/224/1661
f 310/225/310 1654/219/1654 309/226/309
f 311/228/311 1655/217/1655 1654/219/1654
f 312/229/312 1656/220/1656 1655/217/1655
f 21/230/21 234/231/234 1656/220/1656
f 234/231/234 233/232/233 1659/223/1659
f 233/232/233 232/234/232 1662/233/1662
f 232/234/232 12/4940/12 306/235/306
f 1662/233/1662 306/235/306 305/236/305
f 1661/224/1661 305/236/305 304/237/304
f 1660/222/1660 304/237/304 20/238/20
f 1657/218/1657 1660/222/1660 307/239/307
f 1654/219/1654 1657/218/1657 308/240/308
f 1664/241/1664 1667/245/1667 1666/242/1666
f 1665/244/1665 1668/247/1668 1667/245/1667
f 1667/245/1667 1670/248/1670 1669/246/1669
f 1668/247/1668 1671/257/1671 1670/248/1670
f 316/249/316 1663/243/1663 315/250/315
f 317/252/317 1664/241/1664 1663/243/1663
f 318/253/318 1665/244/1665 1664/241/1664
f 32/254/32 319/255/319 1665/244/1665
f 319/255/319 320/256/320 1668/247/1668
f 320/256/320 321/258/321 1671/257/1671
f 321/258/321 33/4941/33 322/259/322
f 1671/257/1671 322/259/322 323/260/323
f 1670/248/1670 323/260/323 324/261/324
f 1669/246/1669 324/261/324 42/262/42
f 1666/242/1666 1669/246/1669 313/263/313
f 1663/243/1663 1666/242/1666 314/264/314
f 1673/265/1673 1676/269/1676 1675/266/1675
f 1674/268/1674 1677/271/1677 1676/269/1676
f 1676/269/1676 1679/272/1679 1678/270/1678
f 1677/271/1677 1680/281/1680 1679/272/1679
f 328/273/328 1672/267/1672 327/274/327
f 329/276/329 1673/265/1673 1672/267/1672
f 330/277/330 1674/268/1674 1673/265/1673
f 34/278/34 331/279/331 1674/268/1674
f 331/279/331 332/280/332 1677/271/1677
f 332/280/332 333/282/333 1680/281/1680
f 333/282/333 33/4942/33 321/283/321
f 1680/281/1680 321/283/321 320/284/320
f 1679/272/1679 320/284/320 319/285/319
f 1678/270/1678 319/285/319 32/286/32
f 1675/266/1675 1678/270/1678 325/287/325
f 1672/267/1672 1675/266/1675 326/288/326
f 1682/289/1682 1685/293/1685 1684/290/1684
f 1683/292/1683 1686/295/1686 1685/293/1685
f 1685/293/1685 1688/296/1688 1687/294/1687
f 1686/295/1686 1689/305/1689 1688/296/1688
f 337/297/337 1681/291/1681 336/298/336
f 338/300/338 1682/289/1682 1681/291/1681
f 339/301/339 1683/292/1683 1682/289/1682
f 35/302/35 340/303/340 1683/292/1683
f 340/303/340 341/304/341 1686/295/1686
f 341/304/341 342/306/342 1689/305/1689
f 342/306/342 33/4943/33 333/307/333
f 1689/305/1689 333/307/333 332/308/332
f 1688/296/1688 332/308/332 331/309/331
f 1687/294/1687 331/309/331 34/310/34
f 1684/290/1684 1687/294/1687 334/311/334
f 1681/291/1681 1684/290/1684 335/312/335
f 1691/313/1691 1694/317/1694 1693/314/1693
f 1692/316/1692 1695/319/1695 1694/317/1694
f 1694/317/1694 1697/320/1697 1696/318/1696
f 1695/319/1695 1698/329/1698 1697/320/1697
f 346/321/346 1690/315/1690 345/322/345
f 347/324/347 1691/313/1691 1690/315/1690
f 348/325/348 1692/316/1692 1691/313/1691
f 36/326/36 349/327/349 1692/316/1692
f 349/327/349 350/328/350 1695/319/1695
f 350/328/350 351/330/351 1698/329/1698
f 351/330/351 33/4944/33 342/331/342
f 1698/329/1698 342/331/342 341/332/341
f 1697/320/1697 341/332/341 340/333/340
f 1696/318/1696 340/333/340 35/334/35
f 1693/314/1693 1696/318/1696 343/335/343
f 1690/315/1690 1693/314/1693 344/336/344
f 1700/337/1700 1703/341/1703 1702/338/1702
f 1701/340/1701 1704/343/1704 1703/341/1703
f 1703/341/1703 1706/344/1706 1705/342/1705
f 1704/343/1704 1707/353/1707 1706/344/1706
f 355/345/355 1699/339/1699 354/346/354
f 356/348/356 1700/337/1700 1699/339/1699
f 357/349/357 1701/340/1701 1700/337/1700
f 37/350/37 358/351/358 1701/340/1701
f 358/351/358 359/352/359 1704/343/1704
f 359/352/359 360/354/360 1707/353/1707
f 360/354/360 33/4945/33 351/355/351
f 1707/353/1707 351/355/351 350/356/350
f 1706/344/1706 350/356/350 349/357/349
f 1705/342/1705 349/357/349 36/358/36
f 1702/338/1702 1705/342/1705 352/359/352
f 1699/339/1699 1702/338/1702 353/360/353
f 1709/361/1709 1712/365/1712 1711/362/1711
f 1710/364/1710 1713/367/1713 1712/365/1712
f 1712/365/1712 1715/368/1715 1714/366/1714
f 1713/367/1713 1716/377/1716 1715/368/1715
f 364/369/364 1708/363/1708 363/370/363
f 365/372/365 1709/361/1709 1708/363/1708
f 366/373/366 1710/364/1710 1709/361/1709
f 38/374/38 367/375/367 1710/364/1710
f 367/375/367 368/376/368 1713/367/1713
f 368/376/368 369/378/369 1716/377/1716
f 369/378/369 33/4946/33 360/379/360
f 1716/377/1716 360/379/360 359/380/359
f 1715/368/1715 359/380/359 358/381/358
f 1714/366/1714 358/381/358 37/382/37
f 1711/362/1711 1714/366/1714 361/383/361
f 1708/363/1708 1711/362/1711 362/384/362
f 1718/385/1718 1721/389/1721 1720/386/1720
f 1719/388/1719 1722/391/1722 1721/389/1721
f 1721/389/1721 1724/392/1724 1723/390/1723
f 1722/391/1722 1725/401/1725 1724/392/1724
f 373/393/373 1717/387/1717 372/394/372
f 374/396/374 1718/385/1718 1717/387/1717
f 375/397/375 1719/388/1719 1718/385/1718
f 39/398/39 376/399/376 1719/388/1719
f 376/399/376 377/400/377 1722/391/1722
f 377/400/377 378/402/378 1725/401/1725
f 378/402/378 33/4947/33 369/403/369
f 1725/401/1725 369/403/369 368/404/368
f 1724/392/1724 368/404/368 367/405/367
f 1723/390/1723 367/405/367 38/406/38
f 1720/386/1720 1723/390/1723 370/407/370
f 1717/387/1717 1720/386/1720 371/408/371
f 1727/409/1727 1730/413/1730 1729/410/1729
f 1728/412/1728 1731/415/1731 1730/413/1730
f 1730/413/1730 1733/416/1733 1732/414/1732
f 1731/415/1731 1734/425/1734 1733/416/1733
f 382/417/382 1726/411/1726 381/418/381
f 383/420/383 1727/409/1727 1726/411/1726
f 384/421/384 1728/412/1728 1727/409/1727
f 40/422/40 385/423/385 1728/412/1728
f 385/423/385 386/424/386 1731/415/1731
f 386/424/386 387/426/387 1734/425/1734
f 387/426/387 33/4948/33 378/427/378
f 1734/425/1734 378/427/378 377/428/377
f 1733/416/1733 377/428/377 376/429/376
f 1732/414/1732 376/429/376 39/430/39
f 1729/410/1729 1732/414/1732 379/431/379
f 1726/411/1726 1729/410/1729 380/432/380
f 1736/433/1736 1739/437/1739 1738/434/1738
f 1737/436/1737 1740/439/1740 1739/437/1739
f 1739/437/1739 1742/440/1742 1741/438/1741
f 1740/439/1740 1743/449/1743 1742/440/1742
f 391/441/391 1735/435/1735 390/442/390
f 392/444/392 1736/433/1736 1735/435/1735
f 393/445/393 1737/436/1737 1736/433/1736
f 41/446/41 394/447/394 1737/436/1737
f 394/447/394 395/448/395 1740/439/1740
f 395/448/395 396/450/396 1743/449/1743
f 396/450/396 33/4949/33 387/451/387
f 1743/449/1743 387/451/387 386/452/386
f 1742/440/1742 386/452/386 385/453/385
f 1741/438/1741 385/453/385 40/454/40
f 1738/434/1738 1741/438/1741 388/455/388
f 1735/435/1735 1738/434/1738 389/456/389
f 1745/457/1745 1748/461/1748 1747/458/1747
f 1746/460/1746 1749/463/1749 1748/461/1748
f 1748/461/1748 1751/464/1751 1750/462/1750
f 1749/463/1749 1752/473/1752 1751/464/1751
f 400/465/400 1744/459/1744 399/466/399
f 401/468/401 1745/457/1745 1744/459/1744
f 402/469/402 1746/460/1746 1745/457/1745
f 42/470/42 324/471/324 1746/460/1746
f 324/471/324 323/472/323 1749/463/1749
f 323/472/323 322/474/322 1752/473/1752
f 322/474/322 33/4950/33 396/475/396
f 1752/473/1752 396/475/396 395/476/395
f 1751/464/1751 395/476/395 394/477/394
f 1750/462/1750 394/477/394 41/478/41
f 1747/458/1747 1750/462/1750 397/479/397
f 1744/459/1744 1747/458/1747 398/480/398
f 1754/481/1754 1757/485/1757 1756/482/1756
f 1755/484/1755 1758/487/1758 1757/485/1757
f 1757/485/1757 1760/488/1760 1759/486/1759
f 1758/487/1758 1761/497/1761 1760/488/1760
f 406/489/406 1753/483/1753 405/490/405
f 407/492/407 1754/481/1754 1753/483/1753
f 408/493/408 1755/484/1755 1754/481/1754
f 47/494/47 409/495/409 1755/484/1755
f 409/495/409 410/496/410 1758/487/1758
f 410/496/410 411/498/411 1761/497/1761
f 411/498/411 48/567/48 412/499/412
f 1761/497/1761 412/499/412 413/500/413
f 1760/488/1760 413/500/413 414/501/414
f 1759/486/1759 414/501/414 51/502/51
f 1756/482/1756 1759/486/1759 403/503/403
f 1753/483/1753 1756/482/1756 404/504/404
f 1763/505/1763 1766/509/1766 1765/506/1765
f 1764/508/1764 1767/511/1767 1766/509/1766
f 1766/509/1766 1769/512/1769 1768/510/1768
f 1767/511/1767 1770/521/1770 1769/512/1769
f 418/513/418 1762/507/1762 417/514/417
f 419/516/419 1763/505/1763 1762/507/1762
f 420/517/420 1764/508/1764 1763/505/1763
f 49/518/49 421/519/421 1764/508/1764
f 421/519/421 422/520/422 1767/511/1767
f 422/520/422 423/522/423 1770/521/1770
f 423/522/423 48/546/48 411/523/411
f 1770/521/1770 411/523/411 410/524/410
f 1769/512/1769 410/524/410 409/525/409
f 1768/510/1768 409/525/409 47/526/47
f 1765/506/1765 1768/510/1768 415/527/415
f 1762/507/1762 1765/506/1765 416/528/416
f 1771/529/1771 1772/532/1772 1775/530/1775
f 1772/532/1772 1773/541/1773 1776/533/1776
f 1774/531/1774 1775/530/1775 1778/534/1778
f 1775/530/1775 1776/533/1776 1779/536/1779
f 45/537/45 427/539/427 1771/529/1771
f 427/539/427 428/540/428 1772/532/1772
f 428/540/428 429/542/429 1773/541/1773
f 429/542/429 50/2442/50 430/543/430
f 1773/541/1773 430/543/430 431/544/431
f 1776/533/1776 431/544/431 432/545/432
f 1779/536/1779 432/545/432 48/546/48
f 1778/534/1778 1779/536/1779 423/522/423
f 1777/535/1777 1778/534/1778 422/547/422
f 424/549/424 1777/535/1777 421/548/421
f 425/551/425 1774/531/1774 1777/535/1777
f 426/538/426 1771/529/1771 1774/531/1774
f 1780/552/1780 1781/555/1781 1784/553/1784
f 1781/555/1781 1782/564/1782 1785/556/1785
f 1783/554/1783 1784/553/1784 1787/557/1787
f 1784/553/1784 1785/556/1785 1788/559/1788
f 46/560/46 436/562/436 1780/552/1780
f 436/562/436 437/563/437 1781/555/1781
f 437/563/437 438/565/438 1782/564/1782
f 438/565/438 51/502/51 414/566/414
f 1782/564/1782 414/566/414 413/500/413
f 1785/556/1785 413/500/413 412/499/412
f 1788/559/1788 412/499/412 48/567/48
f 1787/557/1787 1788/559/1788 432/568/432
f 1786/558/1786 1787/557/1787 431/569/431
f 433/571/433 1786/558/1786 430/570/430
f 434/573/434 1783/554/1783 1786/558/1786
f 435/561/435 1780/552/1780 1783/554/1783
f 1790/574/1790 1793/578/1793 1792/575/1792
f 1791/577/1791 1794/580/1794 1793/578/1793
f 1793/578/1793 1796/581/1796 1795/579/1795
f 1794/580/1794 1797/590/1797 1796/581/1796
f 442/582/442 1789/576/1789 441/583/441
f 443/585/443 1790/574/1790 1789/576/1789
f 444/586/444 1791/577/1791 1790/574/1790
f 56/587/56 445/588/445 1791/577/1791
f 445/588/445 446/589/446 1794/580/1794
f 446/589/446 447/591/447 1797/590/1797
f 447/591/447 57/615/57 448/592/448
f 1797/590/1797 448/592/448 449/593/449
f 1796/581/1796 449/593/449 450/594/450
f 1795/579/1795 450/594/450 60/595/60
f 1792/575/1792 1795/579/1795 439/596/439
f 1789/576/1789 1792/575/1792 440/597/440
f 1798/598/1798 1799/601/1799 1802/599/1802
f 1799/601/1799 1800/610/1800 1803/602/1803
f 1801/600/1801 1802/599/1802 1805/603/1805
f 1802/599/1802 1803/602/1803 1806/605/1806
f 53/606/53 454/608/454 1798/598/1798
f 454/608/454 455/609/455 1799/601/1799
f 455/609/455 456/611/456 1800/610/1800
f 456/611/456 58/2456/58 457/612/457
f 1800/610/1800 457/612/457 458/613/458
f 1803/602/1803 458/613/458 459/614/459
f 1806/605/1806 459/614/459 57/615/57
f 1805/603/1805 1806/605/1806 447/616/447
f 1804/604/1804 1805/603/1805 446/617/446
f 451/619/451 1804/604/1804 445/618/445
f 452/621/452 1801/600/1801 1804/604/1804
f 453/607/453 1798/598/1798 1801/600/1801
f 1807/622/1807 1808/625/1808 1811/623/1811
f 1808/625/1808 1809/634/1809 1812/626/1812
f 1810/624/1810 1811/623/1811 1814/627/1814
f 1811/623/1811 1812/626/1812 1815/629/1815
f 54/630/54 463/632/463 1807/622/1807
f 463/632/463 464/633/464 1808/625/1808
f 464/633/464 465/635/465 1809/634/1809
f 465/635/465 59/4951/59 466/636/466
f 1809/634/1809 466/636/466 467/637/467
f 1812/626/1812 467/637/467 468/638/468
f 1815/629/1815 468/638/468 57/639/57
f 1814/627/1814 1815/629/1815 459/640/459
f 1813/628/1813 1814/627/1814 458/641/458
f 460/643/460 1813/628/1813 457/642/457
f 461/645/461 1810/624/1810 1813/628/1813
f 462/631/462 1807/622/1807 1810/624/1810
f 1817/646/1817 1820/650/1820 1819/647/1819
f 1818/649/1818 1821/652/1821 1820/650/1820
f 1820/650/1820 1823/653/1823 1822/651/1822
f 1821/652/1821 1824/662/1824 1823/653/1823
f 472/654/472 1816/648/1816 471/655/471
f 473/657/473 1817/646/1817 1816/648/1816
f 474/658/474 1818/649/1818 1817/646/1817
f 60/659/60 450/660/450 1818/649/1818
f 450/660/450 449/661/449 1821/652/1821
f 449/661/449 448/663/448 1824/662/1824
f 448/663/448 57/639/57 468/664/468
f 1824/662/1824 468/664/468 467/665/467
f 1823/653/1823 467/665/467 466/666/466
f 1822/651/1822 466/666/466 59/667/59
f 1819/647/1819 1822/651/1822 469/668/469
f 1816/648/1816 1819/647/1819 470/669/470
f 1826/670/1826 1829/674/1829 1828/671/1828
f 1827/673/1827 1830/676/1830 1829/674/1829
f 1829/674/1829 1832/677/1832 1831/675/1831
f 1830/676/1830 1833/686/1833 1832/677/1832
f 478/678/478 1825/672/1825 477/679/477
f 479/681/479 1826/670/1826 1825/672/1825
f 480/682/480 1827/673/1827 1826/670/1826
f 65/683/65 481/684/481 1827/673/1827
f 481/684/481 482/685/482 1830/676/1830
f 482/685/482 483/687/483 1833/686/1833
f 483/687/483 66/4952/66 484/688/484
f 1833/686/1833 484/688/484 485/689/485
f 1832/677/1832 485/689/485 486/690/486
f 1831/675/1831 486/690/486 69/691/69
f 1828/671/1828 1831/675/1831 475/692/475
f 1825/672/1825 1828/671/1828 476/693/476
f 1834/694/1834 1835/697/1835 1838/695/1838
f 1835/697/1835 1836/706/1836 1839/698/1839
f 1837/696/1837 1838/695/1838 1841/699/1841
f 1838/695/1838 1839/698/1839 1842/701/1842
f 62/702/62 490/704/490 1834/694/1834
f 490/704/490 491/705/491 1835/697/1835
f 491/705/491 492/707/492 1836/706/1836
f 492/707/492 67/738/67 493/708/493
f 1836/706/1836 493/708/493 494/709/494
f 1839/698/1839 494/709/494 495/710/495
f 1842/701/1842 495/710/495 66/711/66
f 1841/699/1841 1842/701/1842 483/712/483
f 1840/700/1840 1841/699/1841 482/713/482
f 487/715/487 1840/700/1840 481/714/481
f 488/717/488 1837/696/1837 1840/700/1840
f 489/703/489 1834/694/1834 1837/696/1837
f 1843/718/1843 1844/721/1844 1847/719/1847
f 1844/721/1844 1845/730/1845 1848/722/1848
f 1846/720/1846 1847/719/1847 1850/723/1850
f 1847/719/1847 1848/722/1848 1851/725/1851
f 63/726/63 499/728/499 1843/718/1843
f 499/728/499 500/729/500 1844/721/1844
f 500/729/500 501/731/501 1845/730/1845
f 501/731/501 68/3874/68 502/732/502
f 1845/730/1845 502/732/502 503/733/503
f 1848/722/1848 503/733/503 504/734/504
f 1851/725/1851 504/734/504 66/735/66
f 1850/723/1850 1851/725/1851 495/710/495
f 1849/724/1849 1850/723/1850 494/736/494
f 496/737/496 1849/724/1849 493/708/493
f 497/739/497 1846/720/1846 1849/724/1849
f 498/727/498 1843/718/1843 1846/720/1846
f 1853/740/1853 1856/744/1856 1855/741/1855
f 1854/743/1854 1857/746/1857 1856/744/1856
f 1856/744/1856 1859/747/1859 1858/745/1858
f 1857/746/1857 1860/755/1860 1859/747/1859
f 508/748/508 1852/742/1852 507/749/507
f 509/751/509 1853/740/1853 1852/742/1852
f 510/752/510 1854/743/1854 1853/740/1853
f 69/753/69 486/754/486 1854/743/1854
f 486/754/486 485/689/485 1857/746/1857
f 485/689/485 484/688/484 1860/755/1860
f 484/688/484 66/4952/66 504/756/504
f 1860/755/1860 504/756/504 503/757/503
f 1859/747/1859 503/757/503 502/758/502
f 1858/745/1858 502/758/502 68/759/68
f 1855/741/1855 1858/745/1858 505/760/505
f 1852/742/1852 1855/741/1855 506/761/506
f 1862/762/1862 1865/766/1865 1864/763/1864
f 1863/765/1863 1866/768/1866 1865/766/1865
f 1865/766/1865 1868/769/1868 1867/767/1867
f 1866/768/1866 1869/778/1869 1868/769/1868
f 514/770/514 1861/764/1861 513/771/513
f 515/773/515 1862/762/1862 1861/764/1861
f 516/774/516 1863/765/1863 1862/762/1862
f 74/775/74 517/776/517 1863/765/1863
f 517/776/517 518/777/518 1866/768/1866
f 518/777/518 519/779/519 1869/778/1869
f 519/779/519 75/4953/75 520/780/520
f 1869/778/1869 520/780/520 521/781/521
f 1868/769/1868 521/781/521 522/782/522
f 1867/767/1867 522/782/522 78/783/78
f 1864/763/1864 1867/767/1867 511/784/511
f 1861/764/1861 1864/763/1864 512/785/512
f 1871/786/1871 1874/790/1874 1873/787/1873
f 1872/789/1872 1875/792/1875 1874/790/1874
f 1874/790/1874 1877/793/1877 1876/791/1876
f 1875/792/1875 1878/802/1878 1877/793/1877
f 526/794/526 1870/788/1870 525/795/525
f 527/797/527 1871/786/1871 1870/788/1870
f 528/798/528 1872/789/1872 1871/786/1871
f 76/799/76 529/800/529 1872/789/1872
f 529/800/529 530/801/530 1875/792/1875
f 530/801/530 531/803/531 1878/802/1878
f 531/803/531 75/4953/75 519/804/519
f 1878/802/1878 519/804/519 518/805/518
f 1877/793/1877 518/805/518 517/806/517
f 1876/791/1876 517/806/517 74/807/74
f 1873/787/1873 1876/791/1876 523/808/523
f 1870/788/1870 1873/787/1873 524/809/524
f 1879/810/1879 1880/813/1880 1883/811/1883
f 1880/813/1880 1881/822/1881 1884/814/1884
f 1882/812/1882 1883/811/1883 1886/815/1886
f 1883/811/1883 1884/814/1884 1887/817/1887
f 72/818/72 535/820/535 1879/810/1879
f 535/820/535 536/821/536 1880/813/1880
f 536/821/536 537/823/537 1881/822/1881
f 537/823/537 77/856/77 538/824/538
f 1881/822/1881 538/824/538 539/825/539
f 1884/814/1884 539/825/539 540/826/540
f 1887/817/1887 540/826/540 75/827/75
f 1886/815/1886 1887/817/1887 531/828/531
f 1885/816/1885 1886/815/1886 530/829/530
f 532/831/532 1885/816/1885 529/830/529
f 533/833/533 1882/812/1882 1885/816/1885
f 534/819/534 1879/810/1879 1882/812/1882
f 1888/834/1888 1889/837/1889 1892/835/1892
f 1889/837/1889 1890/846/1890 1893/838/1893
f 1891/836/1891 1892/835/1892 1895/839/1895
f 1892/835/1892 1893/838/1893 1896/841/1896
f 73/842/73 544/844/544 1888/834/1888
f 544/844/544 545/845/545 1889/837/1889
f 545/845/545 546/847/546 1890/846/1890
f 546/847/546 78/3913/78 522/848/522
f 1890/846/1890 522/848/522 521/849/521
f 1893/838/1893 521/849/521 520/850/520
f 1896/841/1896 520/850/520 75/851/75
f 1895/839/1895 1896/841/1896 540/852/540
f 1894/840/1894 1895/839/1895 539/853/539
f 541/855/541 1894/840/1894 538/854/538
f 542/857/542 1891/836/1891 1894/840/1894
f 543/843/543 1888/834/1888 1891/836/1891
f 1897/858/1897 1898/861/1898 1901/859/1901
f 1898/861/1898 1899/870/1899 1902/862/1902
f 1900/860/1900 1901/859/1901 1904/863/1904
f 1901/859/1901 1902/862/1902 1905/865/1905
f 79/866/79 550/868/550 1897/858/1897
f 550/868/550 551/869/551 1898/861/1898
f 551/869/551 552/871/552 1899/870/1899
f 552/871/552 83/3876/83 553/872/553
f 1899/870/1899 553/872/553 554/873/554
f 1902/862/1902 554/873/554 555/874/555
f 1905/865/1905 555/874/555 84/875/84
f 1904/863/1904 1905/865/1905 556/876/556
f 1903/864/1903 1904/863/1904 557/877/557
f 547/879/547 1903/864/1903 558/878/558
f 548/881/548 1900/860/1900 1903/864/1903
f 549/867/549 1897/858/1897 1900/860/1900
f 1907/882/1907 1910/886/1910 1909/883/1909
f 1908/885/1908 1911/888/1911 1910/886/1910
f 1910/886/1910 1913/889/1913 1912/887/1912
f 1911/888/1911 1914/898/1914 1913/889/1913
f 562/890/562 1906/884/1906 561/891/561
f 563/893/563 1907/882/1907 1906/884/1906
f 564/894/564 1908/885/1908 1907/882/1907
f 85/895/85 565/896/565 1908/885/1908
f 565/896/565 566/897/566 1911/888/1911
f 566/897/566 567/899/567 1914/898/1914
f 567/899/567 84/4954/84 555/900/555
f 1914/898/1914 555/900/555 554/901/554
f 1913/889/1913 554/901/554 553/902/553
f 1912/887/1912 553/902/553 83/903/83
f 1909/883/1909 1912/887/1912 559/904/559
f 1906/884/1906 1909/883/1909 560/905/560
f 1916/906/1916 1919/910/1919 1918/907/1918
f 1917/909/1917 1920/912/1920 1919/910/1919
f 1919/910/1919 1922/913/1922 1921/911/1921
f 1920/912/1920 1923/922/1923 1922/913/1922
f 571/914/571 1915/908/1915 570/915/570
f 572/917/572 1916/906/1916 1915/908/1915
f 573/918/573 1917/909/1917 1916/906/1916
f 86/919/86 574/920/574 1917/909/1917
f 574/920/574 575/921/575 1920/912/1920
f 575/921/575 576/923/576 1923/922/1923
f 576/923/576 84/4955/84 567/899/567
f 1923/922/1923 567/899/567 566/897/566
f 1922/913/1922 566/897/566 565/924/565
f 1921/911/1921 565/924/565 85/895/85
f 1918/907/1918 1921/911/1921 568/925/568
f 1915/908/1915 1918/907/1918 569/926/569
f 1924/927/1924 1925/930/1925 1928/928/1928
f 1925/930/1925 1926/939/1926 1929/931/1929
f 1927/929/1927 1928/928/1928 1931/932/1931
f 1928/928/1928 1929/931/1929 1932/934/1932
f 82/935/82 580/937/580 1924/927/1924
f 580/937/580 581/938/581 1925/930/1925
f 581/938/581 582/940/582 1926/939/1926
f 582/940/582 87/4956/87 558/941/558
f 1926/939/1926 558/941/558 557/942/557
f 1929/931/1929 557/942/557 556/943/556
f 1932/934/1932 556/943/556 84/944/84
f 1931/932/1931 1932/934/1932 576/945/576
f 1930/933/1930 1931/932/1931 575/946/575
f 577/948/577 1930/933/1930 574/947/574
f 578/950/578 1927/929/1927 1930/933/1930
f 579/936/579 1924/927/1924 1927/929/1927
f 1933/951/1933 1934/954/1934 1937/952/1937
f 1934/954/1934 1935/963/1935 1938/955/1938
f 1936/953/1936 1937/952/1937 1940/956/1940
f 1937/952/1937 1938/955/1938 1941/958/1941
f 88/959/88 586/961/586 1933/951/1933
f 586/961/586 587/962/587 1934/954/1934
f 587/962/587 588/964/588 1935/963/1935
f 588/964/588 92/997/92 589/965/589
f 1935/963/1935 589/965/589 590/966/590
f 1938/955/1938 590/966/590 591/967/591
f 1941/958/1941 591/967/591 93/968/93
f 1940/956/1940 1941/958/1941 592/969/592
f 1939/957/1939 1940/956/1940 593/970/593
f 583/972/583 1939/957/1939 594/971/594
f 584/974/584 1936/953/1936 1939/957/1939
f 585/960/585 1933/951/1933 1936/953/1936
f 1942/975/1942 1943/978/1943 1946/976/1946
f 1943/978/1943 1944/987/1944 1947/979/1947
f 1945/977/1945 1946/976/1946 1949/980/1949
f 1946/976/1946 1947/979/1947 1950/982/1950
f 89/983/89 598/985/598 1942/975/1942
f 598/985/598 599/986/599 1943/978/1943
f 599/986/599 600/988/600 1944/987/1944
f 600/988/600 94/3740/94 601/989/601
f 1944/987/1944 601/989/601 602/990/602
f 1947/979/1947 602/990/602 603/991/603
f 1950/982/1950 603/991/603 93/992/93
f 1949/980/1949 1950/982/1950 591/993/591
f 1948/981/1948 1949/980/1949 590/994/590
f 595/996/595 1948/981/1948 589/995/589
f 596/998/596 1945/977/1945 1948/981/1948
f 597/984/597 1942/975/1942 1945/977/1945
f 1952/999/1952 1955/1003/1955 1954/1000/1954
f 1953/1002/1953 1956/1005/1956 1955/1003/1955
f 1955/1003/1955 1958/1006/1958 1957/1004/1957
f 1956/1005/1956 1959/1015/1959 1958/1006/1958
f 607/1007/607 1951/1001/1951 606/1008/606
f 608/1010/608 1952/999/1952 1951/1001/1951
f 609/1011/609 1953/1002/1953 1952/999/1952
f 95/1012/95 610/1013/610 1953/1002/1953
f 610/1013/610 611/1014/611 1956/1005/1956
f 611/1014/611 612/1016/612 1959/1015/1959
f 612/1016/612 93/4957/93 603/1017/603
f 1959/1015/1959 603/1017/603 602/1018/602
f 1958/1006/1958 602/1018/602 601/1019/601
f 1957/1004/1957 601/1019/601 94/1020/94
f 1954/1000/1954 1957/1004/1957 604/1021/604
f 1951/1001/1951 1954/1000/1954 605/1022/605
f 1961/1023/1961 1964/1027/1964 1963/1024/1963
f 1962/1026/1962 1965/1029/1965 1964/1027/1964
f 1964/1027/1964 1967/1030/1967 1966/1028/1966
f 1965/1029/1965 1968/1037/1968 1967/1030/1967
f 616/1031/616 1960/1025/1960 615/1032/615
f 617/1034/617 1961/1023/1961 1960/1025/1960
f 618/1035/618 1962/1026/1962 1961/1023/1961
f 96/973/96 594/1036/594 1962/1026/1962
f 594/1036/594 593/970/593 1965/1029/1965
f 593/970/593 592/1038/592 1968/1037/1968
f 592/1038/592 93/4958/93 612/1016/612
f 1968/1037/1968 612/1016/612 611/1039/611
f 1967/1030/1967 611/1039/611 610/1040/610
f 1966/1028/1966 610/1040/610 95/1012/95
f 1963/1024/1963 1966/1028/1966 613/1041/613
f 1960/1025/1960 1963/1024/1963 614/1042/614
f 1970/1043/1970 1973/1047/1973 1972/1044/1972
f 1971/1046/1971 1974/1049/1974 1973/1047/1973
f 1973/1047/1973 1976/1050/1976 1975/1048/1975
f 1974/1049/1974 1977/1059/1977 1976/1050/1976
f 622/1051/622 1969/1045/1969 621/1052/621
f 623/1054/623 1970/1043/1970 1969/1045/1969
f 624/1055/624 1971/1046/1971 1970/1043/1970
f 101/1056/101 625/1057/625 1971/1046/1971
f 625/1057/625 626/1058/626 1974/1049/1974
f 626/1058/626 627/1060/627 1977/1059/1977
f 627/1060/627 102/4959/102 628/1061/628
f 1977/1059/1977 628/1061/628 629/1062/629
f 1976/1050/1976 629/1062/629 630/1063/630
f 1975/1048/1975 630/1063/630 105/1064/105
f 1972/1044/1972 1975/1048/1975 619/1065/619
f 1969/1045/1969 1972/1044/1972 620/1066/620
f 1978/1067/1978 1979/1070/1979 1982/1068/1982
f 1979/1070/1979 1980/1079/1980 1983/1071/1983
f 1981/1069/1981 1982/1068/1982 1985/1072/1985
f 1982/1068/1982 1983/1071/1983 1986/1074/1986
f 98/1075/98 634/1077/634 1978/1067/1978
f 634/1077/634 635/1078/635 1979/1070/1979
f 635/1078/635 636/1080/636 1980/1079/1980
f 636/1080/636 103/1112/103 637/1081/637
f 1980/1079/1980 637/1081/637 638/1082/638
f 1983/1071/1983 638/1082/638 639/1083/639
f 1986/1074/1986 639/1083/639 102/1084/102
f 1985/1072/1985 1986/1074/1986 627/1060/627
f 1984/1073/1984 1985/1072/1985 626/1085/626
f 631/1087/631 1984/1073/1984 625/1086/625
f 632/1089/632 1981/1069/1981 1984/1073/1984
f 633/1076/633 1978/1067/1978 1981/1069/1981
f 1987/1090/1987 1988/1093/1988 1991/1091/1991
f 1988/1093/1988 1989/1102/1989 1992/1094/1992
f 1990/1092/1990 1991/1091/1991 1994/1095/1994
f 1991/1091/1991 1992/1094/1992 1995/1097/1995
f 99/1098/99 643/1100/643 1987/1090/1987
f 643/1100/643 644/1101/644 1988/1093/1988
f 644/1101/644 645/1103/645 1989/1102/1989
f 645/1103/645 104/1134/104 646/1104/646
f 1989/1102/1989 646/1104/646 647/1105/647
f 1992/1094/1992 647/1105/647 648/1106/648
f 1995/1097/1995 648/1106/648 102/1107/102
f 1994/1095/1994 1995/1097/1995 639/1108/639
f 1993/1096/1993 1994/1095/1994 638/1109/638
f 640/1111/640 1993/1096/1993 637/1110/637
f 641/1113/641 1990/1092/1990 1993/1096/1993
f 642/1099/642 1987/1090/1987 1990/1092/1990
f 1997/1114/1997 2000/1118/2000 1999/1115/1999
f 1998/1117/1998 2001/1120/2001 2000/1118/2000
f 2000/1118/2000 2003/1121/2003 2002/1119/2002
f 2001/1120/2001 2004/1130/2004 2003/1121/2003
f 652/1122/652 1996/1116/1996 651/1123/651
f 653/1125/653 1997/1114/1997 1996/1116/1996
f 654/1126/654 1998/1117/1998 1997/1114/1997
f 105/1127/105 630/1128/630 1998/1117/1998
f 630/1128/630 629/1129/629 2001/1120/2001
f 629/1129/629 628/1131/628 2004/1130/2004
f 628/1131/628 102/1084/102 648/1106/648
f 2004/1130/2004 648/1106/648 647/1132/647
f 2003/1121/2003 647/1132/647 646/1133/646
f 2002/1119/2002 646/1133/646 104/1134/104
f 1999/1115/1999 2002/1119/2002 649/1135/649
f 1996/1116/1996 1999/1115/1999 650/1136/650
f 2006/1137/2006 2009/1141/2009 2008/1138/2008
f 2007/1140/2007 2010/1143/2010 2009/1141/2009
f 2009/1141/2009 2012/1144/2012 2011/1142/2011
f 2010/1143/2010 2013/1153/2013 2012/1144/2012
f 658/1145/658 2005/1139/2005 657/1146/657
f 659/1148/659 2006/1137/2006 2005/1139/2005
f 660/1149/660 2007/1140/2007 2006/1137/2006
f 110/1150/110 661/1151/661 2007/1140/2007
f 661/1151/661 662/1152/662 2010/1143/2010
f 662/1152/662 663/1154/663 2013/1153/2013
f 663/1154/663 111/4960/111 664/1155/664
f 2013/1153/2013 664/1155/664 665/1156/665
f 2012/1144/2012 665/1156/665 666/1157/666
f 2011/1142/2011 666/1157/666 114/1158/114
f 2008/1138/2008 2011/1142/2011 655/1159/655
f 2005/1139/2005 2008/1138/2008 656/1160/656
f 2015/1161/2015 2018/1165/2018 2017/1162/2017
f 2016/1164/2016 2019/1167/2019 2018/1165/2018
f 2018/1165/2018 2021/1168/2021 2020/1166/2020
f 2019/1167/2019 2022/1177/2022 2021/1168/2021
f 670/1169/670 2014/1163/2014 669/1170/669
f 671/1172/671 2015/1161/2015 2014/1163/2014
f 672/1173/672 2016/1164/2016 2015/1161/2015
f 112/1174/112 673/1175/673 2016/1164/2016
f 673/1175/673 674/1176/674 2019/1167/2019
f 674/1176/674 675/1178/675 2022/1177/2022
f 675/1178/675 111/4960/111 663/1179/663
f 2022/1177/2022 663/1179/663 662/1180/662
f 2021/1168/2021 662/1180/662 661/1151/661
f 2020/1166/2020 661/1151/661 110/1181/110
f 2017/1162/2017 2020/1166/2020 667/1182/667
f 2014/1163/2014 2017/1162/2017 668/1183/668
f 2023/1184/2023 2024/1187/2024 2027/1185/2027
f 2024/1187/2024 2025/1196/2025 2028/1188/2028
f 2026/1186/2026 2027/1185/2027 2030/1189/2030
f 2027/1185/2027 2028/1188/2028 2031/1191/2031
f 108/1192/108 679/1194/679 2023/1184/2023
f 679/1194/679 680/1195/680 2024/1187/2024
f 680/1195/680 681/1197/681 2025/1196/2025
f 681/1197/681 113/1229/113 682/1198/682
f 2025/1196/2025 682/1198/682 683/1199/683
f 2028/1188/2028 683/1199/683 684/1200/684
f 2031/1191/2031 684/1200/684 111/1201/111
f 2030/1189/2030 2031/1191/2031 675/1202/675
f 2029/1190/2029 2030/1189/2030 674/1203/674
f 676/1205/676 2029/1190/2029 673/1204/673
f 677/1207/677 2026/1186/2026 2029/1190/2029
f 678/1193/678 2023/1184/2023 2026/1186/2026
f 2032/1208/2032 2033/1211/2033 2036/1209/2036
f 2033/1211/2033 2034/1220/2034 2037/1212/2037
f 2035/1210/2035 2036/1209/2036 2039/1213/2039
f 2036/1209/2036 2037/1212/2037 2040/1215/2040
f 109/1216/109 688/1218/688 2032/1208/2032
f 688/1218/688 689/1219/689 2033/1211/2033
f 689/1219/689 690/1221/690 2034/1220/2034
f 690/1221/690 114/3755/114 666/1222/666
f 2034/1220/2034 666/1222/666 665/1223/665
f 2037/1212/2037 665/1223/665 664/1224/664
f 2040/1215/2040 664/1224/664 111/1225/111
f 2039/1213/2039 2040/1215/2040 684/1226/684
f 2038/1214/2038 2039/1213/2039 683/1199/683
f 685/1228/685 2038/1214/2038 682/1227/682
f 686/1230/686 2035/1210/2035 2038/1214/2038
f 687/1217/687 2032/1208/2032 2035/1210/2035
f 2041/1231/2041 2042/1234/2042 2045/1232/2045
f 2042/1234/2042 2043/1243/2043 2046/1235/2046
f 2044/1233/2044 2045/1232/2045 2048/1236/2048
f 2045/1232/2045 2046/1235/2046 2049/1238/2049
f 115/1239/115 694/1241/694 2041/1231/2041
f 694/1241/694 695/1242/695 2042/1234/2042
f 695/1242/695 696/1244/696 2043/1243/2043
f 696/1244/696 119/3713/119 697/1245/697
f 2043/1243/2043 697/1245/697 698/1246/698
f 2046/1235/2046 698/1246/698 699/1247/699
f 2049/1238/2049 699/1247/699 120/1248/120
f 2048/1236/2048 2049/1238/2049 700/1249/700
f 2047/1237/2047 2048/1236/2048 701/1250/701
f 691/1252/691 2047/1237/2047 702/1251/702
f 692/1254/692 2044/1233/2044 2047/1237/2047
f 693/1240/693 2041/1231/2041 2044/1233/2044
f 2051/1255/2051 2054/1259/2054 2053/1256/2053
f 2052/1258/2052 2055/1261/2055 2054/1259/2054
f 2054/1259/2054 2057/1262/2057 2056/1260/2056
f 2055/1261/2055 2058/1271/2058 2057/1262/2057
f 706/1263/706 2050/1257/2050 705/1264/705
f 707/1266/707 2051/1255/2051 2050/1257/2050
f 708/1267/708 2052/1258/2052 2051/1255/2051
f 121/1268/121 709/1269/709 2052/1258/2052
f 709/1269/709 710/1270/710 2055/1261/2055
f 710/1270/710 711/1272/711 2058/1271/2058
f 711/1272/711 120/4961/120 699/1247/699
f 2058/1271/2058 699/1247/699 698/1273/698
f 2057/1262/2057 698/1273/698 697/1274/697
f 2056/1260/2056 697/1274/697 119/1275/119
f 2053/1256/2053 2056/1260/2056 703/1276/703
f 2050/1257/2050 2053/1256/2053 704/1277/704
f 2060/1278/2060 2063/1282/2063 2062/1279/2062
f 2061/1281/2061 2064/1284/2064 2063/1282/2063
f 2063/1282/2063 2066/1285/2066 2065/1283/2065
f 2064/1284/2064 2067/1294/2067 2066/1285/2066
f 715/1286/715 2059/1280/2059 714/1287/714
f 716/1289/716 2060/1278/2060 2059/1280/2059
f 717/1290/717 2061/1281/2061 2060/1278/2060
f 122/1291/122 718/1292/718 2061/1281/2061
f 718/1292/718 719/1293/719 2064/1284/2064
f 719/1293/719 720/1295/720 2067/1294/2067
f 720/1295/720 120/4962/120 711/1296/711
f 2067/1294/2067 711/1296/711 710/1297/710
f 2066/1285/2066 710/1297/710 709/1298/709
f 2065/1283/2065 709/1298/709 121/1268/121
f 2062/1279/2062 2065/1283/2065 712/1299/712
f 2059/1280/2059 2062/1279/2062 713/1300/713
f 2068/1301/2068 2069/1304/2069 2072/1302/2072
f 2069/1304/2069 2070/1313/2070 2073/1305/2073
f 2071/1303/2071 2072/1302/2072 2075/1306/2075
f 2072/1302/2072 2073/1305/2073 2076/1308/2076
f 118/1309/118 724/1311/724 2068/1301/2068
f 724/1311/724 725/1312/725 2069/1304/2069
f 725/1312/725 726/1314/726 2070/1313/2070
f 726/1314/726 123/1253/123 702/1251/702
f 2070/1313/2070 702/1251/702 701/1250/701
f 2073/1305/2073 701/1250/701 700/1315/700
f 2076/1308/2076 700/1315/700 120/1248/120
f 2075/1306/2075 2076/1308/2076 720/1316/720
f 2074/1307/2074 2075/1306/2075 719/1317/719
f 721/1319/721 2074/1307/2074 718/1318/718
f 722/1321/722 2071/1303/2071 2074/1307/2074
f 723/1310/723 2068/1301/2068 2071/1303/2071
f 2077/1322/2077 2078/1325/2078 2081/1323/2081
f 2078/1325/2078 2079/1334/2079 2082/1326/2082
f 2080/1324/2080 2081/1323/2081 2084/1327/2084
f 2081/1323/2081 2082/1326/2082 2085/1329/2085
f 124/1330/124 730/1332/730 2077/1322/2077
f 730/1332/730 731/1333/731 2078/1325/2078
f 731/1333/731 732/1335/732 2079/1334/2079
f 732/1335/732 128/1368/128 733/1336/733
f 2079/1334/2079 733/1336/733 734/1337/734
f 2082/1326/2082 734/1337/734 735/1338/735
f 2085/1329/2085 735/1338/735 129/1339/129
f 2084/1327/2084 2085/1329/2085 736/1340/736
f 2083/1328/2083 2084/1327/2084 737/1341/737
f 727/1343/727 2083/1328/2083 738/1342/738
f 728/1345/728 2080/1324/2080 2083/1328/2083
f 729/1331/729 2077/1322/2077 2080/1324/2080
f 2086/1346/2086 2087/1349/2087 2090/1347/2090
f 2087/1349/2087 2088/1358/2088 2091/1350/2091
f 2089/1348/2089 2090/1347/2090 2093/1351/2093
f 2090/1347/2090 2091/1350/2091 2094/1353/2094
f 125/1354/125 742/1356/742 2086/1346/2086
f 742/1356/742 743/1357/743 2087/1349/2087
f 743/1357/743 744/1359/744 2088/1358/2088
f 744/1359/744 130/1390/130 745/1360/745
f 2088/1358/2088 745/1360/745 746/1361/746
f 2091/1350/2091 746/1361/746 747/1362/747
f 2094/1353/2094 747/1362/747 129/1363/129
f 2093/1351/2093 2094/1353/2094 735/1364/735
f 2092/1352/2092 2093/1351/2093 734/1365/734
f 739/1367/739 2092/1352/2092 733/1366/733
f 740/1369/740 2089/1348/2089 2092/1352/2092
f 741/1355/741 2086/1346/2086 2089/1348/2089
f 2096/1370/2096 2099/1374/2099 2098/1371/2098
f 2097/1373/2097 2100/1376/2100 2099/1374/2099
f 2099/1374/2099 2102/1377/2102 2101/1375/2101
f 2100/1376/2100 2103/1386/2103 2102/1377/2102
f 751/1378/751 2095/1372/2095 750/1379/750
f 752/1381/752 2096/1370/2096 2095/1372/2095
f 753/1382/753 2097/1373/2097 2096/1370/2096
f 131/1383/131 754/1384/754 2097/1373/2097
f 754/1384/754 755/1385/755 2100/1376/2100
f 755/1385/755 756/1387/756 2103/1386/2103
f 756/1387/756 129/4963/129 747/1362/747
f 2103/1386/2103 747/1362/747 746/1388/746
f 2102/1377/2102 746/1388/746 745/1389/745
f 2101/1375/2101 745/1389/745 130/1390/130
f 2098/1371/2098 2101/1375/2101 748/1391/748
f 2095/1372/2095 2098/1371/2098 749/1392/749
f 2105/1393/2105 2108/1397/2108 2107/1394/2107
f 2106/1396/2106 2109/1399/2109 2108/1397/2108
f 2108/1397/2108 2111/1400/2111 2110/1398/2110
f 2109/1399/2109 2112/1408/2112 2111/1400/2111
f 760/1401/760 2104/1395/2104 759/1402/759
f 761/1404/761 2105/1393/2105 2104/1395/2104
f 762/1405/762 2106/1396/2106 2105/1393/2105
f 132/1344/132 738/1406/738 2106/1396/2106
f 738/1406/738 737/1407/737 2109/1399/2109
f 737/1407/737 736/1409/736 2112/1408/2112
f 736/1409/736 129/1339/129 756/1410/756
f 2112/1408/2112 756/1410/756 755/1411/755
f 2111/1400/2111 755/1411/755 754/1412/754
f 2110/1398/2110 754/1412/754 131/1383/131
f 2107/1394/2107 2110/1398/2110 757/1413/757
f 2104/1395/2104 2107/1394/2107 758/1414/758
f 2114/1415/2114 2117/1419/2117 2116/1416/2116
f 2115/1418/2115 2118/1421/2118 2117/1419/2117
f 2117/1419/2117 2120/1422/2120 2119/1420/2119
f 2118/1421/2118 2121/1431/2121 2120/1422/2120
f 766/1423/766 2113/1417/2113 765/1424/765
f 767/1426/767 2114/1415/2114 2113/1417/2113
f 768/1427/768 2115/1418/2115 2114/1415/2114
f 137/1428/137 769/1429/769 2115/1418/2115
f 769/1429/769 770/1430/770 2118/1421/2118
f 770/1430/770 771/1432/771 2121/1431/2121
f 771/1432/771 138/4964/138 772/1433/772
f 2121/1431/2121 772/1433/772 773/1434/773
f 2120/1422/2120 773/1434/773 774/1435/774
f 2119/1420/2119 774/1435/774 141/1436/141
f 2116/1416/2116 2119/1420/2119 763/1437/763
f 2113/1417/2113 2116/1416/2116 764/1438/764
f 2122/1439/2122 2123/1442/2123 2126/1440/2126
f 2123/1442/2123 2124/1451/2124 2127/1443/2127
f 2125/1441/2125 2126/1440/2126 2129/1444/2129
f 2126/1440/2126 2127/1443/2127 2130/1446/2130
f 134/1447/134 778/1449/778 2122/1439/2122
f 778/1449/778 779/1450/779 2123/1442/2123
f 779/1450/779 780/1452/780 2124/1451/2124
f 780/1452/780 139/1484/139 781/1453/781
f 2124/1451/2124 781/1453/781 782/1454/782
f 2127/1443/2127 782/1454/782 783/1455/783
f 2130/1446/2130 783/1455/783 138/1456/138
f 2129/1444/2129 2130/1446/2130 771/1457/771
f 2128/1445/2128 2129/1444/2129 770/1458/770
f 775/1459/775 2128/1445/2128 769/1429/769
f 776/1461/776 2125/1441/2125 2128/1445/2128
f 777/1448/777 2122/1439/2122 2125/1441/2125
f 2131/1462/2131 2132/1465/2132 2135/1463/2135
f 2132/1465/2132 2133/1474/2133 2136/1466/2136
f 2134/1464/2134 2135/1463/2135 2138/1467/2138
f 2135/1463/2135 2136/1466/2136 2139/1469/2139
f 135/1470/135 787/1472/787 2131/1462/2131
f 787/1472/787 788/1473/788 2132/1465/2132
f 788/1473/788 789/1475/789 2133/1474/2133
f 789/1475/789 140/4965/140 790/1476/790
f 2133/1474/2133 790/1476/790 791/1477/791
f 2136/1466/2136 791/1477/791 792/1478/792
f 2139/1469/2139 792/1478/792 138/1479/138
f 2138/1467/2138 2139/1469/2139 783/1480/783
f 2137/1468/2137 2138/1467/2138 782/1481/782
f 784/1483/784 2137/1468/2137 781/1482/781
f 785/1485/785 2134/1464/2134 2137/1468/2137
f 786/1471/786 2131/1462/2131 2134/1464/2134
f 2141/1486/2141 2144/1490/2144 2143/1487/2143
f 2142/1489/2142 2145/1492/2145 2144/1490/2144
f 2144/1490/2144 2147/1493/2147 2146/1491/2146
f 2145/1492/2145 2148/1500/2148 2147/1493/2147
f 796/1494/796 2140/1488/2140 795/1495/795
f 797/1497/797 2141/1486/2141 2140/1488/2140
f 798/1498/798 2142/1489/2142 2141/1486/2141
f 141/1436/141 774/1499/774 2142/1489/2142
f 774/1499/774 773/1434/773 2145/1492/2145
f 773/1434/773 772/1501/772 2148/1500/2148
f 772/1501/772 138/4966/138 792/1502/792
f 2148/1500/2148 792/1502/792 791/1503/791
f 2147/1493/2147 791/1503/791 790/1504/790
f 2146/1491/2146 790/1504/790 140/1505/140
f 2143/1487/2143 2146/1491/2146 793/1506/793
f 2140/1488/2140 2143/1487/2143 794/1507/794
f 2149/1508/2149 2150/1511/2150 2153/1509/2153
f 2150/1511/2150 2151/1520/2151 2154/1512/2154
f 2152/1510/2152 2153/1509/2153 2156/1513/2156
f 2153/1509/2153 2154/1512/2154 2157/1515/2157
f 142/1516/142 802/1518/802 2149/1508/2149
f 802/1518/802 803/1519/803 2150/1511/2150
f 803/1519/803 804/1521/804 2151/1520/2151
f 804/1521/804 146/4967/146 805/1522/805
f 2151/1520/2151 805/1522/805 806/1523/806
f 2154/1512/2154 806/1523/806 807/1524/807
f 2157/1515/2157 807/1524/807 147/1525/147
f 2156/1513/2156 2157/1515/2157 808/1526/808
f 2155/1514/2155 2156/1513/2156 809/1527/809
f 799/1529/799 2155/1514/2155 810/1528/810
f 800/1531/800 2152/1510/2152 2155/1514/2155
f 801/1517/801 2149/1508/2149 2152/1510/2152
f 2159/1532/2159 2162/1536/2162 2161/1533/2161
f 2160/1535/2160 2163/1538/2163 2162/1536/2162
f 2162/1536/2162 2165/1539/2165 2164/1537/2164
f 2163/1538/2163 2166/1548/2166 2165/1539/2165
f 814/1540/814 2158/1534/2158 813/1541/813
f 815/1543/815 2159/1532/2159 2158/1534/2158
f 816/1544/816 2160/1535/2160 2159/1532/2159
f 148/1545/148 817/1546/817 2160/1535/2160
f 817/1546/817 818/1547/818 2163/1538/2163
f 818/1547/818 819/1549/819 2166/1548/2166
f 819/1549/819 147/4968/147 807/1550/807
f 2166/1548/2166 807/1550/807 806/1551/806
f 2165/1539/2165 806/1551/806 805/1552/805
f 2164/1537/2164 805/1552/805 146/1553/146
f 2161/1533/2161 2164/1537/2164 811/1554/811
f 2158/1534/2158 2161/1533/2161 812/1555/812
f 2168/1556/2168 2171/1560/2171 2170/1557/2170
f 2169/1559/2169 2172/1562/2172 2171/1560/2171
f 2171/1560/2171 2174/1563/2174 2173/1561/2173
f 2172/1562/2172 2175/1572/2175 2174/1563/2174
f 823/1564/823 2167/1558/2167 822/1565/822
f 824/1567/824 2168/1556/2168 2167/1558/2167
f 825/1568/825 2169/1559/2169 2168/1556/2168
f 149/1569/149 826/1570/826 2169/1559/2169
f 826/1570/826 827/1571/827 2172/1562/2172
f 827/1571/827 828/1573/828 2175/1572/2175
f 828/1573/828 147/4968/147 819/1574/819
f 2175/1572/2175 819/1574/819 818/1575/818
f 2174/1563/2174 818/1575/818 817/1576/817
f 2173/1561/2173 817/1576/817 148/1577/148
f 2170/1557/2170 2173/1561/2173 820/1578/820
f 2167/1558/2167 2170/1557/2170 821/1579/821
f 2176/1580/2176 2177/1583/2177 2180/1581/2180
f 2177/1583/2177 2178/1592/2178 2181/1584/2181
f 2179/1582/2179 2180/1581/2180 2183/1585/2183
f 2180/1581/2180 2181/1584/2181 2184/1587/2184
f 145/1588/145 832/1590/832 2176/1580/2176
f 832/1590/832 833/1591/833 2177/1583/2177
f 833/1591/833 834/1593/834 2178/1592/2178
f 834/1593/834 150/1530/150 810/1594/810
f 2178/1592/2178 810/1594/810 809/1527/809
f 2181/1584/2181 809/1527/809 808/1595/808
f 2184/1587/2184 808/1595/808 147/1596/147
f 2183/1585/2183 2184/1587/2184 828/1597/828
f 2182/1586/2182 2183/1585/2183 827/1598/827
f 829/1600/829 2182/1586/2182 826/1599/826
f 830/1602/830 2179/1582/2179 2182/1586/2182
f 831/1589/831 2176/1580/2176 2179/1582/2179
f 2185/1603/2185 2186/1606/2186 2189/1604/2189
f 2186/1606/2186 2187/1615/2187 2190/1607/2190
f 2188/1605/2188 2189/1604/2189 2192/1608/2192
f 2189/1604/2189 2190/1607/2190 2193/1610/2193
f 151/1611/151 838/1613/838 2185/1603/2185
f 838/1613/838 839/1614/839 2186/1606/2186
f 839/1614/839 840/1616/840 2187/1615/2187
f 840/1616/840 155/3554/155 841/1617/841
f 2187/1615/2187 841/1617/841 842/1618/842
f 2190/1607/2190 842/1618/842 843/1619/843
f 2193/1610/2193 843/1619/843 156/1620/156
f 2192/1608/2192 2193/1610/2193 844/1621/844
f 2191/1609/2191 2192/1608/2192 845/1622/845
f 835/1624/835 2191/1609/2191 846/1623/846
f 836/1626/836 2188/1605/2188 2191/1609/2191
f 837/1612/837 2185/1603/2185 2188/1605/2188
f 2195/1627/2195 2198/1631/2198 2197/1628/2197
f 2196/1630/2196 2199/1633/2199 2198/1631/2198
f 2198/1631/2198 2201/1634/2201 2200/1632/2200
f 2199/1633/2199 2202/1643/2202 2201/1634/2201
f 850/1635/850 2194/1629/2194 849/1636/849
f 851/1638/851 2195/1627/2195 2194/1629/2194
f 852/1639/852 2196/1630/2196 2195/1627/2195
f 157/1640/157 853/1641/853 2196/1630/2196
f 853/1641/853 854/1642/854 2199/1633/2199
f 854/1642/854 855/1644/855 2202/1643/2202
f 855/1644/855 156/4969/156 843/1645/843
f 2202/1643/2202 843/1645/843 842/1646/842
f 2201/1634/2201 842/1646/842 841/1647/841
f 2200/1632/2200 841/1647/841 155/1648/155
f 2197/1628/2197 2200/1632/2200 847/1649/847
f 2194/1629/2194 2197/1628/2197 848/1650/848
f 2204/1651/2204 2207/1655/2207 2206/1652/2206
f 2205/1654/2205 2208/1657/2208 2207/1655/2207
f 2207/1655/2207 2210/1658/2210 2209/1656/2209
f 2208/1657/2208 2211/1667/2211 2210/1658/2210
f 859/1659/859 2203/1653/2203 858/1660/858
f 860/1662/860 2204/1651/2204 2203/1653/2203
f 861/1663/861 2205/1654/2205 2204/1651/2204
f 158/1664/158 862/1665/862 2205/1654/2205
f 862/1665/862 863/1666/863 2208/1657/2208
f 863/1666/863 864/1668/864 2211/1667/2211
f 864/1668/864 156/1688/156 855/1669/855
f 2211/1667/2211 855/1669/855 854/1642/854
f 2210/1658/2210 854/1642/854 853/1641/853
f 2209/1656/2209 853/1641/853 157/1640/157
f 2206/1652/2206 2209/1656/2209 856/1670/856
f 2203/1653/2203 2206/1652/2206 857/1671/857
f 2212/1672/2212 2213/1675/2213 2216/1673/2216
f 2213/1675/2213 2214/1684/2214 2217/1676/2217
f 2215/1674/2215 2216/1673/2216 2219/1677/2219
f 2216/1673/2216 2217/1676/2217 2220/1679/2220
f 154/1680/154 868/1682/868 2212/1672/2212
f 868/1682/868 869/1683/869 2213/1675/2213
f 869/1683/869 870/1685/870 2214/1684/2214
f 870/1685/870 159/2904/159 846/1623/846
f 2214/1684/2214 846/1623/846 845/1686/845
f 2217/1676/2217 845/1686/845 844/1687/844
f 2220/1679/2220 844/1687/844 156/1688/156
f 2219/1677/2219 2220/1679/2220 864/1689/864
f 2218/1678/2218 2219/1677/2219 863/1690/863
f 865/1692/865 2218/1678/2218 862/1691/862
f 866/1694/866 2215/1674/2215 2218/1678/2218
f 867/1681/867 2212/1672/2212 2215/1674/2215
f 2222/1695/2222 2225/1699/2225 2224/1696/2224
f 2223/1698/2223 2226/1701/2226 2225/1699/2225
f 2225/1699/2225 2228/1702/2228 2227/1700/2227
f 2226/1701/2226 2229/1711/2229 2228/1702/2228
f 874/1703/874 2221/1697/2221 873/1704/873
f 875/1706/875 2222/1695/2222 2221/1697/2221
f 876/1707/876 2223/1698/2223 2222/1695/2222
f 164/1708/164 877/1709/877 2223/1698/2223
f 877/1709/877 878/1710/878 2226/1701/2226
f 878/1710/878 879/1712/879 2229/1711/2229
f 879/1712/879 165/1736/165 880/1713/880
f 2229/1711/2229 880/1713/880 881/1714/881
f 2228/1702/2228 881/1714/881 882/1715/882
f 2227/1700/2227 882/1715/882 168/1716/168
f 2224/1696/2224 2227/1700/2227 871/1717/871
f 2221/1697/2221 2224/1696/2224 872/1718/872
f 2230/1719/2230 2231/1722/2231 2234/1720/2234
f 2231/1722/2231 2232/1731/2232 2235/1723/2235
f 2233/1721/2233 2234/1720/2234 2237/1724/2237
f 2234/1720/2234 2235/1723/2235 2238/1726/2238
f 161/1727/161 886/1729/886 2230/1719/2230
f 886/1729/886 887/1730/887 2231/1722/2231
f 887/1730/887 888/1732/888 2232/1731/2232
f 888/1732/888 166/4970/166 889/1733/889
f 2232/1731/2232 889/1733/889 890/1734/890
f 2235/1723/2235 890/1734/890 891/1735/891
f 2238/1726/2238 891/1735/891 165/1736/165
f 2237/1724/2237 2238/1726/2238 879/1737/879
f 2236/1725/2236 2237/1724/2237 878/1738/878
f 883/1740/883 2236/1725/2236 877/1739/877
f 884/1742/884 2233/1721/2233 2236/1725/2236
f 885/1728/885 2230/1719/2230 2233/1721/2233
f 2239/1743/2239 2240/1746/2240 2243/1744/2243
f 2240/1746/2240 2241/1755/2241 2244/1747/2244
f 2242/1745/2242 2243/1744/2243 2246/1748/2246
f 2243/1744/2243 2244/1747/2244 2247/1750/2247
f 162/1751/162 895/1753/895 2239/1743/2239
f 895/1753/895 896/1754/896 2240/1746/2240
f 896/1754/896 897/1756/897 2241/1755/2241
f 897/1756/897 167/4971/167 898/1757/898
f 2241/1755/2241 898/1757/898 899/1758/899
f 2244/1747/2244 899/1758/899 900/1759/900
f 2247/1750/2247 900/1759/900 165/1736/165
f 2246/1748/2246 2247/1750/2247 891/1760/891
f 2245/1749/2245 2246/1748/2246 890/1761/890
f 892/1763/892 2245/1749/2245 889/1762/889
f 893/1765/893 2242/1745/2242 2245/1749/2245
f 894/1752/894 2239/1743/2239 2242/1745/2242
f 2249/1766/2249 2252/1770/2252 2251/1767/2251
f 2250/1769/2250 2253/1772/2253 2252/1770/2252
f 2252/1770/2252 2255/1773/2255 2254/1771/2254
f 2253/1772/2253 2256/1781/2256 2255/1773/2255
f 904/1774/904 2248/1768/2248 903/1775/903
f 905/1777/905 2249/1766/2249 2248/1768/2248
f 906/1778/906 2250/1769/2250 2249/1766/2249
f 168/1716/168 882/1779/882 2250/1769/2250
f 882/1779/882 881/1780/881 2253/1772/2253
f 881/1780/881 880/1782/880 2256/1781/2256
f 880/1782/880 165/4972/165 900/1783/900
f 2256/1781/2256 900/1783/900 899/1784/899
f 2255/1773/2255 899/1784/899 898/1785/898
f 2254/1771/2254 898/1785/898 167/1786/167
f 2251/1767/2251 2254/1771/2254 901/1787/901
f 2248/1768/2248 2251/1767/2251 902/1788/902
f 2258/1789/2258 2261/1793/2261 2260/1790/2260
f 2259/1792/2259 2262/1795/2262 2261/1793/2261
f 2261/1793/2261 2264/1796/2264 2263/1794/2263
f 2262/1795/2262 2265/1805/2265 2264/1796/2264
f 910/1797/910 2257/1791/2257 909/1798/909
f 911/1800/911 2258/1789/2258 2257/1791/2257
f 912/1801/912 2259/1792/2259 2258/1789/2258
f 173/1802/173 913/1803/913 2259/1792/2259
f 913/1803/913 914/1804/914 2262/1795/2262
f 914/1804/914 915/1806/915 2265/1805/2265
f 915/1806/915 174/4973/174 916/1807/916
f 2265/1805/2265 916/1807/916 917/1808/917
f 2264/1796/2264 917/1808/917 918/1809/918
f 2263/1794/2263 918/1809/918 177/1810/177
f 2260/1790/2260 2263/1794/2263 907/1811/907
f 2257/1791/2257 2260/1790/2260 908/1812/908
f 2266/1813/2266 2267/1816/2267 2270/1814/2270
f 2267/1816/2267 2268/1825/2268 2271/1817/2271
f 2269/1815/2269 2270/1814/2270 2273/1818/2273
f 2270/1814/2270 2271/1817/2271 2274/1820/2274
f 170/1821/170 922/1823/922 2266/1813/2266
f 922/1823/922 923/1824/923 2267/1816/2267
f 923/1824/923 924/1826/924 2268/1825/2268
f 924/1826/924 175/1858/175 925/1827/925
f 2268/1825/2268 925/1827/925 926/1828/926
f 2271/1817/2271 926/1828/926 927/1829/927
f 2274/1820/2274 927/1829/927 174/1830/174
f 2273/1818/2273 2274/1820/2274 915/1806/915
f 2272/1819/2272 2273/1818/2273 914/1831/914
f 919/1833/919 2272/1819/2272 913/1832/913
f 920/1835/920 2269/1815/2269 2272/1819/2272
f 921/1822/921 2266/1813/2266 2269/1815/2269
f 2275/1836/2275 2276/1839/2276 2279/1837/2279
f 2276/1839/2276 2277/1848/2277 2280/1840/2280
f 2278/1838/2278 2279/1837/2279 2282/1841/2282
f 2279/1837/2279 2280/1840/2280 2283/1843/2283
f 171/1844/171 931/1846/931 2275/1836/2275
f 931/1846/931 932/1847/932 2276/1839/2276
f 932/1847/932 933/1849/933 2277/1848/2277
f 933/1849/933 176/4974/176 934/1850/934
f 2277/1848/2277 934/1850/934 935/1851/935
f 2280/1840/2280 935/1851/935 936/1852/936
f 2283/1843/2283 936/1852/936 174/1853/174
f 2282/1841/2282 2283/1843/2283 927/1854/927
f 2281/1842/2281 2282/1841/2282 926/1855/926
f 928/1857/928 2281/1842/2281 925/1856/925
f 929/1859/929 2278/1838/2278 2281/1842/2281
f 930/1845/930 2275/1836/2275 2278/1838/2278
f 2285/1860/2285 2288/1864/2288 2287/1861/2287
f 2286/1863/2286 2289/1866/2289 2288/1864/2288
f 2288/1864/2288 2291/1867/2291 2290/1865/2290
f 2289/1866/2289 2292/1876/2292 2291/1867/2291
f 940/1868/940 2284/1862/2284 939/1869/939
f 941/1871/941 2285/1860/2285 2284/1862/2284
f 942/1872/942 2286/1863/2286 2285/1860/2285
f 177/1873/177 918/1874/918 2286/1863/2286
f 918/1874/918 917/1875/917 2289/1866/2289
f 917/1875/917 916/1877/916 2292/1876/2292
f 916/1877/916 174/4973/174 936/1878/936
f 2292/1876/2292 936/1878/936 935/1879/935
f 2291/1867/2291 935/1879/935 934/1850/934
f 2290/1865/2290 934/1850/934 176/1880/176
f 2287/1861/2287 2290/1865/2290 937/1881/937
f 2284/1862/2284 2287/1861/2287 938/1882/938
f 2293/1883/2293 2294/1886/2294 2297/1884/2297
f 2294/1886/2294 2295/1895/2295 2298/1887/2298
f 2296/1885/2296 2297/1884/2297 2300/1888/2300
f 2297/1884/2297 2298/1887/2298 2301/1890/2301
f 178/1891/178 946/1893/946 2293/1883/2293
f 946/1893/946 947/1894/947 2294/1886/2294
f 947/1894/947 948/1896/948 2295/1895/2295
f 948/1896/948 182/4975/182 949/1897/949
f 2295/1895/2295 949/1897/949 950/1898/950
f 2298/1887/2298 950/1898/950 951/1899/951
f 2301/1890/2301 951/1899/951 183/1900/183
f 2300/1888/2300 2301/1890/2301 952/1901/952
f 2299/1889/2299 2300/1888/2300 953/1902/953
f 943/1904/943 2299/1889/2299 954/1903/954
f 944/1906/944 2296/1885/2296 2299/1889/2299
f 945/1892/945 2293/1883/2293 2296/1885/2296
f 2303/1907/2303 2306/1911/2306 2305/1908/2305
f 2304/1910/2304 2307/1913/2307 2306/1911/2306
f 2306/1911/2306 2309/1914/2309 2308/1912/2308
f 2307/1913/2307 2310/1923/2310 2309/1914/2309
f 958/1915/958 2302/1909/2302 957/1916/957
f 959/1918/959 2303/1907/2303 2302/1909/2302
f 960/1919/960 2304/1910/2304 2303/1907/2303
f 184/1920/184 961/1921/961 2304/1910/2304
f 961/1921/961 962/1922/962 2307/1913/2307
f 962/1922/962 963/1924/963 2310/1923/2310
f 963/1924/963 183/1900/183 951/1899/951
f 2310/1923/2310 951/1899/951 950/1925/950
f 2309/1914/2309 950/1925/950 949/1926/949
f 2308/1912/2308 949/1926/949 182/1927/182
f 2305/1908/2305 2308/1912/2308 955/1928/955
f 2302/1909/2302 2305/1908/2305 956/1929/956
f 2312/1930/2312 2315/1934/2315 2314/1931/2314
f 2313/1933/2313 2316/1936/2316 2315/1934/2315
f 2315/1934/2315 2318/1937/2318 2317/1935/2317
f 2316/1936/2316 2319/1946/2319 2318/1937/2318
f 967/1938/967 2311/1932/2311 966/1939/966
f 968/1941/968 2312/1930/2312 2311/1932/2311
f 969/1942/969 2313/1933/2313 2312/1930/2312
f 185/1943/185 970/1944/970 2313/1933/2313
f 970/1944/970 971/1945/971 2316/1936/2316
f 971/1945/971 972/1947/972 2319/1946/2319
f 972/1947/972 183/1900/183 963/1924/963
f 2319/1946/2319 963/1924/963 962/1922/962
f 2318/1937/2318 962/1922/962 961/1948/961
f 2317/1935/2317 961/1948/961 184/1949/184
f 2314/1931/2314 2317/1935/2317 964/1950/964
f 2311/1932/2311 2314/1931/2314 965/1951/965
f 2320/1952/2320 2321/1955/2321 2324/1953/2324
f 2321/1955/2321 2322/1964/2322 2325/1956/2325
f 2323/1954/2323 2324/1953/2324 2327/1957/2327
f 2324/1953/2324 2325/1956/2325 2328/1959/2328
f 181/1960/181 976/1962/976 2320/1952/2320
f 976/1962/976 977/1963/977 2321/1955/2321
f 977/1963/977 978/1965/978 2322/1964/2322
f 978/1965/978 186/1905/186 954/1966/954
f 2322/1964/2322 954/1966/954 953/1967/953
f 2325/1956/2325 953/1967/953 952/1968/952
f 2328/1959/2328 952/1968/952 183/1969/183
f 2327/1957/2327 2328/1959/2328 972/1970/972
f 2326/1958/2326 2327/1957/2327 971/1971/971
f 973/1973/973 2326/1958/2326 970/1972/970
f 974/1975/974 2323/1954/2323 2326/1958/2326
f 975/1961/975 2320/1952/2320 2323/1954/2323
f 2329/1976/2329 2330/1979/2330 2333/1977/2333
f 2330/1979/2330 2331/1988/2331 2334/1980/2334
f 2332/1978/2332 2333/1977/2333 2336/1981/2336
f 2333/1977/2333 2334/1980/2334 2337/1983/2337
f 187/1984/187 982/1986/982 2329/1976/2329
f 982/1986/982 983/1987/983 2330/1979/2330
f 983/1987/983 984/1989/984 2331/1988/2331
f 984/1989/984 191/4976/191 985/1990/985
f 2331/1988/2331 985/1990/985 986/1991/986
f 2334/1980/2334 986/1991/986 987/1992/987
f 2337/1983/2337 987/1992/987 192/1993/192
f 2336/1981/2336 2337/1983/2337 988/1994/988
f 2335/1982/2335 2336/1981/2336 989/1995/989
f 979/1997/979 2335/1982/2335 990/1996/990
f 980/1999/980 2332/1978/2332 2335/1982/2335
f 981/1985/981 2329/1976/2329 2332/1978/2332
f 2339/2000/2339 2342/2004/2342 2341/2001/2341
f 2340/2003/2340 2343/2006/2343 2342/2004/2342
f 2342/2004/2342 2345/2007/2345 2344/2005/2344
f 2343/2006/2343 2346/2016/2346 2345/2007/2345
f 994/2008/994 2338/2002/2338 993/2009/993
f 995/2011/995 2339/2000/2339 2338/2002/2338
f 996/2012/996 2340/2003/2340 2339/2000/2339
f 193/2013/193 997/2014/997 2340/2003/2340
f 997/2014/997 998/2015/998 2343/2006/2343
f 998/2015/998 999/2017/999 2346/2016/2346
f 999/2017/999 192/4977/192 987/1992/987
f 2346/2016/2346 987/1992/987 986/2018/986
f 2345/2007/2345 986/2018/986 985/2019/985
f 2344/2005/2344 985/2019/985 191/2020/191
f 2341/2001/2341 2344/2005/2344 991/2021/991
f 2338/2002/2338 2341/2001/2341 992/2022/992
f 2348/2023/2348 2351/2027/2351 2350/2024/2350
f 2349/2026/2349 2352/2029/2352 2351/2027/2351
f 2351/2027/2351 2354/2030/2354 2353/2028/2353
f 2352/2029/2352 2355/2039/2355 2354/2030/2354
f 1003/2031/1003 2347/2025/2347 1002/2032/1002
f 1004/2034/1004 2348/2023/2348 2347/2025/2347
f 1005/2035/1005 2349/2026/2349 2348/2023/2348
f 194/2036/194 1006/2037/1006 2349/2026/2349
f 1006/2037/1006 1007/2038/1007 2352/2029/2352
f 1007/2038/1007 1008/2040/1008 2355/2039/2355
f 1008/2040/1008 192/2060/192 999/2017/999
f 2355/2039/2355 999/2017/999 998/2041/998
f 2354/2030/2354 998/2041/998 997/2014/997
f 2353/2028/2353 997/2014/997 193/2013/193
f 2350/2024/2350 2353/2028/2353 1000/2042/1000
f 2347/2025/2347 2350/2024/2350 1001/2043/1001
f 2356/2044/2356 2357/2047/2357 2360/2045/2360
f 2357/2047/2357 2358/2056/2358 2361/2048/2361
f 2359/2046/2359 2360/2045/2360 2363/2049/2363
f 2360/2045/2360 2361/2048/2361 2364/2051/2364
f 190/2052/190 1012/2054/1012 2356/2044/2356
f 1012/2054/1012 1013/2055/1013 2357/2047/2357
f 1013/2055/1013 1014/2057/1014 2358/2056/2358
f 1014/2057/1014 195/1998/195 990/2058/990
f 2358/2056/2358 990/2058/990 989/1995/989
f 2361/2048/2361 989/1995/989 988/2059/988
f 2364/2051/2364 988/2059/988 192/2060/192
f 2363/2049/2363 2364/2051/2364 1008/2061/1008
f 2362/2050/2362 2363/2049/2363 1007/2038/1007
f 1009/2063/1009 2362/2050/2362 1006/2062/1006
f 1010/2065/1010 2359/2046/2359 2362/2050/2362
f 1011/2053/1011 2356/2044/2356 2359/2046/2359
f 2366/2066/2366 2369/2070/2369 2368/2067/2368
f 2367/2069/2367 2370/2072/2370 2369/2070/2369
f 2369/2070/2369 2372/2073/2372 2371/2071/2371
f 2370/2072/2370 2373/2082/2373 2372/2073/2372
f 1018/2074/1018 2365/2068/2365 1017/2075/1017
f 1019/2077/1019 2366/2066/2366 2365/2068/2365
f 1020/2078/1020 2367/2069/2367 2366/2066/2366
f 200/2079/200 1021/2080/1021 2367/2069/2367
f 1021/2080/1021 1022/2081/1022 2370/2072/2370
f 1022/2081/1022 1023/2083/1023 2373/2082/2373
f 1023/2083/1023 201/2107/201 1024/2084/1024
f 2373/2082/2373 1024/2084/1024 1025/2085/1025
f 2372/2073/2372 1025/2085/1025 1026/2086/1026
f 2371/2071/2371 1026/2086/1026 204/2087/204
f 2368/2067/2368 2371/2071/2371 1015/2088/1015
f 2365/2068/2365 2368/2067/2368 1016/2089/1016
f 2374/2090/2374 2375/2093/2375 2378/2091/2378
f 2375/2093/2375 2376/2102/2376 2379/2094/2379
f 2377/2092/2377 2378/2091/2378 2381/2095/2381
f 2378/2091/2378 2379/2094/2379 2382/2097/2382
f 197/2098/197 1030/2100/1030 2374/2090/2374
f 1030/2100/1030 1031/2101/1031 2375/2093/2375
f 1031/2101/1031 1032/2103/1032 2376/2102/2376
f 1032/2103/1032 202/4978/202 1033/2104/1033
f 2376/2102/2376 1033/2104/1033 1034/2105/1034
f 2379/2094/2379 1034/2105/1034 1035/2106/1035
f 2382/2097/2382 1035/2106/1035 201/2107/201
f 2381/2095/2381 2382/2097/2382 1023/2108/1023
f 2380/2096/2380 2381/2095/2381 1022/2109/1022
f 1027/2111/1027 2380/2096/2380 1021/2110/1021
f 1028/2112/1028 2377/2092/2377 2380/2096/2380
f 1029/2099/1029 2374/2090/2374 2377/2092/2377
f 2383/2113/2383 2384/2116/2384 2387/2114/2387
f 2384/2116/2384 2385/2125/2385 2388/2117/2388
f 2386/2115/2386 2387/2114/2387 2390/2118/2390
f 2387/2114/2387 2388/2117/2388 2391/2120/2391
f 198/2121/198 1039/2123/1039 2383/2113/2383
f 1039/2123/1039 1040/2124/1040 2384/2116/2384
f 1040/2124/1040 1041/2126/1041 2385/2125/2385
f 1041/2126/1041 203/4979/203 1042/2127/1042
f 2385/2125/2385 1042/2127/1042 1043/2128/1043
f 2388/2117/2388 1043/2128/1043 1044/2129/1044
f 2391/2120/2391 1044/2129/1044 201/2130/201
f 2390/2118/2390 2391/2120/2391 1035/2131/1035
f 2389/2119/2389 2390/2118/2390 1034/2132/1034
f 1036/2134/1036 2389/2119/2389 1033/2133/1033
f 1037/2136/1037 2386/2115/2386 2389/2119/2389
f 1038/2122/1038 2383/2113/2383 2386/2115/2386
f 2393/2137/2393 2396/2141/2396 2395/2138/2395
f 2394/2140/2394 2397/2143/2397 2396/2141/2396
f 2396/2141/2396 2399/2144/2399 2398/2142/2398
f 2397/2143/2397 2400/2152/2400 2399/2144/2399
f 1048/2145/1048 2392/2139/2392 1047/2146/1047
f 1049/2148/1049 2393/2137/2393 2392/2139/2392
f 1050/2149/1050 2394/2140/2394 2393/2137/2393
f 204/2087/204 1026/2150/1026 2394/2140/2394
f 1026/2150/1026 1025/2151/1025 2397/2143/2397
f 1025/2151/1025 1024/2153/1024 2400/2152/2400
f 1024/2153/1024 201/4980/201 1044/2129/1044
f 2400/2152/2400 1044/2129/1044 1043/2154/1043
f 2399/2144/2399 1043/2154/1043 1042/2155/1042
f 2398/2142/2398 1042/2155/1042 203/2156/203
f 2395/2138/2395 2398/2142/2398 1045/2157/1045
f 2392/2139/2392 2395/2138/2395 1046/2158/1046
f 2402/2159/2402 2405/2163/2405 2404/2160/2404
f 2403/2162/2403 2406/2165/2406 2405/2163/2405
f 2405/2163/2405 2408/2166/2408 2407/2164/2407
f 2406/2165/2406 2409/2175/2409 2408/2166/2408
f 1054/2167/1054 2401/2161/2401 1053/2168/1053
f 1055/2170/1055 2402/2159/2402 2401/2161/2401
f 1056/2171/1056 2403/2162/2403 2402/2159/2402
f 209/2172/209 1057/2173/1057 2403/2162/2403
f 1057/2173/1057 1058/2174/1058 2406/2165/2406
f 1058/2174/1058 1059/2176/1059 2409/2175/2409
f 1059/2176/1059 210/4981/210 1060/2177/1060
f 2409/2175/2409 1060/2177/1060 1061/2178/1061
f 2408/2166/2408 1061/2178/1061 1062/2179/1062
f 2407/2164/2407 1062/2179/1062 213/2180/213
f 2404/2160/2404 2407/2164/2407 1051/2181/1051
f 2401/2161/2401 2404/2160/2404 1052/2182/1052
f 2410/2183/2410 2411/2186/2411 2414/2184/2414
f 2411/2186/2411 2412/2195/2412 2415/2187/2415
f 2413/2185/2413 2414/2184/2414 2417/2188/2417
f 2414/2184/2414 2415/2187/2415 2418/2190/2418
f 206/2191/206 1066/2193/1066 2410/2183/2410
f 1066/2193/1066 1067/2194/1067 2411/2186/2411
f 1067/2194/1067 1068/2196/1068 2412/2195/2412
f 1068/2196/1068 211/2228/211 1069/2197/1069
f 2412/2195/2412 1069/2197/1069 1070/2198/1070
f 2415/2187/2415 1070/2198/1070 1071/2199/1071
f 2418/2190/2418 1071/2199/1071 210/2200/210
f 2417/2188/2417 2418/2190/2418 1059/2176/1059
f 2416/2189/2416 2417/2188/2417 1058/2201/1058
f 1063/2203/1063 2416/2189/2416 1057/2202/1057
f 1064/2205/1064 2413/2185/2413 2416/2189/2416
f 1065/2192/1065 2410/2183/2410 2413/2185/2413
f 2419/2206/2419 2420/2209/2420 2423/2207/2423
f 2420/2209/2420 2421/2218/2421 2424/2210/2424
f 2422/2208/2422 2423/2207/2423 2426/2211/2426
f 2423/2207/2423 2424/2210/2424 2427/2213/2427
f 207/2214/207 1075/2216/1075 2419/2206/2419
f 1075/2216/1075 1076/2217/1076 2420/2209/2420
f 1076/2217/1076 1077/2219/1077 2421/2218/2421
f 1077/2219/1077 212/4982/212 1078/2220/1078
f 2421/2218/2421 1078/2220/1078 1079/2221/1079
f 2424/2210/2424 1079/2221/1079 1080/2222/1080
f 2427/2213/2427 1080/2222/1080 210/2223/210
f 2426/2211/2426 2427/2213/2427 1071/2224/1071
f 2425/2212/2425 2426/2211/2426 1070/2225/1070
f 1072/2227/1072 2425/2212/2425 1069/2226/1069
f 1073/2229/1073 2422/2208/2422 2425/2212/2425
f 1074/2215/1074 2419/2206/2419 2422/2208/2422
f 2429/2230/2429 2432/2234/2432 2431/2231/2431
f 2430/2233/2430 2433/2236/2433 2432/2234/2432
f 2432/2234/2432 2435/2237/2435 2434/2235/2434
f 2433/2236/2433 2436/2245/2436 2435/2237/2435
f 1084/2238/1084 2428/2232/2428 1083/2239/1083
f 1085/2241/1085 2429/2230/2429 2428/2232/2428
f 1086/2242/1086 2430/2233/2430 2429/2230/2429
f 213/2180/213 1062/2243/1062 2430/2233/2430
f 1062/2243/1062 1061/2244/1061 2433/2236/2433
f 1061/2244/1061 1060/2246/1060 2436/2245/2436
f 1060/2246/1060 210/4983/210 1080/2247/1080
f 2436/2245/2436 1080/2247/1080 1079/2221/1079
f 2435/2237/2435 1079/2221/1079 1078/2248/1078
f 2434/2235/2434 1078/2248/1078 212/2249/212
f 2431/2231/2431 2434/2235/2434 1081/2250/1081
f 2428/2232/2428 2431/2231/2431 1082/2251/1082
f 2437/2252/2437 2438/2255/2438 2441/2253/2441
f 2438/2255/2438 2439/2264/2439 2442/2256/2442
f 2440/2254/2440 2441/2253/2441 2444/2257/2444
f 2441/2253/2441 2442/2256/2442 2445/2259/2445
f 214/2260/214 1090/2262/1090 2437/2252/2437
f 1090/2262/1090 1091/2263/1091 2438/2255/2438
f 1091/2263/1091 1092/2265/1092 2439/2264/2439
f 1092/2265/1092 218/4984/218 1093/2266/1093
f 2439/2264/2439 1093/2266/1093 1094/2267/1094
f 2442/2256/2442 1094/2267/1094 1095/2268/1095
f 2445/2259/2445 1095/2268/1095 219/2269/219
f 2444/2257/2444 2445/2259/2445 1096/2270/1096
f 2443/2258/2443 2444/2257/2444 1097/2271/1097
f 1087/2273/1087 2443/2258/2443 1098/2272/1098
f 1088/2275/1088 2440/2254/2440 2443/2258/2443
f 1089/2261/1089 2437/2252/2437 2440/2254/2440
f 2447/2276/2447 2450/2280/2450 2449/2277/2449
f 2448/2279/2448 2451/2282/2451 2450/2280/2450
f 2450/2280/2450 2453/2283/2453 2452/2281/2452
f 2451/2282/2451 2454/2292/2454 2453/2283/2453
f 1102/2284/1102 2446/2278/2446 1101/2285/1101
f 1103/2287/1103 2447/2276/2447 2446/2278/2446
f 1104/2288/1104 2448/2279/2448 2447/2276/2447
f 220/2289/220 1105/2290/1105 2448/2279/2448
f 1105/2290/1105 1106/2291/1106 2451/2282/2451
f 1106/2291/1106 1107/2293/1107 2454/2292/2454
f 1107/2293/1107 219/4985/219 1095/2294/1095
f 2454/2292/2454 1095/2294/1095 1094/2295/1094
f 2453/2283/2453 1094/2295/1094 1093/2296/1093
f 2452/2281/2452 1093/2296/1093 218/2297/218
f 2449/2277/2449 2452/2281/2452 1099/2298/1099
f 2446/2278/2446 2449/2277/2449 1100/2299/1100
f 2456/2300/2456 2459/2304/2459 2458/2301/2458
f 2457/2303/2457 2460/2306/2460 2459/2304/2459
f 2459/2304/2459 2462/2307/2462 2461/2305/2461
f 2460/2306/2460 2463/2316/2463 2462/2307/2462
f 1111/2308/1111 2455/2302/2455 1110/2309/1110
f 1112/2311/1112 2456/2300/2456 2455/2302/2455
f 1113/2312/1113 2457/2303/2457 2456/2300/2456
f 221/2313/221 1114/2314/1114 2457/2303/2457
f 1114/2314/1114 1115/2315/1115 2460/2306/2460
f 1115/2315/1115 1116/2317/1116 2463/2316/2463
f 1116/2317/1116 219/4986/219 1107/2293/1107
f 2463/2316/2463 1107/2293/1107 1106/2318/1106
f 2462/2307/2462 1106/2318/1106 1105/2290/1105
f 2461/2305/2461 1105/2290/1105 220/2319/220
f 2458/2301/2458 2461/2305/2461 1108/2320/1108
f 2455/2302/2455 2458/2301/2458 1109/2321/1109
f 2464/2322/2464 2465/2325/2465 2468/2323/2468
f 2465/2325/2465 2466/2334/2466 2469/2326/2469
f 2467/2324/2467 2468/2323/2468 2471/2327/2471
f 2468/2323/2468 2469/2326/2469 2472/2329/2472
f 217/2330/217 1120/2332/1120 2464/2322/2464
f 1120/2332/1120 1121/2333/1121 2465/2325/2465
f 1121/2333/1121 1122/2335/1122 2466/2334/2466
f 1122/2335/1122 222/2274/222 1098/2336/1098
f 2466/2334/2466 1098/2336/1098 1097/2337/1097
f 2469/2326/2469 1097/2337/1097 1096/2338/1096
f 2472/2329/2472 1096/2338/1096 219/2339/219
f 2471/2327/2471 2472/2329/2472 1116/2340/1116
f 2470/2328/2470 2471/2327/2471 1115/2341/1115
f 1117/2343/1117 2470/2328/2470 1114/2342/1114
f 1118/2345/1118 2467/2324/2467 2470/2328/2470
f 1119/2331/1119 2464/2322/2464 2467/2324/2467
f 2473/2346/2473 2474/2350/2474 2477/2347/2477
f 2475/2349/2475 2478/2353/2478 2477/2347/2477
f 2476/2348/2476 2477/2347/2477 2480/2351/2480
f 2478/2353/2478 2481/2359/2481 2480/2351/2480
f 55/2354/55 1123/2356/1123 2473/2346/2473
f 1123/2356/1123 1124/2358/1124 2474/2350/2474
f 1125/2357/1125 2475/2349/2475 2474/2350/2474
f 22/251/22 315/250/315 2475/2349/2475
f 315/250/315 314/264/314 2478/2353/2478
f 314/264/314 313/263/313 2481/2359/2481
f 313/263/313 42/262/42 1126/2360/1126
f 2481/2359/2481 1126/2360/1126 1127/2361/1127
f 2479/2352/2479 2480/2351/2480 1127/2361/1127
f 474/658/474 2479/2352/2479 1128/2362/1128
f 473/2363/473 2476/2348/2476 2479/2352/2479
f 472/2355/472 2473/2346/2473 2476/2348/2476
f 2483/2364/2483 2486/2368/2486 2485/2365/2485
f 2483/2364/2483 2484/2375/2484 2487/2367/2487
f 2486/2368/2486 2489/2371/2489 2488/2369/2488
f 2486/2368/2486 2487/2367/2487 2490/2370/2490
f 1128/2372/1128 2482/2366/2482 439/2373/439
f 1127/2374/1127 2483/2364/2483 2482/2366/2482
f 1127/2374/1127 1126/2376/1126 2484/2375/2484
f 1126/2376/1126 42/470/42 402/2377/402
f 2484/2375/2484 402/2377/402 401/2378/401
f 2487/2367/2487 401/2378/401 400/2379/400
f 2490/2370/2490 400/2379/400 31/467/31
f 2489/2371/2489 2490/2370/2490 1129/2380/1129
f 2489/2371/2489 1130/2381/1130 1131/2382/1131
f 2488/2369/2488 1131/2382/1131 52/2383/52
f 2485/2365/2485 2488/2369/2488 441/2384/441
f 2482/2366/2482 2485/2365/2485 440/2385/440
f 2491/2386/2491 2492/2390/2492 2495/2387/2495
f 2493/2389/2493 2496/2393/2496 2495/2387/2495
f 2494/2388/2494 2495/2387/2495 2498/2391/2498
f 2496/2393/2496 2499/2399/2499 2498/2391/2498
f 10/2394/10 1132/2396/1132 2491/2386/2491
f 1132/2396/1132 1133/2398/1133 2492/2390/2492
f 1134/2397/1134 2493/2389/2493 2492/2390/2492
f 44/515/44 417/514/417 2493/2389/2493
f 417/514/417 416/528/416 2496/2393/2496
f 416/528/416 415/527/415 2499/2399/2499
f 415/527/415 47/526/47 1135/2400/1135
f 2499/2399/2499 1135/2400/1135 1136/2401/1136
f 2497/2392/2497 2498/2391/2498 1136/2401/1136
f 312/2403/312 2497/2392/2497 1137/2402/1137
f 311/2404/311 2494/2388/2494 2497/2392/2497
f 310/2395/310 2491/2386/2491 2494/2388/2494
f 2501/2405/2501 2504/2409/2504 2503/2406/2503
f 2501/2405/2501 2502/2416/2502 2505/2408/2505
f 2504/2409/2504 2507/2412/2507 2506/2410/2506
f 2504/2409/2504 2505/2408/2505 2508/2411/2508
f 1137/2413/1137 2500/2407/2500 223/2414/223
f 1136/2415/1136 2501/2405/2501 2500/2407/2500
f 1136/2415/1136 1135/2417/1135 2502/2416/2502
f 1135/2417/1135 47/494/47 408/2418/408
f 2502/2416/2502 408/2418/408 407/492/407
f 2505/2408/2505 407/492/407 406/2419/406
f 2508/2411/2508 406/2419/406 43/2420/43
f 2507/2412/2507 2508/2411/2508 1138/2421/1138
f 2507/2412/2507 1139/2422/1139 1140/2423/1140
f 2506/2410/2506 1140/2423/1140 1/2424/1
f 2503/2406/2503 2506/2410/2506 225/2425/225
f 2500/2407/2500 2503/2406/2503 224/24/224
f 2510/2426/2510 2513/2430/2513 2512/2427/2512
f 2510/2426/2510 2511/2437/2511 2514/2429/2514
f 2513/2430/2513 2516/2433/2516 2515/2431/2515
f 2513/2430/2513 2514/2429/2514 2517/2432/2517
f 1141/2434/1141 2509/2428/2509 427/539/427
f 1142/2436/1142 2510/2426/2510 2509/2428/2509
f 1142/2436/1142 1143/2438/1143 2511/2437/2511
f 1143/2438/1143 54/630/54 462/631/462
f 2511/2437/2511 462/631/462 461/645/461
f 2514/2429/2514 461/645/461 460/643/460
f 2517/2432/2517 460/643/460 58/644/58
f 2516/2433/2516 2517/2432/2517 1144/2439/1144
f 2516/2433/2516 1145/2440/1145 1146/2441/1146
f 2515/2431/2515 1146/2441/1146 50/2442/50
f 2512/2427/2512 2515/2431/2515 429/2443/429
f 2509/2428/2509 2512/2427/2512 428/540/428
f 2518/2444/2518 2519/2448/2519 2522/2445/2522
f 2520/2447/2520 2523/2451/2523 2522/2445/2522
f 2521/2446/2521 2522/2445/2522 2525/2449/2525
f 2523/2451/2523 2526/2459/2526 2525/2449/2525
f 50/572/50 1146/2453/1146 2518/2444/2518
f 1146/2453/1146 1145/2455/1145 2519/2448/2519
f 1144/2454/1144 2520/2447/2520 2519/2448/2519
f 58/2456/58 456/2457/456 2520/2447/2520
f 456/2457/456 455/2458/455 2523/2451/2523
f 455/2458/455 454/2460/454 2526/2459/2526
f 454/2460/454 53/606/53 1147/2461/1147
f 2526/2459/2526 1147/2461/1147 1148/2462/1148
f 2524/2450/2524 2525/2449/2525 1148/2462/1148
f 435/2464/435 2524/2450/2524 1149/2463/1149
f 434/2466/434 2521/2446/2521 2524/2450/2524
f 433/2452/433 2518/2444/2518 2521/2446/2521
f 2528/2467/2528 2531/2471/2531 2530/2468/2530
f 2529/2470/2529 2532/2473/2532 2531/2471/2531
f 2531/2471/2531 2534/2474/2534 2533/2472/2533
f 2532/2473/2532 2535/2480/2535 2534/2474/2534
f 1150/2475/1150 2527/2469/2527 1120/2476/1120
f 1151/2478/1151 2528/2467/2528 2527/2469/2527
f 1152/2479/1152 2529/2470/2529 2528/2467/2528
f 10/227/10 309/226/309 2529/2470/2529
f 309/226/309 308/240/308 2532/2473/2532
f 308/240/308 307/239/307 2535/2480/2535
f 307/239/307 20/238/20 1153/2481/1153
f 2535/2480/2535 1153/2481/1153 1154/2482/1154
f 2534/2474/2534 1154/2482/1154 1155/2483/1155
f 2533/2472/2533 1155/2483/1155 222/2274/222
f 2530/2468/2530 2533/2472/2533 1122/2484/1122
f 2527/2469/2527 2530/2468/2530 1121/2485/1121
f 2536/2486/2536 2537/2489/2537 2540/2487/2540
f 2537/2489/2537 2538/2497/2538 2541/2490/2541
f 2539/2488/2539 2540/2487/2540 2543/2491/2543
f 2540/2487/2540 2541/2490/2541 2544/2493/2544
f 222/2274/222 1155/2495/1155 2536/2486/2536
f 1155/2495/1155 1154/2496/1154 2537/2489/2537
f 1154/2496/1154 1153/2498/1153 2538/2497/2538
f 1153/2498/1153 20/206/20 303/2499/303
f 2538/2497/2538 303/2499/303 302/2500/302
f 2541/2490/2541 302/2500/302 301/2501/301
f 2544/2493/2544 301/2501/301 9/2502/9
f 2543/2491/2543 2544/2493/2544 1156/2503/1156
f 2542/2492/2542 2543/2491/2543 1157/2504/1157
f 1089/2261/1089 2542/2492/2542 1158/2505/1158
f 1088/2506/1088 2539/2488/2539 2542/2492/2542
f 1087/2494/1087 2536/2486/2536 2539/2488/2539
f 2545/2507/2545 2546/2511/2546 2549/2508/2549
f 2547/2510/2547 2550/2514/2550 2549/2508/2549
f 2548/2509/2548 2549/2508/2549 2552/2512/2552
f 2550/2514/2550 2553/2519/2553 2552/2512/2552
f 64/2515/64 1159/2516/1159 2545/2507/2545
f 1159/2516/1159 1160/2518/1160 2546/2511/2546
f 1161/2517/1161 2547/2510/2547 2546/2511/2546
f 71/796/71 525/795/525 2547/2510/2547
f 525/795/525 524/809/524 2550/2514/2550
f 524/809/524 523/808/523 2553/2519/2553
f 523/808/523 74/807/74 1162/2520/1162
f 2553/2519/2553 1162/2520/1162 1163/2521/1163
f 2551/2513/2551 2552/2512/2552 1163/2521/1163
f 510/2523/510 2551/2513/2551 1164/2522/1164
f 509/2524/509 2548/2509/2548 2551/2513/2551
f 508/748/508 2545/2507/2545 2548/2509/2548
f 2555/2525/2555 2558/2529/2558 2557/2526/2557
f 2555/2525/2555 2556/2534/2556 2559/2528/2559
f 2558/2529/2558 2561/2532/2561 2560/2530/2560
f 2558/2529/2558 2559/2528/2559 2562/2531/2562
f 1164/2522/1164 2554/2527/2554 475/2533/475
f 1163/2521/1163 2555/2525/2555 2554/2527/2554
f 1163/2521/1163 1162/2520/1162 2556/2534/2556
f 1162/2520/1162 74/807/74 516/2535/516
f 2556/2534/2556 516/2535/516 515/2536/515
f 2559/2528/2559 515/2536/515 514/2537/514
f 2562/2531/2562 514/2537/514 70/2538/70
f 2561/2532/2561 2562/2531/2562 1165/2539/1165
f 2561/2532/2561 1166/2540/1166 1167/2541/1167
f 2560/2530/2560 1167/2541/1167 61/2542/61
f 2557/2526/2557 2560/2530/2560 477/2543/477
f 2554/2527/2554 2557/2526/2557 476/2544/476
f 2563/2545/2563 2564/2549/2564 2567/2546/2567
f 2565/2548/2565 2568/2552/2568 2567/2546/2567
f 2566/2547/2566 2567/2546/2567 2570/2550/2570
f 2568/2552/2568 2571/2556/2571 2570/2550/2570
f 199/2147/199 1168/2553/1168 2563/2545/2563
f 1168/2553/1168 1169/2555/1169 2564/2549/2564
f 1170/2554/1170 2565/2548/2565 2564/2549/2564
f 9/203/9 300/202/300 2565/2548/2565
f 300/202/300 299/216/299 2568/2552/2568
f 299/216/299 298/215/298 2571/2556/2571
f 298/215/298 19/214/19 1171/2557/1171
f 2571/2556/2571 1171/2557/1171 1172/2558/1172
f 2569/2551/2569 2570/2550/2570 1172/2558/1172
f 1050/2560/1050 2569/2551/2569 1173/2559/1173
f 1049/2561/1049 2566/2547/2566 2569/2551/2569
f 1048/2145/1048 2563/2545/2563 2566/2547/2566
f 2573/2562/2573 2576/2566/2576 2575/2563/2575
f 2573/2562/2573 2574/2573/2574 2577/2565/2577
f 2576/2566/2576 2579/2569/2579 2578/2567/2578
f 2576/2566/2576 2577/2565/2577 2580/2568/2580
f 1173/2570/1173 2572/2564/2572 1015/2571/1015
f 1172/2572/1172 2573/2562/2573 2572/2564/2572
f 1172/2572/1172 1171/2574/1171 2574/2573/2574
f 1171/2574/1171 19/182/19 294/2575/294
f 2574/2573/2574 294/2575/294 293/2576/293
f 2577/2565/2577 293/2576/293 292/2577/292
f 2580/2568/2580 292/2577/292 8/2578/8
f 2579/2569/2579 2580/2568/2580 1174/2579/1174
f 2579/2569/2579 1175/2580/1175 1176/2581/1176
f 2578/2567/2578 1176/2581/1176 196/2582/196
f 2575/2563/2575 2578/2567/2578 1017/2583/1017
f 2572/2564/2572 2575/2563/2575 1016/2089/1016
f 2582/2584/2582 2585/2588/2585 2584/2585/2584
f 2582/2584/2582 2583/2595/2583 2586/2587/2586
f 2585/2588/2585 2588/2591/2588 2587/2589/2587
f 2585/2588/2585 2586/2587/2586 2589/2590/2589
f 1177/2592/1177 2581/2586/2581 580/2593/580
f 1178/2594/1178 2582/2584/2582 2581/2586/2581
f 1178/2594/1178 1179/2596/1179 2583/2595/2583
f 1179/2596/1179 89/983/89 597/984/597
f 2583/2595/2583 597/984/597 596/998/596
f 2586/2587/2586 596/998/596 595/996/595
f 2589/2590/2589 595/996/595 92/997/92
f 2588/2591/2588 2589/2590/2589 1180/2597/1180
f 2588/2591/2588 1181/2598/1181 1182/2599/1182
f 2587/2589/2587 1182/2599/1182 87/2600/87
f 2584/2585/2584 2587/2589/2587 582/2601/582
f 2581/2586/2581 2584/2585/2584 581/2602/581
f 2590/2603/2590 2591/2607/2591 2594/2604/2594
f 2592/2606/2592 2595/2610/2595 2594/2604/2594
f 2593/2605/2593 2594/2604/2594 2597/2608/2597
f 2595/2610/2595 2598/2614/2598 2597/2608/2597
f 87/2600/87 1182/2599/1182 2590/2603/2590
f 1182/2599/1182 1181/2598/1181 2591/2607/2591
f 1180/2597/1180 2592/2606/2592 2591/2607/2591
f 92/997/92 588/2612/588 2592/2606/2592
f 588/2612/588 587/2613/587 2595/2610/2595
f 587/2613/587 586/2615/586 2598/2614/2598
f 586/2615/586 88/4781/88 1183/2616/1183
f 2598/2614/2598 1183/2616/1183 1184/2617/1184
f 2596/2609/2596 2597/2608/2597 1184/2617/1184
f 549/2619/549 2596/2609/2596 1185/2618/1185
f 548/2621/548 2593/2605/2593 2596/2609/2596
f 547/2611/547 2590/2603/2590 2593/2605/2593
f 2600/2622/2600 2603/2626/2603 2602/2623/2602
f 2601/2625/2601 2604/2628/2604 2603/2626/2603
f 2603/2626/2603 2606/2629/2606 2605/2627/2605
f 2604/2628/2604 2607/2635/2607 2606/2629/2606
f 1186/2630/1186 2599/2624/2599 976/2631/976
f 1187/2633/1187 2600/2622/2600 2599/2624/2599
f 1188/2634/1188 2601/2625/2601 2600/2622/2600
f 8/179/8 291/178/291 2601/2625/2601
f 291/178/291 290/192/290 2604/2628/2604
f 290/192/290 289/191/289 2607/2635/2607
f 289/191/289 18/190/18 1189/2636/1189
f 2607/2635/2607 1189/2636/1189 1190/2637/1190
f 2606/2629/2606 1190/2637/1190 1191/2638/1191
f 2605/2627/2605 1191/2638/1191 186/1905/186
f 2602/2623/2602 2605/2627/2605 978/2639/978
f 2599/2624/2599 2602/2623/2602 977/2640/977
f 2608/2641/2608 2609/2644/2609 2612/2642/2612
f 2609/2644/2609 2610/2652/2610 2613/2645/2613
f 2611/2643/2611 2612/2642/2612 2615/2646/2615
f 2612/2642/2612 2613/2645/2613 2616/2648/2616
f 186/1905/186 1191/2650/1191 2608/2641/2608
f 1191/2650/1191 1190/2651/1190 2609/2644/2609
f 1190/2651/1190 1189/2653/1189 2610/2652/2610
f 1189/2653/1189 18/158/18 285/157/285
f 2610/2652/2610 285/157/285 284/2654/284
f 2613/2645/2613 284/2654/284 283/2655/283
f 2616/2648/2616 283/2655/283 7/2656/7
f 2615/2646/2615 2616/2648/2616 1192/2657/1192
f 2614/2647/2614 2615/2646/2615 1193/2658/1193
f 945/2660/945 2614/2647/2614 1194/2659/1194
f 944/1906/944 2611/2643/2611 2614/2647/2614
f 943/2649/943 2608/2641/2608 2611/2643/2611
f 2617/2662/2617 2618/2666/2618 2621/2663/2621
f 2619/2665/2619 2622/2669/2622 2621/2663/2621
f 2620/2664/2620 2621/2663/2621 2624/2667/2624
f 2622/2669/2622 2625/2674/2625 2624/2667/2624
f 100/1124/100 1195/2671/1195 2617/2662/2617
f 1195/2671/1195 1196/2673/1196 2618/2666/2618
f 1197/2672/1197 2619/2665/2619 2618/2666/2618
f 107/1171/107 669/1170/669 2619/2665/2619
f 669/1170/669 668/1183/668 2622/2669/2622
f 668/1183/668 667/1182/667 2625/2674/2625
f 667/1182/667 110/1181/110 1198/2675/1198
f 2625/2674/2625 1198/2675/1198 1199/2676/1199
f 2623/2668/2623 2624/2667/2624 1199/2676/1199
f 654/2678/654 2623/2668/2623 1200/2677/1200
f 653/2680/653 2620/2664/2620 2623/2668/2623
f 652/2670/652 2617/2662/2617 2620/2664/2620
f 2627/2681/2627 2630/2685/2630 2629/2682/2629
f 2627/2681/2627 2628/2690/2628 2631/2684/2631
f 2630/2685/2630 2633/2688/2633 2632/2686/2632
f 2630/2685/2630 2631/2684/2631 2634/2687/2634
f 1200/2677/1200 2626/2683/2626 619/2689/619
f 1199/2676/1199 2627/2681/2627 2626/2683/2626
f 1199/2676/1199 1198/2675/1198 2628/2690/2628
f 1198/2675/1198 110/1181/110 660/2691/660
f 2628/2690/2628 660/2691/660 659/2692/659
f 2631/2684/2631 659/2692/659 658/2693/658
f 2634/2687/2634 658/2693/658 106/2694/106
f 2633/2688/2633 2634/2687/2634 1201/2695/1201
f 2633/2688/2633 1202/2696/1202 1203/2697/1203
f 2632/2686/2632 1203/2697/1203 97/2698/97
f 2629/2682/2629 2632/2686/2632 621/2699/621
f 2626/2683/2626 2629/2682/2629 620/1066/620
f 2635/2700/2635 2636/2704/2636 2639/2701/2639
f 2637/2703/2637 2640/2707/2640 2639/2701/2639
f 2638/2702/2638 2639/2701/2639 2642/2705/2642
f 2640/2707/2640 2643/2713/2643 2642/2705/2642
f 163/2708/163 1204/2710/1204 2635/2700/2635
f 1204/2710/1204 1205/2712/1205 2636/2704/2636
f 1206/2711/1206 2637/2703/2637 2636/2704/2636
f 7/155/7 282/154/282 2637/2703/2637
f 282/154/282 281/168/281 2640/2707/2640
f 281/168/281 280/167/280 2643/2713/2643
f 280/167/280 17/166/17 1207/2714/1207
f 2643/2713/2643 1207/2714/1207 1208/2715/1208
f 2641/2706/2641 2642/2705/2642 1208/2715/1208
f 906/2717/906 2641/2706/2641 1209/2716/1209
f 905/1777/905 2638/2702/2638 2641/2706/2641
f 904/2709/904 2635/2700/2635 2638/2702/2638
f 2645/2718/2645 2648/2722/2648 2647/2719/2647
f 2645/2718/2645 2646/2729/2646 2649/2721/2649
f 2648/2722/2648 2651/2725/2651 2650/2723/2650
f 2648/2722/2648 2649/2721/2649 2652/2724/2652
f 1209/2726/1209 2644/2720/2644 871/2727/871
f 1208/2728/1208 2645/2718/2645 2644/2720/2644
f 1208/2728/1208 1207/2730/1207 2646/2729/2646
f 1207/2730/1207 17/134/17 276/2731/276
f 2646/2729/2646 276/2731/276 275/2732/275
f 2649/2721/2649 275/2732/275 274/2733/274
f 2652/2724/2652 274/2733/274 6/2734/6
f 2651/2725/2651 2652/2724/2652 1210/2735/1210
f 2651/2725/2651 1211/2736/1211 1212/2737/1212
f 2650/2723/2650 1212/2737/1212 160/1705/160
f 2647/2719/2647 2650/2723/2650 873/1704/873
f 2644/2720/2644 2647/2719/2647 872/2738/872
f 2654/2739/2654 2657/2743/2657 2656/2740/2656
f 2654/2739/2654 2655/2751/2655 2658/2742/2658
f 2657/2743/2657 2660/2746/2660 2659/2744/2659
f 2657/2743/2657 2658/2742/2658 2661/2745/2661
f 1213/2747/1213 2653/2741/2653 724/2748/724
f 1214/2750/1214 2654/2739/2654 2653/2741/2653
f 1214/2750/1214 1215/2752/1215 2655/2751/2655
f 1215/2752/1215 125/1354/125 741/1355/741
f 2655/2751/2655 741/1355/741 740/1369/740
f 2658/2742/2658 740/1369/740 739/1367/739
f 2661/2745/2661 739/1367/739 128/1368/128
f 2660/2746/2660 2661/2745/2661 1216/2753/1216
f 2660/2746/2660 1217/2754/1217 1218/2755/1218
f 2659/2744/2659 1218/2755/1218 123/2756/123
f 2656/2740/2656 2659/2744/2659 726/1314/726
f 2653/2741/2653 2656/2740/2656 725/2757/725
f 2662/2758/2662 2663/2762/2663 2666/2759/2666
f 2664/2761/2664 2667/2765/2667 2666/2759/2666
f 2665/2760/2665 2666/2759/2666 2669/2763/2669
f 2667/2765/2667 2670/2769/2670 2669/2763/2669
f 123/2756/123 1218/2755/1218 2662/2758/2662
f 1218/2755/1218 1217/2754/1217 2663/2762/2663
f 1216/2753/1216 2664/2761/2664 2663/2762/2663
f 128/1368/128 732/2767/732 2664/2761/2664
f 732/2767/732 731/2768/731 2667/2765/2667
f 731/2768/731 730/2770/730 2670/2769/2670
f 730/2770/730 124/4987/124 1219/2771/1219
f 2670/2769/2670 1219/2771/1219 1220/2772/1220
f 2668/2764/2668 2669/2763/2669 1220/2772/1220
f 693/2774/693 2668/2764/2668 1221/2773/1221
f 692/1254/692 2665/2760/2665 2668/2764/2668
f 691/2766/691 2662/2758/2662 2665/2760/2665
f 2672/2775/2672 2675/2779/2675 2674/2776/2674
f 2673/2778/2673 2676/2781/2676 2675/2779/2675
f 2675/2779/2675 2678/2782/2678 2677/2780/2677
f 2676/2781/2676 2679/2788/2679 2678/2782/2678
f 1222/2783/1222 2671/2777/2671 832/2784/832
f 1223/2786/1223 2672/2775/2672 2671/2777/2671
f 1224/2787/1224 2673/2778/2673 2672/2775/2672
f 6/131/6 273/130/273 2673/2778/2673
f 273/130/273 272/144/272 2676/2781/2676
f 272/144/272 271/143/271 2679/2788/2679
f 271/143/271 16/142/16 1225/2789/1225
f 2679/2788/2679 1225/2789/1225 1226/2790/1226
f 2678/2782/2678 1226/2790/1226 1227/2791/1227
f 2677/2780/2677 1227/2791/1227 150/1530/150
f 2674/2776/2674 2677/2780/2677 834/2792/834
f 2671/2777/2671 2674/2776/2674 833/2793/833
f 2680/2794/2680 2681/2797/2681 2684/2795/2684
f 2681/2797/2681 2682/2805/2682 2685/2798/2685
f 2683/2796/2683 2684/2795/2684 2687/2799/2687
f 2684/2795/2684 2685/2798/2685 2688/2801/2688
f 150/1530/150 1227/2803/1227 2680/2794/2680
f 1227/2803/1227 1226/2804/1226 2681/2797/2681
f 1226/2804/1226 1225/2806/1225 2682/2805/2682
f 1225/2806/1225 16/110/16 267/2807/267
f 2682/2805/2682 267/2807/267 266/2808/266
f 2685/2798/2685 266/2808/266 265/105/265
f 2688/2801/2688 265/105/265 5/107/5
f 2687/2799/2687 2688/2801/2688 1228/2809/1228
f 2686/2800/2686 2687/2799/2687 1229/2810/1229
f 801/1517/801 2686/2800/2686 1230/2811/1230
f 800/2813/800 2683/2796/2683 2686/2800/2686
f 799/2802/799 2680/2794/2680 2683/2796/2683
f 2689/2814/2689 2690/2818/2690 2693/2815/2693
f 2691/2817/2691 2694/2821/2694 2693/2815/2693
f 2692/2816/2692 2693/2815/2693 2696/2819/2696
f 2694/2821/2694 2697/2826/2697 2696/2819/2696
f 136/2822/136 1231/2823/1231 2689/2814/2689
f 1231/2823/1231 1232/2825/1232 2690/2818/2690
f 1233/2824/1233 2691/2817/2691 2690/2818/2690
f 144/1566/144 822/1565/822 2691/2817/2691
f 822/1565/822 821/1579/821 2694/2821/2694
f 821/1579/821 820/1578/820 2697/2826/2697
f 820/1578/820 148/1577/148 1234/2827/1234
f 2697/2826/2697 1234/2827/1234 1235/2828/1235
f 2695/2820/2695 2696/2819/2696 1235/2828/1235
f 798/2830/798 2695/2820/2695 1236/2829/1236
f 797/1497/797 2692/2816/2692 2695/2820/2695
f 796/1494/796 2689/2814/2689 2692/2816/2692
f 2699/2831/2699 2702/2835/2702 2701/2832/2701
f 2699/2831/2699 2700/2840/2700 2703/2834/2703
f 2702/2835/2702 2705/2838/2705 2704/2836/2704
f 2702/2835/2702 2703/2834/2703 2706/2837/2706
f 1236/2829/1236 2698/2833/2698 763/2839/763
f 1235/2828/1235 2699/2831/2699 2698/2833/2698
f 1235/2828/1235 1234/2827/1234 2700/2840/2700
f 1234/2827/1234 148/1577/148 816/2841/816
f 2700/2840/2700 816/2841/816 815/2842/815
f 2703/2834/2703 815/2842/815 814/2843/814
f 2706/2837/2706 814/2843/814 143/2844/143
f 2705/2838/2705 2706/2837/2706 1237/2845/1237
f 2705/2838/2705 1238/2846/1238 1239/2847/1239
f 2704/2836/2704 1239/2847/1239 133/1425/133
f 2701/2832/2701 2704/2836/2704 765/2848/765
f 2698/2833/2698 2701/2832/2701 764/2849/764
f 2707/2850/2707 2708/2854/2708 2711/2851/2711
f 2709/2853/2709 2712/2857/2712 2711/2851/2711
f 2710/2852/2710 2711/2851/2711 2714/2855/2714
f 2712/2857/2712 2715/2863/2715 2714/2855/2714
f 126/2858/126 1240/2860/1240 2707/2850/2707
f 1240/2860/1240 1241/2862/1241 2708/2854/2708
f 1242/2861/1242 2709/2853/2709 2708/2854/2708
f 5/107/5 264/106/264 2709/2853/2709
f 264/106/264 263/120/263 2712/2857/2712
f 263/120/263 262/119/262 2715/2863/2715
f 262/119/262 15/118/15 1243/2864/1243
f 2715/2863/2715 1243/2864/1243 1244/2865/1244
f 2713/2856/2713 2714/2855/2714 1244/2865/1244
f 753/1382/753 2713/2856/2713 1245/2866/1245
f 752/2867/752 2710/2852/2710 2713/2856/2713
f 751/2859/751 2707/2850/2707 2710/2852/2710
f 2717/2868/2717 2720/2872/2720 2719/2869/2719
f 2717/2868/2717 2718/2878/2718 2721/2871/2721
f 2720/2872/2720 2723/2875/2723 2722/2873/2722
f 2720/2872/2720 2721/2871/2721 2724/2874/2724
f 1245/2876/1245 2716/2870/2716 757/1413/757
f 1244/2877/1244 2717/2868/2717 2716/2870/2716
f 1244/2877/1244 1243/2879/1243 2718/2878/2718
f 1243/2879/1243 15/86/15 258/2880/258
f 2718/2878/2718 258/2880/258 257/2881/257
f 2721/2871/2721 257/2881/257 256/2882/256
f 2724/2874/2724 256/2882/256 4/2883/4
f 2723/2875/2723 2724/2874/2724 1246/2884/1246
f 2723/2875/2723 1247/2885/1247 1248/2886/1248
f 2722/2873/2722 1248/2886/1248 127/1403/127
f 2719/2869/2719 2722/2873/2722 759/1402/759
f 2716/2870/2716 2719/2869/2719 758/2887/758
f 2726/2888/2726 2729/2892/2729 2728/2889/2728
f 2726/2888/2726 2727/2899/2727 2730/2891/2730
f 2729/2892/2729 2732/2895/2732 2731/2893/2731
f 2729/2892/2729 2730/2891/2730 2733/2894/2733
f 1249/2896/1249 2725/2890/2725 868/2897/868
f 1250/2898/1250 2726/2888/2726 2725/2890/2725
f 1250/2898/1250 1251/2900/1251 2727/2899/2727
f 1251/2900/1251 162/1751/162 894/1752/894
f 2727/2899/2727 894/1752/894 893/1765/893
f 2730/2891/2730 893/1765/893 892/1763/892
f 2733/2894/2733 892/1763/892 166/1764/166
f 2732/2895/2732 2733/2894/2733 1252/2901/1252
f 2732/2895/2732 1253/2902/1253 1254/2903/1254
f 2731/2893/2731 1254/2903/1254 159/2904/159
f 2728/2889/2728 2731/2893/2731 870/2905/870
f 2725/2890/2725 2728/2889/2728 869/2906/869
f 2734/2907/2734 2735/2911/2735 2738/2908/2738
f 2736/2910/2736 2739/2914/2739 2738/2908/2738
f 2737/2909/2737 2738/2908/2738 2741/2912/2741
f 2739/2914/2739 2742/2918/2742 2741/2912/2741
f 159/2904/159 1254/2903/1254 2734/2907/2734
f 1254/2903/1254 1253/2902/1253 2735/2911/2735
f 1252/2901/1252 2736/2910/2736 2735/2911/2735
f 166/1764/166 888/2916/888 2736/2910/2736
f 888/2916/888 887/2917/887 2739/2914/2739
f 887/2917/887 886/2919/886 2742/2918/2742
f 886/2919/886 161/4863/161 1255/2920/1255
f 2742/2918/2742 1255/2920/1255 1256/2921/1256
f 2740/2913/2740 2741/2912/2741 1256/2921/1256
f 837/2923/837 2740/2913/2740 1257/2922/1257
f 836/2925/836 2737/2909/2737 2740/2913/2740
f 835/2915/835 2734/2907/2734 2737/2909/2737
f 2744/2926/2744 2747/2930/2747 2746/2927/2746
f 2745/2929/2745 2748/2932/2748 2747/2930/2747
f 2747/2930/2747 2750/2933/2750 2749/2931/2749
f 2748/2932/2748 2751/2939/2751 2750/2933/2750
f 1258/2934/1258 2743/2928/2743 679/2935/679
f 1259/2937/1259 2744/2926/2744 2743/2928/2743
f 1260/2938/1260 2745/2929/2745 2744/2926/2744
f 4/83/4 255/82/255 2745/2929/2745
f 255/82/255 254/96/254 2748/2932/2748
f 254/96/254 253/95/253 2751/2939/2751
f 253/95/253 14/94/14 1261/2940/1261
f 2751/2939/2751 1261/2940/1261 1262/2941/1262
f 2750/2933/2750 1262/2941/1262 1263/2942/1263
f 2749/2931/2749 1263/2942/1263 113/1229/113
f 2746/2927/2746 2749/2931/2749 681/2943/681
f 2743/2928/2743 2746/2927/2746 680/2944/680
f 2752/2945/2752 2753/2948/2753 2756/2946/2756
f 2753/2948/2753 2754/2956/2754 2757/2949/2757
f 2755/2947/2755 2756/2946/2756 2759/2950/2759
f 2756/2946/2756 2757/2949/2757 2760/2952/2760
f 113/1229/113 1263/2954/1263 2752/2945/2752
f 1263/2954/1263 1262/2955/1262 2753/2948/2753
f 1262/2955/1262 1261/2957/1261 2754/2956/2754
f 1261/2957/1261 14/62/14 249/2958/249
f 2754/2956/2754 249/2958/249 248/2959/248
f 2757/2949/2757 248/2959/248 247/57/247
f 2760/2952/2760 247/57/247 3/2960/3
f 2759/2950/2759 2760/2952/2760 1264/2961/1264
f 2758/2951/2758 2759/2950/2759 1265/2962/1265
f 687/2964/687 2758/2951/2758 1266/2963/1266
f 686/2966/686 2755/2947/2755 2758/2951/2758
f 685/2953/685 2752/2945/2752 2755/2947/2755
f 2761/2967/2761 2762/2971/2762 2765/2968/2765
f 2763/2970/2763 2766/2974/2766 2765/2968/2765
f 2764/2969/2764 2765/2968/2765 2768/2972/2768
f 2766/2974/2766 2769/2980/2769 2768/2972/2768
f 172/2975/172 1267/2977/1267 2761/2967/2761
f 1267/2977/1267 1268/2979/1268 2762/2971/2762
f 1269/2978/1269 2763/2970/2763 2762/2971/2762
f 180/1940/180 966/1939/966 2763/2970/2763
f 966/1939/966 965/1951/965 2766/2974/2766
f 965/1951/965 964/1950/964 2769/2980/2769
f 964/1950/964 184/1949/184 1270/2981/1270
f 2769/2980/2769 1270/2981/1270 1271/2982/1271
f 2767/2973/2767 2768/2972/2768 1271/2982/1271
f 942/2984/942 2767/2973/2767 1272/2983/1272
f 941/2985/941 2764/2969/2764 2767/2973/2767
f 940/2976/940 2761/2967/2761 2764/2969/2764
f 2771/2986/2771 2774/2990/2774 2773/2987/2773
f 2771/2986/2771 2772/2994/2772 2775/2989/2775
f 2774/2990/2774 2777/2993/2777 2776/2991/2776
f 2774/2990/2774 2775/2989/2775 2778/2992/2778
f 1272/2983/1272 2770/2988/2770 907/1811/907
f 1271/2982/1271 2771/2986/2771 2770/2988/2770
f 1271/2982/1271 1270/2981/1270 2772/2994/2772
f 1270/2981/1270 184/1949/184 960/2995/960
f 2772/2994/2772 960/2995/960 959/2996/959
f 2775/2989/2775 959/2996/959 958/2997/958
f 2778/2992/2778 958/2997/958 179/2998/179
f 2777/2993/2777 2778/2992/2778 1273/2999/1273
f 2777/2993/2777 1274/3000/1274 1275/3001/1275
f 2776/2991/2776 1275/3001/1275 169/3002/169
f 2773/2987/2773 2776/2991/2776 909/3003/909
f 2770/2988/2770 2773/2987/2773 908/3004/908
f 2779/3005/2779 2780/3009/2780 2783/3006/2783
f 2781/3008/2781 2784/3012/2784 2783/3006/2783
f 2782/3007/2782 2783/3006/2783 2786/3010/2786
f 2784/3012/2784 2787/3017/2787 2786/3010/2786
f 90/1009/90 1276/3014/1276 2779/3005/2779
f 1276/3014/1276 1277/3016/1277 2780/3009/2780
f 1278/3015/1278 2781/3008/2781 2780/3009/2780
f 3/59/3 246/58/246 2781/3008/2781
f 246/58/246 245/72/245 2784/3012/2784
f 245/72/245 244/71/244 2787/3017/2787
f 244/71/244 13/70/13 1279/3018/1279
f 2787/3017/2787 1279/3018/1279 1280/3019/1280
f 2785/3011/2785 2786/3010/2786 1280/3019/1280
f 609/3021/609 2785/3011/2785 1281/3020/1281
f 608/1010/608 2782/3007/2782 2785/3011/2785
f 607/3013/607 2779/3005/2779 2782/3007/2782
f 2789/3022/2789 2792/3026/2792 2791/3023/2791
f 2789/3022/2789 2790/3033/2790 2793/3025/2793
f 2792/3026/2792 2795/3029/2795 2794/3027/2794
f 2792/3026/2792 2793/3025/2793 2796/3028/2796
f 1281/3030/1281 2788/3024/2788 613/3031/613
f 1280/3032/1280 2789/3022/2789 2788/3024/2788
f 1280/3032/1280 1279/3034/1279 2790/3033/2790
f 1279/3034/1279 13/38/13 240/3035/240
f 2790/3033/2790 240/3035/240 239/3036/239
f 2793/3025/2793 239/3036/239 238/3037/238
f 2796/3028/2796 238/3037/238 2/3038/2
f 2795/3029/2795 2796/3028/2796 1282/3039/1282
f 2795/3029/2795 1283/3040/1283 1284/3041/1284
f 2794/3027/2794 1284/3041/1284 91/3042/91
f 2791/3023/2791 2794/3027/2794 615/3043/615
f 2788/3024/2788 2791/3023/2791 614/3044/614
f 2798/3045/2798 2801/3049/2801 2800/3046/2800
f 2798/3045/2798 2799/3055/2799 2802/3048/2802
f 2801/3049/2801 2804/3052/2804 2803/3050/2803
f 2801/3049/2801 2802/3048/2802 2805/3051/2805
f 1285/3053/1285 2797/3047/2797 1012/2054/1012
f 1286/3054/1286 2798/3045/2798 2797/3047/2797
f 1286/3054/1286 1287/3056/1287 2799/3055/2799
f 1287/3056/1287 198/2121/198 1038/2122/1038
f 2799/3055/2799 1038/2122/1038 1037/2136/1037
f 2802/3048/2802 1037/2136/1037 1036/2134/1036
f 2805/3051/2805 1036/2134/1036 202/2135/202
f 2804/3052/2804 2805/3051/2805 1288/3057/1288
f 2804/3052/2804 1289/3058/1289 1290/3059/1290
f 2803/3050/2803 1290/3059/1290 195/3060/195
f 2800/3046/2800 2803/3050/2803 1014/3061/1014
f 2797/3047/2797 2800/3046/2800 1013/3062/1013
f 2806/3063/2806 2807/3067/2807 2810/3064/2810
f 2808/3066/2808 2811/3070/2811 2810/3064/2810
f 2809/3065/2809 2810/3064/2810 2813/3068/2813
f 2811/3070/2811 2814/3073/2814 2813/3068/2813
f 195/3060/195 1290/3059/1290 2806/3063/2806
f 1290/3059/1290 1289/3058/1289 2807/3067/2807
f 1288/3057/1288 2808/3066/2808 2807/3067/2807
f 202/2135/202 1032/3071/1032 2808/3066/2808
f 1032/3071/1032 1031/3072/1031 2811/3070/2811
f 1031/3072/1031 1030/2100/1030 2814/3073/2814
f 1030/2100/1030 197/4988/197 1291/3074/1291
f 2814/3073/2814 1291/3074/1291 1292/3075/1292
f 2812/3069/2812 2813/3068/2813 1292/3075/1292
f 981/3077/981 2812/3069/2812 1293/3076/1293
f 980/3079/980 2809/3065/2809 2812/3069/2812
f 979/1997/979 2806/3063/2806 2809/3065/2809
f 2816/3080/2816 2819/3084/2819 2818/3081/2818
f 2817/3083/2817 2820/3086/2820 2819/3084/2819
f 2819/3084/2819 2822/3087/2822 2821/3085/2821
f 2820/3086/2820 2823/3093/2823 2822/3087/2822
f 1294/3088/1294 2815/3082/2815 535/3089/535
f 1295/3091/1295 2816/3080/2816 2815/3082/2815
f 1296/3092/1296 2817/3083/2817 2816/3080/2816
f 2/35/2 237/34/237 2817/3083/2817
f 237/34/237 236/48/236 2820/3086/2820
f 236/48/236 235/47/235 2823/3093/2823
f 235/47/235 11/46/11 1297/3094/1297
f 2823/3093/2823 1297/3094/1297 1298/3095/1298
f 2822/3087/2822 1298/3095/1298 1299/3096/1299
f 2821/3085/2821 1299/3096/1299 77/856/77
f 2818/3081/2818 2821/3085/2821 537/3097/537
f 2815/3082/2815 2818/3081/2818 536/3098/536
f 2824/3099/2824 2825/3102/2825 2828/3100/2828
f 2825/3102/2825 2826/3110/2826 2829/3103/2829
f 2827/3101/2827 2828/3100/2828 2831/3104/2831
f 2828/3100/2828 2829/3103/2829 2832/3106/2832
f 77/856/77 1299/3108/1299 2824/3099/2824
f 1299/3108/1299 1298/3109/1298 2825/3102/2825
f 1298/3109/1298 1297/3111/1297 2826/3110/2826
f 1297/3111/1297 11/14/11 228/13/228
f 2826/3110/2826 228/13/228 227/3112/227
f 2829/3103/2829 227/3112/227 226/3113/226
f 2832/3106/2832 226/3113/226 1/3114/1
f 2831/3104/2831 2832/3106/2832 1300/3115/1300
f 2830/3105/2830 2831/3104/2831 1301/3116/1301
f 543/843/543 2830/3105/2830 1302/3117/1302
f 542/3119/542 2827/3101/2827 2830/3105/2830
f 541/3107/541 2824/3099/2824 2827/3101/2827
f 2833/3120/2833 2834/3124/2834 2837/3121/2837
f 2835/3123/2835 2838/3127/2838 2837/3121/2837
f 2836/3122/2836 2837/3121/2837 2840/3125/2840
f 2838/3127/2838 2841/3132/2841 2840/3125/2840
f 208/3128/208 1303/3129/1303 2833/3120/2833
f 1303/3129/1303 1304/3131/1304 2834/3124/2834
f 1305/3130/1305 2835/3123/2835 2834/3124/2834
f 216/2310/216 1110/2309/1110 2835/3123/2835
f 1110/2309/1110 1109/2321/1109 2838/3127/2838
f 1109/2321/1109 1108/2320/1108 2841/3132/2841
f 1108/2320/1108 220/2319/220 1306/3133/1306
f 2841/3132/2841 1306/3133/1306 1307/3134/1307
f 2839/3126/2839 2840/3125/2840 1307/3134/1307
f 1086/3136/1086 2839/3126/2839 1308/3135/1308
f 1085/3137/1085 2836/3122/2836 2839/3126/2839
f 1084/2238/1084 2833/3120/2833 2836/3122/2836
f 2843/3138/2843 2846/3142/2846 2845/3139/2845
f 2843/3138/2843 2844/3147/2844 2847/3141/2847
f 2846/3142/2846 2849/3145/2849 2848/3143/2848
f 2846/3142/2846 2847/3141/2847 2850/3144/2850
f 1308/3135/1308 2842/3140/2842 1051/3146/1051
f 1307/3134/1307 2843/3138/2843 2842/3140/2842
f 1307/3134/1307 1306/3133/1306 2844/3147/2844
f 1306/3133/1306 220/2319/220 1104/3148/1104
f 2844/3147/2844 1104/3148/1104 1103/3149/1103
f 2847/3141/2847 1103/3149/1103 1102/2284/1102
f 2850/3144/2850 1102/2284/1102 215/3150/215
f 2849/3145/2849 2850/3144/2850 1309/3151/1309
f 2849/3145/2849 1310/3152/1310 1311/3153/1311
f 2848/3143/2848 1311/3153/1311 205/3154/205
f 2845/3139/2845 2848/3143/2848 1053/3155/1053
f 2842/3140/2842 2845/3139/2845 1052/3156/1052
f 2851/3157/2851 2852/3160/2852 2855/3158/2855
f 2852/3160/2852 2853/3169/2853 2856/3161/2856
f 2854/3159/2854 2855/3158/2855 2858/3162/2858
f 2855/3158/2855 2856/3161/2856 2859/3164/2859
f 216/3165/216 1312/3167/1312 2851/3157/2851
f 1312/3167/1312 1313/3168/1313 2852/3160/2852
f 1313/3168/1313 1314/3170/1314 2853/3169/2853
f 1314/3170/1314 45/4989/45 426/3171/426
f 2853/3169/2853 426/3171/426 425/3172/425
f 2856/3161/2856 425/3172/425 424/3173/424
f 2859/3164/2859 424/3173/424 49/3174/49
f 2858/3162/2858 2859/3164/2859 1315/3175/1315
f 2857/3163/2857 2858/3162/2858 1316/3176/1316
f 1113/2312/1113 2857/3163/2857 1317/3177/1317
f 1112/3178/1112 2854/3159/2854 2857/3163/2857
f 1111/3166/1111 2851/3157/2851 2854/3159/2854
f 2860/3179/2860 2861/3182/2861 2864/3180/2864
f 2861/3182/2861 2862/3191/2862 2865/3183/2865
f 2863/3181/2863 2864/3180/2864 2867/3184/2867
f 2864/3180/2864 2865/3183/2865 2868/3186/2868
f 221/3187/221 1317/3189/1317 2860/3179/2860
f 1317/3189/1317 1316/3190/1316 2861/3182/2861
f 1316/3190/1316 1315/3192/1315 2862/3191/2862
f 1315/3192/1315 49/550/49 420/517/420
f 2862/3191/2862 420/517/420 419/3193/419
f 2865/3183/2865 419/3193/419 418/3194/418
f 2868/3186/2868 418/3194/418 44/3195/44
f 2867/3184/2867 2868/3186/2868 1318/3196/1318
f 2866/3185/2866 2867/3184/2867 1319/3197/1319
f 1119/3199/1119 2866/3185/2866 1320/3198/1320
f 1118/3201/1118 2863/3181/2863 2866/3185/2866
f 1117/3188/1117 2860/3179/2860 2863/3181/2863
f 2870/3202/2870 2873/3206/2873 2872/3203/2872
f 2871/3205/2871 2874/3208/2874 2873/3206/2873
f 2873/3206/2873 2876/3209/2876 2875/3207/2875
f 2874/3208/2874 2877/3215/2877 2876/3209/2876
f 1321/3210/1321 2869/3204/2869 1075/3211/1075
f 1322/3213/1322 2870/3202/2870 2869/3204/2869
f 1323/3214/1323 2871/3205/2871 2870/3202/2870
f 55/656/55 471/655/471 2871/3205/2871
f 471/655/471 470/669/470 2874/3208/2874
f 470/669/470 469/668/469 2877/3215/2877
f 469/668/469 59/667/59 1324/3216/1324
f 2877/3215/2877 1324/3216/1324 1325/3217/1325
f 2876/3209/2876 1325/3217/1325 1326/3218/1326
f 2875/3207/2875 1326/3218/1326 212/3219/212
f 2872/3203/2872 2875/3207/2875 1077/2219/1077
f 2869/3204/2869 2872/3203/2872 1076/3220/1076
f 2879/3221/2879 2882/3225/2882 2881/3222/2881
f 2880/3224/2880 2883/3227/2883 2882/3225/2882
f 2882/3225/2882 2885/3228/2885 2884/3226/2884
f 2883/3227/2883 2886/3233/2886 2885/3228/2885
f 1326/3218/1326 2878/3223/2878 1081/3229/1081
f 1325/3230/1325 2879/3221/2879 2878/3223/2878
f 1324/3231/1324 2880/3224/2880 2879/3221/2879
f 59/667/59 465/3232/465 2880/3224/2880
f 465/3232/465 464/633/464 2883/3227/2883
f 464/633/464 463/3234/463 2886/3233/2886
f 463/3234/463 54/4990/54 1327/3235/1327
f 2886/3233/2886 1327/3235/1327 1328/3236/1328
f 2885/3228/2885 1328/3236/1328 1329/3237/1329
f 2884/3226/2884 1329/3237/1329 208/2240/208
f 2881/3222/2881 2884/3226/2884 1083/3238/1083
f 2878/3223/2878 2881/3222/2881 1082/2251/1082
f 2888/3239/2888 2891/3243/2891 2890/3240/2890
f 2889/3242/2889 2892/3245/2892 2891/3243/2891
f 2891/3243/2891 2894/3246/2894 2893/3244/2893
f 2892/3245/2892 2895/3252/2895 2894/3246/2894
f 1330/3247/1330 2887/3241/2887 1039/3248/1039
f 1331/3250/1331 2888/3239/2888 2887/3241/2887
f 1332/3251/1332 2889/3242/2889 2888/3239/2888
f 215/2286/215 1101/2285/1101 2889/3242/2889
f 1101/2285/1101 1100/2299/1100 2892/3245/2892
f 1100/2299/1100 1099/2298/1099 2895/3252/2895
f 1099/2298/1099 218/2297/218 1333/3253/1333
f 2895/3252/2895 1333/3253/1333 1334/3254/1334
f 2894/3246/2894 1334/3254/1334 1335/3255/1335
f 2893/3244/2893 1335/3255/1335 203/2156/203
f 2890/3240/2890 2893/3244/2893 1041/3256/1041
f 2887/3241/2887 2890/3240/2890 1040/3257/1040
f 2897/3258/2897 2900/3262/2900 2899/3259/2899
f 2898/3261/2898 2901/3264/2901 2900/3262/2900
f 2900/3262/2900 2903/3265/2903 2902/3263/2902
f 2901/3264/2901 2904/3273/2904 2903/3265/2903
f 1335/3255/1335 2896/3260/2896 1045/3266/1045
f 1334/3268/1334 2897/3258/2897 2896/3260/2896
f 1333/3269/1333 2898/3261/2898 2897/3258/2897
f 218/3270/218 1092/3271/1092 2898/3261/2898
f 1092/3271/1092 1091/3272/1091 2901/3264/2901
f 1091/3272/1091 1090/3274/1090 2904/3273/2904
f 1090/3274/1090 214/2260/214 1336/3275/1336
f 2904/3273/2904 1336/3275/1336 1337/3276/1337
f 2903/3265/2903 1337/3276/1337 1338/3277/1338
f 2902/3263/2902 1338/3277/1338 199/2147/199
f 2899/3259/2899 2902/3263/2902 1047/2146/1047
f 2896/3260/2896 2899/3259/2899 1046/3278/1046
f 2905/3279/2905 2906/3282/2906 2909/3280/2909
f 2906/3282/2906 2907/3291/2907 2910/3283/2910
f 2908/3281/2908 2909/3280/2909 2912/3284/2912
f 2909/3280/2909 2910/3283/2910 2913/3286/2913
f 189/3287/189 1339/3289/1339 2905/3279/2905
f 1339/3289/1339 1340/3290/1340 2906/3282/2906
f 1340/3290/1340 1341/3292/1341 2907/3291/2907
f 1341/3292/1341 206/2191/206 1065/2192/1065
f 2907/3291/2907 1065/2192/1065 1064/2205/1064
f 2910/3283/2910 1064/2205/1064 1063/2203/1063
f 2913/3286/2913 1063/2203/1063 209/2204/209
f 2912/3284/2912 2913/3286/2913 1342/3293/1342
f 2911/3285/2911 2912/3284/2912 1343/3294/1343
f 1005/3296/1005 2911/3285/2911 1344/3295/1344
f 1004/3297/1004 2908/3281/2908 2911/3285/2911
f 1003/3288/1003 2905/3279/2905 2908/3281/2908
f 2914/3298/2914 2915/3301/2915 2918/3299/2918
f 2915/3301/2915 2916/3309/2916 2919/3302/2919
f 2917/3300/2917 2918/3299/2918 2921/3303/2921
f 2918/3299/2918 2919/3302/2919 2922/3305/2922
f 194/3306/194 1344/3295/1344 2914/3298/2914
f 1344/3295/1344 1343/3308/1343 2915/3301/2915
f 1343/3308/1343 1342/3310/1342 2916/3309/2916
f 1342/3310/1342 209/4991/209 1056/3311/1056
f 2916/3309/2916 1056/3311/1056 1055/2170/1055
f 2919/3302/2919 1055/2170/1055 1054/3312/1054
f 2922/3305/2922 1054/3312/1054 205/3313/205
f 2921/3303/2921 2922/3305/2922 1345/3314/1345
f 2920/3304/2920 2921/3303/2921 1346/3315/1346
f 1011/3317/1011 2920/3304/2920 1347/3316/1347
f 1010/3318/1010 2917/3300/2917 2920/3304/2920
f 1009/3307/1009 2914/3298/2914 2917/3300/2917
f 2923/3319/2923 2924/3322/2924 2927/3320/2927
f 2924/3322/2924 2925/3331/2925 2928/3323/2928
f 2926/3321/2926 2927/3320/2927 2930/3324/2930
f 2927/3320/2927 2928/3323/2928 2931/3326/2931
f 180/3327/180 1348/3329/1348 2923/3319/2923
f 1348/3329/1348 1349/3330/1349 2924/3322/2924
f 1349/3330/1349 1350/3332/1350 2925/3331/2925
f 1350/3332/1350 197/2098/197 1029/2099/1029
f 2925/3331/2925 1029/2099/1029 1028/2112/1028
f 2928/3323/2928 1028/2112/1028 1027/2111/1027
f 2931/3326/2931 1027/2111/1027 200/2079/200
f 2930/3324/2930 2931/3326/2931 1351/3333/1351
f 2929/3325/2929 2930/3324/2930 1352/3334/1352
f 969/1942/969 2929/3325/2929 1353/3335/1353
f 968/3336/968 2926/3321/2926 2929/3325/2929
f 967/3328/967 2923/3319/2923 2926/3321/2926
f 2932/3337/2932 2933/3340/2933 2936/3338/2936
f 2933/3340/2933 2934/3349/2934 2937/3341/2937
f 2935/3339/2935 2936/3338/2936 2939/3342/2939
f 2936/3338/2936 2937/3341/2937 2940/3344/2940
f 185/3345/185 1353/3347/1353 2932/3337/2932
f 1353/3347/1353 1352/3348/1352 2933/3340/2933
f 1352/3348/1352 1351/3350/1351 2934/3349/2934
f 1351/3350/1351 200/4992/200 1020/3351/1020
f 2934/3349/2934 1020/3351/1020 1019/2077/1019
f 2937/3341/2937 1019/2077/1019 1018/3352/1018
f 2940/3344/2940 1018/3352/1018 196/2076/196
f 2939/3342/2939 2940/3344/2940 1354/3353/1354
f 2938/3343/2938 2939/3342/2939 1355/3354/1355
f 975/3356/975 2938/3343/2938 1356/3355/1356
f 974/3358/974 2935/3339/2935 2938/3343/2938
f 973/3346/973 2932/3337/2932 2935/3339/2935
f 2942/3359/2942 2945/3363/2945 2944/3360/2944
f 2943/3362/2943 2946/3365/2946 2945/3363/2945
f 2945/3363/2945 2948/3366/2948 2947/3364/2947
f 2946/3365/2946 2949/3372/2949 2948/3366/2948
f 1357/3367/1357 2941/3361/2941 931/3368/931
f 1358/3370/1358 2942/3359/2942 2941/3361/2941
f 1359/3371/1359 2943/3362/2943 2942/3359/2942
f 188/2010/188 993/2009/993 2943/3362/2943
f 993/2009/993 992/2022/992 2946/3365/2946
f 992/2022/992 991/2021/991 2949/3372/2949
f 991/2021/991 191/2020/191 1360/3373/1360
f 2949/3372/2949 1360/3373/1360 1361/3374/1361
f 2948/3366/2948 1361/3374/1361 1362/3375/1362
f 2947/3364/2947 1362/3375/1362 176/3376/176
f 2944/3360/2944 2947/3364/2947 933/3377/933
f 2941/3361/2941 2944/3360/2944 932/3378/932
f 2951/3379/2951 2954/3383/2954 2953/3380/2953
f 2952/3382/2952 2955/3385/2955 2954/3383/2954
f 2954/3383/2954 2957/3386/2957 2956/3384/2956
f 2955/3385/2955 2958/3392/2958 2957/3386/2957
f 1362/3375/1362 2950/3381/2950 937/1881/937
f 1361/3387/1361 2951/3379/2951 2950/3381/2950
f 1360/3388/1360 2952/3382/2952 2951/3379/2951
f 191/3389/191 984/3390/984 2952/3382/2952
f 984/3390/984 983/3391/983 2955/3385/2955
f 983/3391/983 982/1986/982 2958/3392/2958
f 982/1986/982 187/4993/187 1363/3393/1363
f 2958/3392/2958 1363/3393/1363 1364/3394/1364
f 2957/3386/2957 1364/3394/1364 1365/3395/1365
f 2956/3384/2956 1365/3395/1365 172/1870/172
f 2953/3380/2953 2956/3384/2956 939/3396/939
f 2950/3381/2950 2953/3380/2953 938/3397/938
f 2960/3398/2960 2963/3402/2963 2962/3399/2962
f 2961/3401/2961 2964/3404/2964 2963/3402/2963
f 2963/3402/2963 2966/3405/2966 2965/3403/2965
f 2964/3404/2964 2967/3411/2967 2966/3405/2966
f 1366/3406/1366 2959/3400/2959 895/3407/895
f 1367/3409/1367 2960/3398/2960 2959/3400/2959
f 1368/3410/1368 2961/3401/2961 2960/3398/2960
f 179/1917/179 957/1916/957 2961/3401/2961
f 957/1916/957 956/1929/956 2964/3404/2964
f 956/1929/956 955/1928/955 2967/3411/2967
f 955/1928/955 182/1927/182 1369/3412/1369
f 2967/3411/2967 1369/3412/1369 1370/3413/1370
f 2966/3405/2966 1370/3413/1370 1371/3414/1371
f 2965/3403/2965 1371/3414/1371 167/3415/167
f 2962/3399/2962 2965/3403/2965 897/3416/897
f 2959/3400/2959 2962/3399/2962 896/3417/896
f 2969/3418/2969 2972/3422/2972 2971/3419/2971
f 2970/3421/2970 2973/3424/2973 2972/3422/2972
f 2972/3422/2972 2975/3425/2975 2974/3423/2974
f 2973/3424/2973 2976/3433/2976 2975/3425/2975
f 1371/3414/1371 2968/3420/2968 901/3426/901
f 1370/3428/1370 2969/3418/2969 2968/3420/2968
f 1369/3429/1369 2970/3421/2970 2969/3418/2969
f 182/3430/182 948/3431/948 2970/3421/2970
f 948/3431/948 947/3432/947 2973/3424/2973
f 947/3432/947 946/3434/946 2976/3433/2976
f 946/3434/946 178/4994/178 1372/3435/1372
f 2976/3433/2976 1372/3435/1372 1373/3436/1373
f 2975/3425/2975 1373/3436/1373 1374/3437/1374
f 2974/3423/2974 1374/3437/1374 163/3438/163
f 2971/3419/2971 2974/3423/2974 903/1775/903
f 2968/3420/2968 2971/3419/2971 902/3439/902
f 2977/3440/2977 2978/3443/2978 2981/3441/2981
f 2978/3443/2978 2979/3452/2979 2982/3444/2982
f 2980/3442/2980 2981/3441/2981 2984/3445/2984
f 2981/3441/2981 2982/3444/2982 2985/3447/2985
f 153/3448/153 1375/3450/1375 2977/3440/2977
f 1375/3450/1375 1376/3451/1376 2978/3443/2978
f 1376/3451/1376 1377/3453/1377 2979/3452/2979
f 1377/3453/1377 170/1821/170 921/1822/921
f 2979/3452/2979 921/1822/921 920/1835/920
f 2982/3444/2982 920/1835/920 919/1833/919
f 2985/3447/2985 919/1833/919 173/1834/173
f 2984/3445/2984 2985/3447/2985 1378/3454/1378
f 2983/3446/2983 2984/3445/2984 1379/3455/1379
f 861/3457/861 2983/3446/2983 1380/3456/1380
f 860/3459/860 2980/3442/2980 2983/3446/2983
f 859/3449/859 2977/3440/2977 2980/3442/2980
f 2986/3460/2986 2987/3463/2987 2990/3461/2990
f 2987/3463/2987 2988/3471/2988 2991/3464/2991
f 2989/3462/2989 2990/3461/2990 2993/3465/2993
f 2990/3461/2990 2991/3464/2991 2994/3467/2994
f 158/3458/158 1380/3469/1380 2986/3460/2986
f 1380/3469/1380 1379/3470/1379 2987/3463/2987
f 1379/3470/1379 1378/3472/1378 2988/3471/2988
f 1378/3472/1378 173/4995/173 912/3473/912
f 2988/3471/2988 912/3473/912 911/1800/911
f 2991/3464/2991 911/1800/911 910/3474/910
f 2994/3467/2994 910/3474/910 169/3002/169
f 2993/3465/2993 2994/3467/2994 1381/3475/1381
f 2992/3466/2992 2993/3465/2993 1382/3476/1382
f 867/3478/867 2992/3466/2992 1383/3477/1383
f 866/3479/866 2989/3462/2989 2992/3466/2992
f 865/3468/865 2986/3460/2986 2989/3462/2989
f 2995/3480/2995 2996/3483/2996 2999/3481/2999
f 2996/3483/2996 2997/3492/2997 3000/3484/3000
f 2998/3482/2998 2999/3481/2999 3002/3485/3002
f 2999/3481/2999 3000/3484/3000 3003/3487/3003
f 144/3488/144 1384/3490/1384 2995/3480/2995
f 1384/3490/1384 1385/3491/1385 2996/3483/2996
f 1385/3491/1385 1386/3493/1386 2997/3492/2997
f 1386/3493/1386 161/1727/161 885/1728/885
f 2997/3492/2997 885/1728/885 884/1742/884
f 3000/3484/3000 884/1742/884 883/1740/883
f 3003/3487/3003 883/1740/883 164/1741/164
f 3002/3485/3002 3003/3487/3003 1387/3494/1387
f 3001/3486/3001 3002/3485/3002 1388/3495/1388
f 825/3497/825 3001/3486/3001 1389/3496/1389
f 824/3499/824 2998/3482/2998 3001/3486/3001
f 823/3489/823 2995/3480/2995 2998/3482/2998
f 3004/3500/3004 3005/3503/3005 3008/3501/3008
f 3005/3503/3005 3006/3512/3006 3009/3504/3009
f 3007/3502/3007 3008/3501/3008 3011/3505/3011
f 3008/3501/3008 3009/3504/3009 3012/3507/3012
f 149/3508/149 1389/3510/1389 3004/3500/3004
f 1389/3510/1389 1388/3511/1388 3005/3503/3005
f 1388/3511/1388 1387/3513/1387 3006/3512/3006
f 1387/3513/1387 164/4996/164 876/3514/876
f 3006/3512/3006 876/3514/876 875/1706/875
f 3009/3504/3009 875/1706/875 874/3515/874
f 3012/3507/3012 874/3515/874 160/3516/160
f 3011/3505/3011 3012/3507/3012 1390/3517/1390
f 3010/3506/3010 3011/3505/3011 1391/3518/1391
f 831/3520/831 3010/3506/3010 1392/3519/1392
f 830/1602/830 3007/3502/3007 3010/3506/3010
f 829/3509/829 3004/3500/3004 3007/3502/3007
f 3014/3521/3014 3017/3525/3017 3016/3522/3016
f 3015/3524/3015 3018/3527/3018 3017/3525/3017
f 3017/3525/3017 3020/3528/3020 3019/3526/3019
f 3018/3527/3018 3021/3534/3021 3020/3528/3020
f 1393/3529/1393 3013/3523/3013 787/3530/787
f 1394/3532/1394 3014/3521/3014 3013/3523/3013
f 1395/3533/1395 3015/3524/3015 3014/3521/3014
f 152/1637/152 849/1636/849 3015/3524/3015
f 849/1636/849 848/1650/848 3018/3527/3018
f 848/1650/848 847/1649/847 3021/3534/3021
f 847/1649/847 155/1648/155 1396/3535/1396
f 3021/3534/3021 1396/3535/1396 1397/3536/1397
f 3020/3528/3020 1397/3536/1397 1398/3537/1398
f 3019/3526/3019 1398/3537/1398 140/3538/140
f 3016/3522/3016 3019/3526/3019 789/3539/789
f 3013/3523/3013 3016/3522/3016 788/3540/788
f 3023/3541/3023 3026/3545/3026 3025/3542/3025
f 3024/3544/3024 3027/3547/3027 3026/3545/3026
f 3026/3545/3026 3029/3548/3029 3028/3546/3028
f 3027/3547/3027 3030/3556/3030 3029/3548/3029
f 1398/3549/1398 3022/3543/3022 793/3550/793
f 1397/3552/1397 3023/3541/3023 3022/3543/3022
f 1396/3553/1396 3024/3544/3024 3023/3541/3023
f 155/3554/155 840/3555/840 3024/3544/3024
f 840/3555/840 839/1614/839 3027/3547/3027
f 839/1614/839 838/1613/838 3030/3556/3030
f 838/1613/838 151/4997/151 1399/3557/1399
f 3030/3556/3030 1399/3557/1399 1400/3558/1400
f 3029/3548/3029 1400/3558/1400 1401/3559/1401
f 3028/3546/3028 1401/3559/1401 136/3560/136
f 3025/3542/3025 3028/3546/3028 795/1495/795
f 3022/3543/3022 3025/3542/3025 794/1507/794
f 3032/3561/3032 3035/3565/3035 3034/3562/3034
f 3033/3564/3033 3036/3567/3036 3035/3565/3035
f 3035/3565/3035 3038/3568/3038 3037/3566/3037
f 3036/3567/3036 3039/3573/3039 3038/3568/3038
f 1402/3569/1402 3031/3563/3031 742/1356/742
f 1403/3571/1403 3032/3561/3032 3031/3563/3031
f 1404/3572/1404 3033/3564/3033 3032/3561/3032
f 143/1542/143 813/1541/813 3033/3564/3033
f 813/1541/813 812/1555/812 3036/3567/3036
f 812/1555/812 811/1554/811 3039/3573/3039
f 811/1554/811 146/1553/146 1405/3574/1405
f 3039/3573/3039 1405/3574/1405 1406/3575/1406
f 3038/3568/3038 1406/3575/1406 1407/3576/1407
f 3037/3566/3037 1407/3576/1407 130/3577/130
f 3034/3562/3034 3037/3566/3037 744/3578/744
f 3031/3563/3031 3034/3562/3034 743/3579/743
f 3041/3580/3041 3044/3584/3044 3043/3581/3043
f 3042/3583/3042 3045/3586/3045 3044/3584/3044
f 3044/3584/3044 3047/3587/3047 3046/3585/3046
f 3045/3586/3045 3048/3596/3048 3047/3587/3047
f 1407/3588/1407 3040/3582/3040 748/3589/748
f 1406/3591/1406 3041/3580/3041 3040/3582/3040
f 1405/3592/1405 3042/3583/3042 3041/3580/3041
f 146/3593/146 804/3594/804 3042/3583/3042
f 804/3594/804 803/3595/803 3045/3586/3045
f 803/3595/803 802/3597/802 3048/3596/3048
f 802/3597/802 142/2812/142 1408/3598/1408
f 3048/3596/3048 1408/3598/1408 1409/3599/1409
f 3047/3587/3047 1409/3599/1409 1410/3600/1410
f 3046/3585/3046 1410/3600/1410 126/2858/126
f 3043/3581/3043 3046/3585/3046 750/3601/750
f 3040/3582/3040 3043/3581/3043 749/3602/749
f 3049/3603/3049 3050/3606/3050 3053/3604/3053
f 3050/3606/3050 3051/3615/3051 3054/3607/3054
f 3052/3605/3052 3053/3604/3053 3056/3608/3056
f 3053/3604/3053 3054/3607/3054 3057/3610/3057
f 117/3611/117 1411/3613/1411 3049/3603/3049
f 1411/3613/1411 1412/3614/1412 3050/3606/3050
f 1412/3614/1412 1413/3616/1413 3051/3615/3051
f 1413/3616/1413 134/1447/134 777/1448/777
f 3051/3615/3051 777/1448/777 776/1461/776
f 3054/3607/3054 776/1461/776 775/1459/775
f 3057/3610/3057 775/1459/775 137/1460/137
f 3056/3608/3056 3057/3610/3057 1414/3617/1414
f 3055/3609/3055 3056/3608/3056 1415/3618/1415
f 717/3620/717 3055/3609/3055 1416/3619/1416
f 716/3622/716 3052/3605/3052 3055/3609/3055
f 715/3612/715 3049/3603/3049 3052/3605/3052
f 3058/3623/3058 3059/3626/3059 3062/3624/3062
f 3059/3626/3059 3060/3634/3060 3063/3627/3063
f 3061/3625/3061 3062/3624/3062 3065/3628/3065
f 3062/3624/3062 3063/3627/3063 3066/3630/3066
f 122/3631/122 1416/3619/1416 3058/3623/3058
f 1416/3619/1416 1415/3633/1415 3059/3626/3059
f 1415/3633/1415 1414/3635/1414 3060/3634/3060
f 1414/3635/1414 137/4998/137 768/3636/768
f 3060/3634/3060 768/3636/768 767/3637/767
f 3063/3627/3063 767/3637/767 766/3638/766
f 3066/3630/3066 766/3638/766 133/1425/133
f 3065/3628/3065 3066/3630/3066 1417/3639/1417
f 3064/3629/3064 3065/3628/3065 1418/3640/1418
f 723/1310/723 3064/3629/3064 1419/3641/1419
f 722/3642/722 3061/3625/3061 3064/3629/3064
f 721/3632/721 3058/3623/3058 3061/3625/3061
f 3067/3643/3067 3068/3646/3068 3071/3644/3071
f 3068/3646/3068 3069/3655/3069 3072/3647/3072
f 3070/3645/3070 3071/3644/3071 3074/3648/3074
f 3071/3644/3071 3072/3647/3072 3075/3650/3075
f 107/3651/107 1420/3653/1420 3067/3643/3067
f 1420/3653/1420 1421/3654/1421 3068/3646/3068
f 1421/3654/1421 1422/3656/1422 3069/3655/3069
f 1422/3656/1422 124/1330/124 729/1331/729
f 3069/3655/3069 729/1331/729 728/1345/728
f 3072/3647/3072 728/1345/728 727/1343/727
f 3075/3650/3075 727/1343/727 132/1344/132
f 3074/3648/3074 3075/3650/3075 1423/3657/1423
f 3073/3649/3073 3074/3648/3074 1424/3658/1424
f 672/3660/672 3073/3649/3073 1425/3659/1425
f 671/3662/671 3070/3645/3070 3073/3649/3073
f 670/3652/670 3067/3643/3067 3070/3645/3070
f 3076/3663/3076 3077/3666/3077 3080/3664/3080
f 3077/3666/3077 3078/3674/3078 3081/3667/3081
f 3079/3665/3079 3080/3664/3080 3083/3668/3083
f 3080/3664/3080 3081/3667/3081 3084/3670/3084
f 112/1206/112 1425/3672/1425 3076/3663/3076
f 1425/3672/1425 1424/3673/1424 3077/3666/3077
f 1424/3673/1424 1423/3675/1423 3078/3674/3078
f 1423/3675/1423 132/4999/132 762/3676/762
f 3078/3674/3078 762/3676/762 761/1404/761
f 3081/3667/3081 761/1404/761 760/3677/760
f 3084/3670/3084 760/3677/760 127/3678/127
f 3083/3668/3083 3084/3670/3084 1426/3679/1426
f 3082/3669/3082 3083/3668/3083 1427/3680/1427
f 678/3682/678 3082/3669/3082 1428/3681/1428
f 677/3683/677 3079/3665/3079 3082/3669/3082
f 676/3671/676 3076/3663/3076 3079/3665/3079
f 3086/3684/3086 3089/3688/3089 3088/3685/3088
f 3087/3687/3087 3090/3690/3090 3089/3688/3089
f 3089/3688/3089 3092/3691/3092 3091/3689/3091
f 3090/3690/3090 3093/3697/3093 3092/3691/3092
f 1429/3692/1429 3085/3686/3085 643/3693/643
f 1430/3695/1430 3086/3684/3086 3085/3686/3085
f 1431/3696/1431 3087/3687/3087 3086/3684/3086
f 116/1265/116 705/1264/705 3087/3687/3087
f 705/1264/705 704/1277/704 3090/3690/3090
f 704/1277/704 703/1276/703 3093/3697/3093
f 703/1276/703 119/1275/119 1432/3698/1432
f 3093/3697/3093 1432/3698/1432 1433/3699/1433
f 3092/3691/3092 1433/3699/1433 1434/3700/1434
f 3091/3689/3091 1434/3700/1434 104/3701/104
f 3088/3685/3088 3091/3689/3091 645/1103/645
f 3085/3686/3085 3088/3685/3088 644/1101/644
f 3095/3702/3095 3098/3706/3098 3097/3703/3097
f 3096/3705/3096 3099/3708/3099 3098/3706/3098
f 3098/3706/3098 3101/3709/3101 3100/3707/3100
f 3099/3708/3099 3102/3716/3102 3101/3709/3101
f 1434/3700/1434 3094/3704/3094 649/1135/649
f 1433/3711/1433 3095/3702/3095 3094/3704/3094
f 1432/3712/1432 3096/3705/3096 3095/3702/3095
f 119/3713/119 696/3714/696 3096/3705/3096
f 696/3714/696 695/3715/695 3099/3708/3099
f 695/3715/695 694/3717/694 3102/3716/3102
f 694/3717/694 115/1239/115 1435/3718/1435
f 3102/3716/3102 1435/3718/1435 1436/3719/1436
f 3101/3709/3101 1436/3719/1436 1437/3720/1437
f 3100/3707/3100 1437/3720/1437 100/3721/100
f 3097/3703/3097 3100/3707/3100 651/3722/651
f 3094/3704/3094 3097/3703/3097 650/3723/650
f 3104/3724/3104 3107/3728/3107 3106/3725/3106
f 3105/3727/3105 3108/3730/3108 3107/3728/3107
f 3107/3728/3107 3110/3731/3110 3109/3729/3109
f 3108/3730/3108 3111/3736/3111 3110/3731/3110
f 1438/3732/1438 3103/3726/3103 598/985/598
f 1439/3734/1439 3104/3724/3104 3103/3726/3103
f 1440/3735/1440 3105/3727/3105 3104/3724/3104
f 106/1147/106 657/1146/657 3105/3727/3105
f 657/1146/657 656/1160/656 3108/3730/3108
f 656/1160/656 655/1159/655 3111/3736/3111
f 655/1159/655 114/1158/114 1441/3737/1441
f 3111/3736/3111 1441/3737/1441 1442/3738/1442
f 3110/3731/3110 1442/3738/1442 1443/3739/1443
f 3109/3729/3109 1443/3739/1443 94/3740/94
f 3106/3725/3106 3109/3729/3109 600/3741/600
f 3103/3726/3103 3106/3725/3106 599/986/599
f 3113/3742/3113 3116/3746/3116 3115/3743/3115
f 3114/3745/3114 3117/3748/3117 3116/3746/3116
f 3116/3746/3116 3119/3749/3119 3118/3747/3118
f 3117/3748/3117 3120/3757/3120 3119/3749/3119
f 1443/3750/1443 3112/3744/3112 604/3751/604
f 1442/3753/1442 3113/3742/3113 3112/3744/3112
f 1441/3754/1441 3114/3745/3114 3113/3742/3113
f 114/3755/114 690/3756/690 3114/3745/3114
f 690/3756/690 689/1219/689 3117/3748/3117
f 689/1219/689 688/3758/688 3120/3757/3120
f 688/3758/688 109/1216/109 1444/3759/1444
f 3120/3757/3120 1444/3759/1444 1445/3760/1445
f 3119/3749/3119 1445/3760/1445 1446/3761/1446
f 3118/3747/3118 1446/3761/1446 90/3762/90
f 3115/3743/3115 3118/3747/3118 606/3763/606
f 3112/3744/3112 3115/3743/3115 605/3764/605
f 3121/3765/3121 3122/3768/3122 3125/3766/3125
f 3122/3768/3122 3123/3777/3123 3126/3769/3126
f 3124/3767/3124 3125/3766/3125 3128/3770/3128
f 3125/3766/3125 3126/3769/3126 3129/3772/3129
f 81/3773/81 1447/3775/1447 3121/3765/3121
f 1447/3775/1447 1448/3776/1448 3122/3768/3122
f 1448/3776/1448 1449/3778/1449 3123/3777/3123
f 1449/3778/1449 98/1075/98 633/1076/633
f 3123/3777/3123 633/1076/633 632/1089/632
f 3126/3769/3126 632/1089/632 631/1087/631
f 3129/3772/3129 631/1087/631 101/1088/101
f 3128/3770/3128 3129/3772/3129 1450/3779/1450
f 3127/3771/3127 3128/3770/3128 1451/3780/1451
f 573/3782/573 3127/3771/3127 1452/3781/1452
f 572/3784/572 3124/3767/3124 3127/3771/3127
f 571/3774/571 3121/3765/3121 3124/3767/3124
f 3130/3785/3130 3131/3788/3131 3134/3786/3134
f 3131/3788/3131 3132/3795/3132 3135/3789/3135
f 3133/3787/3133 3134/3786/3134 3137/3790/3137
f 3134/3786/3134 3135/3789/3135 3138/3792/3138
f 86/949/86 1452/3781/1452 3130/3785/3130
f 1452/3781/1452 1451/3794/1451 3131/3788/3131
f 1451/3794/1451 1450/3796/1450 3132/3795/3132
f 1450/3796/1450 101/5000/101 624/1055/624
f 3132/3795/3132 624/1055/624 623/3797/623
f 3135/3789/3135 623/3797/623 622/3798/622
f 3138/3792/3138 622/3798/622 97/1053/97
f 3137/3790/3137 3138/3792/3138 1453/3799/1453
f 3136/3791/3136 3137/3790/3137 1454/3800/1454
f 579/3802/579 3136/3791/3136 1455/3801/1455
f 578/3804/578 3133/3787/3133 3136/3791/3136
f 577/3793/577 3130/3785/3130 3133/3787/3133
f 3139/3805/3139 3140/3808/3140 3143/3806/3143
f 3140/3808/3140 3141/3817/3141 3144/3809/3144
f 3142/3807/3142 3143/3806/3143 3146/3810/3146
f 3143/3806/3143 3144/3809/3144 3147/3812/3147
f 71/3813/71 1456/3815/1456 3139/3805/3139
f 1456/3815/1456 1457/3816/1457 3140/3808/3140
f 1457/3816/1457 1458/3818/1458 3141/3817/3141
f 1458/3818/1458 88/959/88 585/960/585
f 3141/3817/3141 585/960/585 584/974/584
f 3144/3809/3144 584/974/584 583/972/583
f 3147/3812/3147 583/972/583 96/973/96
f 3146/3810/3146 3147/3812/3147 1459/3819/1459
f 3145/3811/3145 3146/3810/3146 1460/3820/1460
f 528/3822/528 3145/3811/3145 1461/3821/1461
f 527/3823/527 3142/3807/3142 3145/3811/3145
f 526/3814/526 3139/3805/3139 3142/3807/3142
f 3148/3824/3148 3149/3827/3149 3152/3825/3152
f 3149/3827/3149 3150/3835/3150 3153/3828/3153
f 3151/3826/3151 3152/3825/3152 3155/3829/3155
f 3152/3825/3152 3153/3828/3153 3156/3831/3156
f 76/832/76 1461/3833/1461 3148/3824/3148
f 1461/3833/1461 1460/3834/1460 3149/3827/3149
f 1460/3834/1460 1459/3836/1459 3150/3835/3150
f 1459/3836/1459 96/5001/96 618/3837/618
f 3150/3835/3150 618/3837/618 617/3838/617
f 3153/3828/3153 617/3838/617 616/3839/616
f 3156/3831/3156 616/3839/616 91/3840/91
f 3155/3829/3155 3156/3831/3156 1462/3841/1462
f 3154/3830/3154 3155/3829/3155 1463/3842/1463
f 534/3844/534 3154/3830/3154 1464/3843/1464
f 533/3845/533 3151/3826/3151 3154/3830/3154
f 532/3832/532 3148/3824/3148 3151/3826/3151
f 3158/3846/3158 3161/3850/3161 3160/3847/3160
f 3159/3849/3159 3162/3852/3162 3161/3850/3161
f 3161/3850/3161 3164/3853/3164 3163/3851/3163
f 3162/3852/3162 3165/3859/3165 3164/3853/3164
f 1465/3854/1465 3157/3848/3157 499/3855/499
f 1466/3857/1466 3158/3846/3158 3157/3848/3157
f 1467/3858/1467 3159/3849/3159 3158/3846/3158
f 80/892/80 561/891/561 3159/3849/3159
f 561/891/561 560/905/560 3162/3852/3162
f 560/905/560 559/904/559 3165/3859/3165
f 559/904/559 83/903/83 1468/3860/1468
f 3165/3859/3165 1468/3860/1468 1469/3861/1469
f 3164/3853/3164 1469/3861/1469 1470/3862/1470
f 3163/3851/3163 1470/3862/1470 68/3863/68
f 3160/3847/3160 3163/3851/3163 501/731/501
f 3157/3848/3157 3160/3847/3160 500/3864/500
f 3167/3865/3167 3170/3869/3170 3169/3866/3169
f 3168/3868/3168 3171/3871/3171 3170/3869/3170
f 3170/3869/3170 3173/3872/3173 3172/3870/3172
f 3171/3871/3171 3174/3878/3174 3173/3872/3173
f 1470/3873/1470 3166/3867/3166 505/760/505
f 1469/3875/1469 3167/3865/3167 3166/3867/3166
f 1468/3860/1468 3168/3868/3168 3167/3865/3167
f 83/3876/83 552/3877/552 3168/3868/3168
f 552/3877/552 551/869/551 3171/3871/3171
f 551/869/551 550/868/550 3174/3878/3174
f 550/868/550 79/5002/79 1471/3879/1471
f 3174/3878/3174 1471/3879/1471 1472/3880/1472
f 3173/3872/3173 1472/3880/1472 1473/3881/1473
f 3172/3870/3172 1473/3881/1473 64/3882/64
f 3169/3866/3169 3172/3870/3172 507/3883/507
f 3166/3867/3166 3169/3866/3169 506/3884/506
f 3176/3885/3176 3179/3889/3179 3178/3886/3178
f 3177/3888/3177 3180/3891/3180 3179/3889/3179
f 3179/3889/3179 3182/3892/3182 3181/3890/3181
f 3180/3891/3180 3183/3897/3183 3182/3892/3182
f 1474/3893/1474 3175/3887/3175 436/562/436
f 1475/3895/1475 3176/3885/3176 3175/3887/3175
f 1476/3896/1476 3177/3888/3177 3176/3885/3176
f 70/772/70 513/771/513 3177/3888/3177
f 513/771/513 512/785/512 3180/3891/3180
f 512/785/512 511/784/511 3183/3897/3183
f 511/784/511 78/783/78 1477/3898/1477
f 3183/3897/3183 1477/3898/1477 1478/3899/1478
f 3182/3892/3182 1478/3899/1478 1479/3900/1479
f 3181/3890/3181 1479/3900/1479 51/502/51
f 3178/3886/3178 3181/3890/3181 438/3901/438
f 3175/3887/3175 3178/3886/3178 437/3902/437
f 3185/3903/3185 3188/3907/3188 3187/3904/3187
f 3186/3906/3186 3189/3909/3189 3188/3907/3188
f 3188/3907/3188 3191/3910/3191 3190/3908/3190
f 3189/3909/3189 3192/3915/3192 3191/3910/3191
f 1479/3911/1479 3184/3905/3184 403/503/403
f 1478/3912/1478 3185/3903/3185 3184/3905/3184
f 1477/3898/1477 3186/3906/3186 3185/3903/3185
f 78/3913/78 546/3914/546 3186/3906/3186
f 546/3914/546 545/845/545 3189/3909/3189
f 545/845/545 544/3916/544 3192/3915/3192
f 544/3916/544 73/842/73 1480/3917/1480
f 3192/3915/3192 1480/3917/1480 1481/3918/1481
f 3191/3910/3191 1481/3918/1481 1482/3919/1482
f 3190/3908/3190 1482/3919/1482 43/491/43
f 3187/3904/3187 3190/3908/3190 405/490/405
f 3184/3905/3184 3187/3904/3187 404/504/404
f 3193/3920/3193 3194/3923/3194 3197/3921/3197
f 3194/3923/3194 3195/3931/3195 3198/3924/3198
f 3196/3922/3196 3197/3921/3197 3200/3925/3200
f 3197/3921/3197 3198/3924/3198 3201/3927/3201
f 52/2383/52 1483/3929/1483 3193/3920/3193
f 1483/3929/1483 1484/3930/1484 3194/3923/3194
f 1484/3930/1484 1485/3932/1485 3195/3931/3195
f 1485/3932/1485 62/702/62 489/703/489
f 3195/3931/3195 489/703/489 488/717/488
f 3198/3924/3198 488/717/488 487/715/487
f 3201/3927/3201 487/715/487 65/716/65
f 3200/3925/3200 3201/3927/3201 1486/3933/1486
f 3199/3926/3199 3200/3925/3200 1487/3934/1487
f 444/586/444 3199/3926/3199 1488/3935/1488
f 443/3937/443 3196/3922/3196 3199/3926/3199
f 442/3928/442 3193/3920/3193 3196/3922/3196
f 3202/3938/3202 3203/3941/3203 3206/3939/3206
f 3203/3941/3203 3204/3948/3204 3207/3942/3207
f 3205/3940/3205 3206/3939/3206 3209/3943/3209
f 3206/3939/3206 3207/3942/3207 3210/3945/3210
f 56/3936/56 1488/3935/1488 3202/3938/3202
f 1488/3935/1488 1487/3947/1487 3203/3941/3203
f 1487/3947/1487 1486/3949/1486 3204/3948/3204
f 1486/3949/1486 65/5003/65 480/682/480
f 3204/3948/3204 480/682/480 479/681/479
f 3207/3942/3207 479/681/479 478/3950/478
f 3210/3945/3210 478/3950/478 61/3951/61
f 3209/3943/3209 3210/3945/3210 1489/3952/1489
f 3208/3944/3208 3209/3943/3209 1490/3953/1490
f 453/3955/453 3208/3944/3208 1491/3954/1491
f 452/3957/452 3205/3940/3205 3208/3944/3208
f 451/3946/451 3202/3938/3202 3205/3940/3205
f 3211/3958/3211 3212/3961/3212 3215/3959/3215
f 3212/3961/3212 3213/3970/3213 3216/3962/3216
f 3214/3960/3214 3215/3959/3215 3218/3963/3218
f 3215/3959/3215 3216/3962/3216 3219/3965/3219
f 30/3966/30 1492/3968/1492 3211/3958/3211
f 1492/3968/1492 1493/3969/1493 3212/3961/3212
f 1493/3969/1493 1494/3971/1494 3213/3970/3213
f 1494/3971/1494 63/726/63 498/727/498
f 3213/3970/3213 498/727/498 497/739/497
f 3216/3962/3216 497/739/497 496/737/496
f 3219/3965/3219 496/737/496 67/738/67
f 3218/3963/3218 3219/3965/3219 1495/3972/1495
f 3217/3964/3217 3218/3963/3218 1496/3973/1496
f 393/3975/393 3217/3964/3217 1497/3974/1497
f 392/3976/392 3214/3960/3214 3217/3964/3217
f 391/3967/391 3211/3958/3211 3214/3960/3214
f 3221/3977/3221 3224/3981/3224 3223/3978/3223
f 3222/3980/3222 3225/3983/3225 3224/3981/3224
f 3224/3981/3224 3227/3984/3227 3226/3982/3226
f 3225/3983/3225 3228/3991/3228 3227/3984/3227
f 1497/3985/1497 3220/3979/3220 397/3986/397
f 1496/3987/1496 3221/3977/3221 3220/3979/3220
f 1495/3988/1495 3222/3980/3222 3221/3977/3221
f 67/738/67 492/3989/492 3222/3980/3222
f 492/3989/492 491/3990/491 3225/3983/3225
f 491/3990/491 490/3992/490 3228/3991/3228
f 490/3992/490 62/5004/62 1498/3993/1498
f 3228/3991/3228 1498/3993/1498 1499/3994/1499
f 3227/3984/3227 1499/3994/1499 1500/3995/1500
f 3226/3982/3226 1500/3995/1500 31/3996/31
f 3223/3978/3223 3226/3982/3226 399/3997/399
f 3220/3979/3220 3223/3978/3223 398/3998/398
f 3229/3999/3229 3230/4003/3230 3233/4000/3233
f 3231/4002/3231 3234/4006/3234 3233/4000/3233
f 3232/4001/3232 3233/4000/3233 3236/4004/3236
f 3234/4006/3234 3237/4011/3237 3236/4004/3236
f 29/4007/29 1501/4008/1501 3229/3999/3229
f 1501/4008/1501 1502/4010/1502 3230/4003/3230
f 1503/4009/1503 3231/4002/3231 3230/4003/3230
f 81/916/81 570/915/570 3231/4002/3231
f 570/915/570 569/926/569 3234/4006/3234
f 569/926/569 568/925/568 3237/4011/3237
f 568/925/568 85/895/85 1504/4012/1504
f 3237/4011/3237 1504/4012/1504 1505/4013/1505
f 3235/4005/3235 3236/4004/3236 1505/4013/1505
f 384/4015/384 3235/4005/3235 1506/4014/1506
f 383/4016/383 3232/4001/3232 3235/4005/3235
f 382/417/382 3229/3999/3229 3232/4001/3232
f 3239/4017/3239 3242/4021/3242 3241/4018/3241
f 3239/4017/3239 3240/4028/3240 3243/4020/3243
f 3242/4021/3242 3245/4024/3245 3244/4022/3244
f 3242/4021/3242 3243/4020/3243 3246/4023/3246
f 1506/4025/1506 3238/4019/3238 388/4026/388
f 1505/4027/1505 3239/4017/3239 3238/4019/3238
f 1505/4027/1505 1504/4029/1504 3240/4028/3240
f 1504/4029/1504 85/895/85 564/894/564
f 3240/4028/3240 564/894/564 563/4030/563
f 3243/4020/3243 563/4030/563 562/4031/562
f 3246/4023/3246 562/4031/562 80/4032/80
f 3245/4024/3245 3246/4023/3246 1507/4033/1507
f 3245/4024/3245 1508/4034/1508 1509/4035/1509
f 3244/4022/3244 1509/4035/1509 30/4036/30
f 3241/4018/3241 3244/4022/3244 390/4037/390
f 3238/4019/3238 3241/4018/3241 389/4038/389
f 3247/4039/3247 3248/4042/3248 3251/4040/3251
f 3248/4042/3248 3249/4051/3249 3252/4043/3252
f 3250/4041/3250 3251/4040/3251 3254/4044/3254
f 3251/4040/3251 3252/4043/3252 3255/4046/3255
f 28/4047/28 1510/4049/1510 3247/4039/3247
f 1510/4049/1510 1511/4050/1511 3248/4042/3248
f 1511/4050/1511 1512/4052/1512 3249/4051/3249
f 1512/4052/1512 99/1098/99 642/1099/642
f 3249/4051/3249 642/1099/642 641/1113/641
f 3252/4043/3252 641/1113/641 640/1111/640
f 3255/4046/3255 640/1111/640 103/1112/103
f 3254/4044/3254 3255/4046/3255 1513/4053/1513
f 3253/4045/3253 3254/4044/3254 1514/4054/1514
f 375/4056/375 3253/4045/3253 1515/4055/1515
f 374/396/374 3250/4041/3250 3253/4045/3253
f 373/4048/373 3247/4039/3247 3250/4041/3250
f 3257/4057/3257 3260/4061/3260 3259/4058/3259
f 3258/4060/3258 3261/4063/3261 3260/4061/3260
f 3260/4061/3260 3263/4064/3263 3262/4062/3262
f 3261/4063/3261 3264/4071/3264 3263/4064/3263
f 1515/4065/1515 3256/4059/3256 379/4066/379
f 1514/4067/1514 3257/4057/3257 3256/4059/3256
f 1513/4068/1513 3258/4060/3258 3257/4057/3257
f 103/1112/103 636/4069/636 3258/4060/3258
f 636/4069/636 635/4070/635 3261/4063/3261
f 635/4070/635 634/1077/634 3264/4071/3264
f 634/1077/634 98/5005/98 1516/4072/1516
f 3264/4071/3264 1516/4072/1516 1517/4073/1517
f 3263/4064/3263 1517/4073/1517 1518/4074/1518
f 3262/4062/3262 1518/4074/1518 29/419/29
f 3259/4058/3259 3262/4062/3262 381/4075/381
f 3256/4059/3256 3259/4058/3259 380/4076/380
f 3265/4077/3265 3266/4081/3266 3269/4078/3269
f 3267/4080/3267 3270/4084/3270 3269/4078/3269
f 3268/4079/3268 3269/4078/3269 3272/4082/3272
f 3270/4084/3270 3273/4090/3273 3272/4082/3272
f 27/4085/27 1519/4087/1519 3265/4077/3265
f 1519/4087/1519 1520/4089/1520 3266/4081/3266
f 1521/4088/1521 3267/4080/3267 3266/4081/3266
f 117/1288/117 714/1287/714 3267/4080/3267
f 714/1287/714 713/1300/713 3270/4084/3270
f 713/1300/713 712/1299/712 3273/4090/3273
f 712/1299/712 121/1268/121 1522/4091/1522
f 3273/4090/3273 1522/4091/1522 1523/4092/1523
f 3271/4083/3271 3272/4082/3272 1523/4092/1523
f 366/4094/366 3271/4083/3271 1524/4093/1524
f 365/4095/365 3268/4079/3268 3271/4083/3271
f 364/4086/364 3265/4077/3265 3268/4079/3268
f 3275/4096/3275 3278/4100/3278 3277/4097/3277
f 3275/4096/3275 3276/4107/3276 3279/4099/3279
f 3278/4100/3278 3281/4103/3281 3280/4101/3280
f 3278/4100/3278 3279/4099/3279 3282/4102/3282
f 1524/4104/1524 3274/4098/3274 370/4105/370
f 1523/4106/1523 3275/4096/3275 3274/4098/3274
f 1523/4106/1523 1522/4108/1522 3276/4107/3276
f 1522/4108/1522 121/1268/121 708/4109/708
f 3276/4107/3276 708/4109/708 707/4110/707
f 3279/4099/3279 707/4110/707 706/4111/706
f 3282/4102/3282 706/4111/706 116/4112/116
f 3281/4103/3281 3282/4102/3282 1525/4113/1525
f 3281/4103/3281 1526/4114/1526 1527/4115/1527
f 3280/4101/3280 1527/4115/1527 28/4047/28
f 3277/4097/3277 3280/4101/3280 372/4116/372
f 3274/4098/3274 3277/4097/3277 371/4117/371
f 3283/4118/3283 3284/4121/3284 3287/4119/3287
f 3284/4121/3284 3285/4130/3285 3288/4122/3288
f 3286/4120/3286 3287/4119/3287 3290/4123/3290
f 3287/4119/3287 3288/4122/3288 3291/4125/3291
f 26/4126/26 1528/4128/1528 3283/4118/3283
f 1528/4128/1528 1529/4129/1529 3284/4121/3284
f 1529/4129/1529 1530/4131/1530 3285/4130/3285
f 1530/4131/1530 135/1470/135 786/1471/786
f 3285/4130/3285 786/1471/786 785/1485/785
f 3288/4122/3288 785/1485/785 784/1483/784
f 3291/4125/3291 784/1483/784 139/1484/139
f 3290/4123/3290 3291/4125/3291 1531/4132/1531
f 3289/4124/3289 3290/4123/3290 1532/4133/1532
f 357/4135/357 3289/4124/3289 1533/4134/1533
f 356/4136/356 3286/4120/3286 3289/4124/3289
f 355/4127/355 3283/4118/3283 3286/4120/3286
f 3293/4137/3293 3296/4141/3296 3295/4138/3295
f 3294/4140/3294 3297/4143/3297 3296/4141/3296
f 3296/4141/3296 3299/4144/3299 3298/4142/3298
f 3297/4143/3297 3300/4150/3300 3299/4144/3299
f 1533/4145/1533 3292/4139/3292 361/4146/361
f 1532/4147/1532 3293/4137/3293 3292/4139/3292
f 1531/4148/1531 3294/4140/3294 3293/4137/3293
f 139/1484/139 780/1452/780 3294/4140/3294
f 780/1452/780 779/4149/779 3297/4143/3297
f 779/4149/779 778/1449/778 3300/4150/3300
f 778/1449/778 134/5006/134 1534/4151/1534
f 3300/4150/3300 1534/4151/1534 1535/4152/1535
f 3299/4144/3299 1535/4152/1535 1536/4153/1536
f 3298/4142/3298 1536/4153/1536 27/371/27
f 3295/4138/3295 3298/4142/3298 363/4154/363
f 3292/4139/3292 3295/4138/3295 362/4155/362
f 3301/4156/3301 3302/4160/3302 3305/4157/3305
f 3303/4159/3303 3306/4163/3306 3305/4157/3305
f 3304/4158/3304 3305/4157/3305 3308/4161/3308
f 3306/4163/3306 3309/4169/3309 3308/4161/3308
f 25/4164/25 1537/4166/1537 3301/4156/3301
f 1537/4166/1537 1538/4168/1538 3302/4160/3302
f 1539/4167/1539 3303/4159/3303 3302/4160/3302
f 153/1661/153 858/1660/858 3303/4159/3303
f 858/1660/858 857/1671/857 3306/4163/3306
f 857/1671/857 856/1670/856 3309/4169/3309
f 856/1670/856 157/1640/157 1540/4170/1540
f 3309/4169/3309 1540/4170/1540 1541/4171/1541
f 3307/4162/3307 3308/4161/3308 1541/4171/1541
f 348/4173/348 3307/4162/3307 1542/4172/1542
f 347/4174/347 3304/4158/3304 3307/4162/3307
f 346/4165/346 3301/4156/3301 3304/4158/3304
f 3311/4175/3311 3314/4179/3314 3313/4176/3313
f 3311/4175/3311 3312/4186/3312 3315/4178/3315
f 3314/4179/3314 3317/4182/3317 3316/4180/3316
f 3314/4179/3314 3315/4178/3315 3318/4181/3318
f 1542/4183/1542 3310/4177/3310 352/4184/352
f 1541/4185/1541 3311/4175/3311 3310/4177/3310
f 1541/4185/1541 1540/4187/1540 3312/4186/3312
f 1540/4187/1540 157/1640/157 852/4188/852
f 3312/4186/3312 852/4188/852 851/4189/851
f 3315/4178/3315 851/4189/851 850/4190/850
f 3318/4181/3318 850/4190/850 152/4191/152
f 3317/4182/3317 3318/4181/3318 1543/4192/1543
f 3317/4182/3317 1544/4193/1544 1545/4194/1545
f 3316/4180/3316 1545/4194/1545 26/4195/26
f 3313/4176/3313 3316/4180/3316 354/4196/354
f 3310/4177/3310 3313/4176/3313 353/4197/353
f 3319/4198/3319 3320/4201/3320 3323/4199/3323
f 3320/4201/3320 3321/4210/3321 3324/4202/3324
f 3322/4200/3322 3323/4199/3323 3326/4203/3326
f 3323/4199/3323 3324/4202/3324 3327/4205/3327
f 24/4206/24 1546/4208/1546 3319/4198/3319
f 1546/4208/1546 1547/4209/1547 3320/4201/3320
f 1547/4209/1547 1548/4211/1548 3321/4210/3321
f 1548/4211/1548 171/1844/171 930/1845/930
f 3321/4210/3321 930/1845/930 929/1859/929
f 3324/4202/3324 929/1859/929 928/1857/928
f 3327/4205/3327 928/1857/928 175/1858/175
f 3326/4203/3326 3327/4205/3327 1549/4212/1549
f 3325/4204/3325 3326/4203/3326 1550/4213/1550
f 339/301/339 3325/4204/3325 1551/4214/1551
f 338/4215/338 3322/4200/3322 3325/4204/3325
f 337/4207/337 3319/4198/3319 3322/4200/3322
f 3329/4216/3329 3332/4220/3332 3331/4217/3331
f 3330/4219/3330 3333/4222/3333 3332/4220/3332
f 3332/4220/3332 3335/4223/3335 3334/4221/3334
f 3333/4222/3333 3336/4229/3336 3335/4223/3335
f 1551/4224/1551 3328/4218/3328 343/4225/343
f 1550/4226/1550 3329/4216/3329 3328/4218/3328
f 1549/4227/1549 3330/4219/3330 3329/4216/3329
f 175/1858/175 924/4228/924 3330/4219/3330
f 924/4228/924 923/1824/923 3333/4222/3333
f 923/1824/923 922/1823/922 3336/4229/3336
f 922/1823/922 170/5007/170 1552/4230/1552
f 3336/4229/3336 1552/4230/1552 1553/4231/1553
f 3335/4223/3335 1553/4231/1553 1554/4232/1554
f 3334/4221/3334 1554/4232/1554 25/4233/25
f 3331/4217/3331 3334/4221/3334 345/4234/345
f 3328/4218/3328 3331/4217/3331 344/4235/344
f 3337/4236/3337 3338/4240/3338 3341/4237/3341
f 3339/4239/3339 3342/4243/3342 3341/4237/3341
f 3340/4238/3340 3341/4237/3341 3344/4241/3344
f 3342/4243/3342 3345/4249/3345 3344/4241/3344
f 23/4244/23 1555/4246/1555 3337/4236/3337
f 1555/4246/1555 1556/4248/1556 3338/4240/3338
f 1557/4247/1557 3339/4239/3339 3338/4240/3338
f 189/2033/189 1002/2032/1002 3339/4239/3339
f 1002/2032/1002 1001/2043/1001 3342/4243/3342
f 1001/2043/1001 1000/2042/1000 3345/4249/3345
f 1000/2042/1000 193/2013/193 1558/4250/1558
f 3345/4249/3345 1558/4250/1558 1559/4251/1559
f 3343/4242/3343 3344/4241/3344 1559/4251/1559
f 330/4253/330 3343/4242/3343 1560/4252/1560
f 329/4254/329 3340/4238/3340 3343/4242/3343
f 328/4245/328 3337/4236/3337 3340/4238/3340
f 3347/4255/3347 3350/4259/3350 3349/4256/3349
f 3347/4255/3347 3348/4265/3348 3351/4258/3351
f 3350/4259/3350 3353/4262/3353 3352/4260/3352
f 3350/4259/3350 3351/4258/3351 3354/4261/3354
f 1560/4263/1560 3346/4257/3346 334/311/334
f 1559/4264/1559 3347/4255/3347 3346/4257/3346
f 1559/4264/1559 1558/4266/1558 3348/4265/3348
f 1558/4266/1558 193/2013/193 996/4267/996
f 3348/4265/3348 996/4267/996 995/4268/995
f 3351/4258/3351 995/4268/995 994/4269/994
f 3354/4261/3354 994/4269/994 188/4270/188
f 3353/4262/3353 3354/4261/3354 1561/4271/1561
f 3353/4262/3353 1562/4272/1562 1563/4273/1563
f 3352/4260/3352 1563/4273/1563 24/4206/24
f 3349/4256/3349 3352/4260/3352 336/4274/336
f 3346/4257/3346 3349/4256/3349 335/4275/335
f 3355/4276/3355 3356/4279/3356 3359/4277/3359
f 3356/4279/3356 3357/4288/3357 3360/4280/3360
f 3358/4278/3358 3359/4277/3359 3362/4281/3362
f 3359/4277/3359 3360/4280/3360 3363/4283/3363
f 22/4284/22 1564/4286/1564 3355/4276/3355
f 1564/4286/1564 1565/4287/1565 3356/4279/3356
f 1565/4287/1565 1566/4289/1566 3357/4288/3357
f 1566/4289/1566 207/2214/207 1074/2215/1074
f 3357/4288/3357 1074/2215/1074 1073/2229/1073
f 3360/4280/3360 1073/2229/1073 1072/2227/1072
f 3363/4283/3363 1072/2227/1072 211/2228/211
f 3362/4281/3362 3363/4283/3363 1567/4290/1567
f 3361/4282/3361 3362/4281/3362 1568/4291/1568
f 318/4293/318 3361/4282/3361 1569/4292/1569
f 317/4294/317 3358/4278/3358 3361/4282/3361
f 316/4285/316 3355/4276/3355 3358/4278/3358
f 3365/4295/3365 3368/4299/3368 3367/4296/3367
f 3366/4298/3366 3369/4301/3369 3368/4299/3368
f 3368/4299/3368 3371/4302/3371 3370/4300/3370
f 3369/4301/3369 3372/4308/3372 3371/4302/3371
f 1569/4303/1569 3364/4297/3364 325/4304/325
f 1568/4305/1568 3365/4295/3365 3364/4297/3364
f 1567/4306/1567 3366/4298/3366 3365/4295/3365
f 211/2228/211 1068/2196/1068 3366/4298/3366
f 1068/2196/1068 1067/4307/1067 3369/4301/3369
f 1067/4307/1067 1066/2193/1066 3372/4308/3372
f 1066/2193/1066 206/5008/206 1570/4309/1570
f 3372/4308/3372 1570/4309/1570 1571/4310/1571
f 3371/4302/3371 1571/4310/1571 1572/4311/1572
f 3370/4300/3370 1572/4311/1572 23/275/23
f 3367/4296/3367 3370/4300/3370 327/4312/327
f 3364/4297/3364 3367/4296/3367 326/4313/326
f 3375/4314/3375 3373/4321/3373 3379/4315/3379
f 3377/4317/3377 3373/4321/3373 3375/4318/3375
f 3378/4320/3378 3379/4330/3379 3373/4321/3373
f 1140/4322/1140 3374/4316/3374 1300/4323/1300
f 1139/4325/1139 3375/4314/3375 3374/4316/3374
f 3374/4316/3374 3379/4315/3379 1301/3116/1301
f 1482/4326/1482 3376/4319/3376 1138/4327/1138
f 1481/3918/1481 3377/4317/3377 3376/4319/3376
f 3376/4319/3376 3375/4318/3375 1139/2422/1139
f 73/4328/73 1302/3117/1302 3378/4320/3378
f 1302/3117/1302 1301/5009/1301 3379/4330/3379
f 1480/4329/1480 3378/4320/3378 3377/4317/3377
f 3382/4332/3382 3380/4336/3380 3386/4333/3386
f 3383/4335/3383 3384/4349/3384 3380/4336/3380
f 3386/4338/3386 3380/4336/3380 3384/4339/3384
f 1152/4341/1152 3381/4334/3381 1132/4342/1132
f 1151/4344/1151 3382/4332/3382 3381/4334/3381
f 3381/4334/3381 3386/4333/3386 1133/4345/1133
f 217/4346/217 1320/4348/1320 3383/4335/3383
f 1320/4348/1320 1319/5010/1319 3384/4349/3384
f 1150/4347/1150 3383/4335/3383 3382/4337/3382
f 1134/4351/1134 3385/4340/3385 1318/4352/1318
f 1133/4354/1133 3386/4338/3386 3385/4340/3385
f 3385/4340/3385 3384/4339/3384 1319/3197/1319
f 3389/4355/3389 3387/4361/3387 3393/4356/3393
f 3391/4358/3391 3387/4361/3387 3389/4355/3389
f 3392/4360/3392 3393/4356/3393 3387/4361/3387
f 1170/4363/1170 3388/4357/3388 1156/2503/1156
f 1169/2555/1169 3389/4355/3389 3388/4357/3388
f 3388/4357/3388 3393/4356/3393 1157/2504/1157
f 1338/4364/1338 3390/4359/3390 1168/4365/1168
f 1337/3276/1337 3391/4358/3391 3390/4359/3390
f 3390/4359/3390 3389/4355/3389 1169/2555/1169
f 214/2260/214 1158/4368/1158 3392/4360/3392
f 1158/4368/1158 1157/5011/1157 3393/4356/3393
f 1336/4367/1336 3392/4360/3392 3391/4362/3391
f 3396/4370/3396 3394/4374/3394 3400/4371/3400
f 3397/4373/3397 3398/4387/3398 3394/4374/3394
f 3400/4376/3400 3394/4374/3394 3398/4377/3398
f 1188/4379/1188 3395/4372/3395 1174/4380/1174
f 1187/4382/1187 3396/4370/3396 3395/4372/3395
f 3395/4372/3395 3400/4371/3400 1175/4383/1175
f 181/4384/181 1356/4386/1356 3397/4373/3397
f 1356/4386/1356 1355/3354/1355 3398/4387/3398
f 1186/4385/1186 3397/4373/3397 3396/4375/3396
f 1176/4389/1176 3399/4378/3399 1354/4390/1354
f 1175/4392/1175 3400/4376/3400 3399/4378/3399
f 3399/4378/3399 3398/4377/3398 1355/3354/1355
f 3403/4393/3403 3401/4400/3401 3407/4394/3407
f 3405/4396/3405 3401/4400/3401 3403/4397/3403
f 3406/4399/3406 3407/4411/3407 3401/4400/3401
f 1206/2711/1206 3402/4395/3402 1192/4402/1192
f 1205/4403/1205 3403/4393/3403 3402/4395/3402
f 3402/4395/3402 3407/4394/3407 1193/4404/1193
f 1374/4405/1374 3404/4398/3404 1204/4406/1204
f 1373/3436/1373 3405/4396/3405 3404/4398/3404
f 3404/4398/3404 3403/4397/3403 1205/2712/1205
f 178/4408/178 1194/4410/1194 3406/4399/3406
f 1194/4410/1194 1193/5012/1193 3407/4411/3407
f 1372/4409/1372 3406/4399/3406 3405/4401/3405
f 3410/4413/3410 3408/4417/3408 3414/4414/3414
f 3411/4416/3411 3412/4430/3412 3408/4417/3408
f 3414/4419/3414 3408/4417/3408 3412/4420/3412
f 1224/4422/1224 3409/4415/3409 1210/4423/1210
f 1223/4425/1223 3410/4413/3410 3409/4415/3409
f 3409/4415/3409 3414/4414/3414 1211/4426/1211
f 145/4427/145 1392/4429/1392 3411/4416/3411
f 1392/4429/1392 1391/4435/1391 3412/4430/3412
f 1222/4428/1222 3411/4416/3411 3410/4418/3410
f 1212/4432/1212 3413/4421/3413 1390/4433/1390
f 1211/4434/1211 3414/4419/3414 3413/4421/3413
f 3413/4421/3413 3412/4420/3412 1391/4435/1391
f 3417/4436/3417 3415/4443/3415 3421/4437/3421
f 3419/4439/3419 3415/4443/3415 3417/4440/3417
f 3420/4442/3420 3421/4455/3421 3415/4443/3415
f 1242/4445/1242 3416/4438/3416 1228/4446/1228
f 1241/4448/1241 3417/4436/3417 3416/4438/3416
f 3416/4438/3416 3421/4437/3421 1229/4449/1229
f 1410/4450/1410 3418/4441/3418 1240/2860/1240
f 1409/3599/1409 3419/4439/3419 3418/4441/3418
f 3418/4441/3418 3417/4440/3417 1241/4451/1241
f 142/4452/142 1230/4454/1230 3420/4442/3420
f 1230/4454/1230 1229/2810/1229 3421/4455/3421
f 1408/4453/1408 3420/4442/3420 3419/4444/3419
f 3424/4456/3424 3422/4460/3422 3428/4457/3428
f 3425/4459/3425 3426/4470/3426 3422/4460/3422
f 3428/4461/3428 3422/4460/3422 3426/4462/3426
f 1260/4464/1260 3423/4458/3423 1246/4465/1246
f 1259/2937/1259 3424/4456/3424 3423/4458/3423
f 3423/4458/3423 3428/4457/3428 1247/2885/1247
f 108/4467/108 1428/4469/1428 3425/4459/3425
f 1428/4469/1428 1427/4474/1427 3426/4470/3426
f 1258/4468/1258 3425/4459/3425 3424/4456/3424
f 1248/2886/1248 3427/4463/3427 1426/4472/1426
f 1247/4473/1247 3428/4461/3428 3427/4463/3427
f 3427/4463/3427 3426/4462/3426 1427/4474/1427
f 3431/4475/3431 3429/4482/3429 3435/4476/3435
f 3433/4478/3433 3429/4482/3429 3431/4479/3431
f 3434/4481/3434 3435/4493/3435 3429/4482/3429
f 1278/3015/1278 3430/4477/3430 1264/4484/1264
f 1277/3016/1277 3431/4475/3431 3430/4477/3430
f 3430/4477/3430 3435/4476/3435 1265/4485/1265
f 1446/4486/1446 3432/4480/3432 1276/4487/1276
f 1445/4489/1445 3433/4478/3433 3432/4480/3432
f 3432/4480/3432 3431/4479/3431 1277/4490/1277
f 109/4491/109 1266/4492/1266 3434/4481/3434
f 1266/4492/1266 1265/5013/1265 3435/4493/3435
f 1444/3759/1444 3434/4481/3434 3433/4483/3433
f 3438/4494/3438 3436/4498/3436 3442/4495/3442
f 3439/4497/3439 3440/4510/3440 3436/4498/3436
f 3442/4500/3442 3436/4498/3436 3440/4501/3440
f 1296/3092/1296 3437/4496/3437 1282/4503/1282
f 1295/4505/1295 3438/4494/3438 3437/4496/3437
f 3437/4496/3437 3442/4495/3442 1283/4506/1283
f 72/4507/72 1464/4509/1464 3439/4497/3439
f 1464/4509/1464 1463/5014/1463 3440/4510/3440
f 1294/4508/1294 3439/4497/3439 3438/4499/3438
f 1284/4512/1284 3441/4502/3441 1462/4513/1462
f 1283/4514/1283 3442/4500/3442 3441/4502/3441
f 3441/4502/3441 3440/4501/3440 1463/4515/1463
f 3444/4516/3444 3445/4528/3445 3443/4517/3443
f 3447/4519/3447 3443/4517/3443 3445/4520/3445
f 3449/4522/3449 3443/4517/3443 3447/4523/3447
f 207/4525/207 1566/4527/1566 3444/4516/3444
f 1566/4527/1566 1565/4533/1565 3445/4528/3445
f 1321/4526/1321 3444/4516/3444 3449/4518/3449
f 1125/4530/1125 3446/4521/3446 1564/4531/1564
f 1124/4532/1124 3447/4519/3447 3446/4521/3446
f 3446/4521/3446 3445/4520/3445 1565/4533/1565
f 1323/4534/1323 3448/4524/3448 1123/4535/1123
f 1322/4537/1322 3449/4522/3449 3448/4524/3448
f 3448/4524/3448 3447/4523/3447 1124/4538/1124
f 3452/4539/3452 3450/4545/3450 3456/4540/3456
f 3454/4542/3454 3450/4545/3450 3452/4539/3452
f 3455/4544/3455 3456/4557/3456 3450/4545/3450
f 1131/4547/1131 3451/4541/3451 1483/4548/1483
f 1130/4549/1130 3452/4539/3452 3451/4541/3451
f 3451/4541/3451 3456/4540/3456 1484/3930/1484
f 1500/4550/1500 3453/4543/3453 1129/4551/1129
f 1499/4552/1499 3454/4542/3454 3453/4543/3453
f 3453/4543/3453 3452/4539/3452 1130/4553/1130
f 62/4554/62 1485/4556/1485 3455/4544/3455
f 1485/4556/1485 1484/5015/1484 3456/4557/3456
f 1498/4555/1498 3455/4544/3455 3454/4546/3454
f 3458/4559/3458 3459/4570/3459 3457/4560/3457
f 3461/4562/3461 3457/4560/3457 3459/4563/3459
f 3463/4565/3463 3457/4560/3457 3461/4566/3461
f 63/4568/63 1494/4569/1494 3458/4559/3458
f 1494/4569/1494 1493/5016/1493 3459/4570/3459
f 1465/3854/1465 3458/4559/3458 3463/4561/3463
f 1509/4572/1509 3460/4564/3460 1492/4573/1492
f 1508/4575/1508 3461/4562/3461 3460/4564/3460
f 3460/4564/3460 3459/4563/3459 1493/3969/1493
f 1467/3858/1467 3462/4567/3462 1507/4033/1507
f 1466/4577/1466 3463/4565/3463 3462/4567/3462
f 3462/4567/3462 3461/4566/3461 1508/4578/1508
f 3466/4579/3466 3464/4585/3464 3470/4580/3470
f 3468/4582/3468 3464/4585/3464 3466/4579/3466
f 3469/4584/3469 3470/4594/3470 3464/4585/3464
f 1503/4009/1503 3465/4581/3465 1447/4586/1447
f 1502/4587/1502 3466/4579/3466 3465/4581/3465
f 3465/4581/3465 3470/4580/3470 1448/3776/1448
f 1518/4588/1518 3467/4583/3467 1501/4589/1501
f 1517/4591/1517 3468/4582/3468 3467/4583/3467
f 3467/4583/3467 3466/4579/3466 1502/4010/1502
f 98/4592/98 1449/3778/1449 3469/4584/3469
f 1449/3778/1449 1448/5017/1448 3470/4594/3470
f 1516/4593/1516 3469/4584/3469 3468/4582/3468
f 3472/4596/3472 3473/4607/3473 3471/4597/3471
f 3475/4599/3475 3471/4597/3471 3473/4600/3473
f 3477/4598/3477 3471/4597/3471 3475/4602/3475
f 99/4604/99 1512/4606/1512 3472/4596/3472
f 1512/4606/1512 1511/5018/1511 3473/4607/3473
f 1429/4605/1429 3472/4596/3472 3477/4598/3477
f 1527/4609/1527 3474/4601/3474 1510/4610/1510
f 1526/4611/1526 3475/4599/3475 3474/4601/3474
f 3474/4601/3474 3473/4600/3473 1511/4612/1511
f 1431/4613/1431 3476/4603/3476 1525/4614/1525
f 1430/4616/1430 3477/4598/3477 3476/4603/3476
f 3476/4603/3476 3475/4602/3475 1526/4617/1526
f 3480/4618/3480 3478/4625/3478 3484/4619/3484
f 3482/4621/3482 3478/4625/3478 3480/4622/3480
f 3483/4624/3483 3484/4619/3484 3478/4625/3478
f 1521/4627/1521 3479/4620/3479 1411/4628/1411
f 1520/4630/1520 3480/4618/3480 3479/4620/3479
f 3479/4620/3479 3484/4619/3484 1412/4631/1412
f 1536/4632/1536 3481/4623/3481 1519/4633/1519
f 1535/4635/1535 3482/4621/3482 3481/4623/3481
f 3481/4623/3481 3480/4622/3480 1520/4636/1520
f 134/4637/134 1413/4639/1413 3483/4624/3483
f 1413/4639/1413 1412/5019/1412 3484/4619/3484
f 1534/4638/1534 3483/4624/3483 3482/4626/3482
f 3486/4641/3486 3487/4645/3487 3485/4642/3485
f 3489/4644/3489 3485/4642/3485 3487/4645/3487
f 3491/4647/3491 3485/4642/3485 3489/4644/3489
f 135/4649/135 1530/4131/1530 3486/4641/3486
f 1530/4131/1530 1529/4655/1529 3487/4645/3487
f 1393/4650/1393 3486/4641/3486 3491/4643/3491
f 1545/4194/1545 3488/4646/3488 1528/4652/1528
f 1544/4654/1544 3489/4644/3489 3488/4646/3488
f 3488/4646/3488 3487/4645/3487 1529/4655/1529
f 1395/4656/1395 3490/4648/3490 1543/4657/1543
f 1394/4659/1394 3491/4647/3491 3490/4648/3490
f 3490/4648/3490 3489/4644/3489 1544/4660/1544
f 3494/4661/3494 3492/4667/3492 3498/4662/3498
f 3496/4664/3496 3492/4667/3492 3494/4661/3494
f 3497/4666/3497 3498/4678/3498 3492/4667/3492
f 1539/4669/1539 3493/4663/3493 1375/4670/1375
f 1538/4672/1538 3494/4661/3494 3493/4663/3493
f 3493/4663/3493 3498/4662/3498 1376/3451/1376
f 1554/4232/1554 3495/4665/3495 1537/4673/1537
f 1553/4674/1553 3496/4664/3496 3495/4665/3495
f 3495/4665/3495 3494/4661/3494 1538/4672/1538
f 170/4675/170 1377/4677/1377 3497/4666/3497
f 1377/4677/1377 1376/5020/1376 3498/4678/3498
f 1552/4676/1552 3497/4666/3497 3496/4668/3496
f 3500/4680/3500 3501/4691/3501 3499/4681/3499
f 3503/4683/3503 3499/4681/3499 3501/4684/3501
f 3505/4686/3505 3499/4681/3499 3503/4687/3503
f 171/3369/171 1548/4690/1548 3500/4680/3500
f 1548/4690/1548 1547/5021/1547 3501/4691/3501
f 1357/4689/1357 3500/4680/3500 3505/4682/3505
f 1563/4273/1563 3502/4685/3502 1546/4693/1546
f 1562/4695/1562 3503/4683/3503 3502/4685/3502
f 3502/4685/3502 3501/4684/3501 1547/4696/1547
f 1359/3371/1359 3504/4688/3504 1561/4697/1561
f 1358/4692/1358 3505/4686/3505 3504/4688/3504
f 3504/4688/3504 3503/4687/3503 1562/4699/1562
f 3508/4700/3508 3506/4707/3506 3512/4701/3512
f 3510/4703/3510 3506/4707/3506 3508/4704/3508
f 3511/4706/3511 3512/4718/3512 3506/4707/3506
f 1557/4709/1557 3507/4702/3507 1339/4710/1339
f 1556/4711/1556 3508/4700/3508 3507/4702/3507
f 3507/4702/3507 3512/4701/3512 1340/3290/1340
f 1572/4712/1572 3509/4705/3509 1555/4713/1555
f 1571/4714/1571 3510/4703/3510 3509/4705/3509
f 3509/4705/3509 3508/4704/3508 1556/4711/1556
f 206/4715/206 1341/4717/1341 3511/4706/3511
f 1341/4717/1341 1340/3290/1340 3512/4718/3512
f 1570/4716/1570 3511/4706/3511 3510/4708/3510
f 3513/4720/3513 3514/4724/3514 3517/4721/3517
f 3515/4723/3515 3518/4727/3518 3517/4721/3517
f 3516/4722/3516 3517/4721/3517 3520/4725/3520
f 3518/4727/3518 3521/4733/3521 3520/4725/3520
f 46/4728/46 1149/4730/1149 3513/4720/3513
f 1149/4730/1149 1148/2462/1148 3514/4724/3514
f 1147/2461/1147 3515/4723/3515 3514/4724/3514
f 53/606/53 1491/4731/1491 3515/4723/3515
f 1491/4731/1491 1490/4732/1490 3518/4727/3518
f 1490/4732/1490 1489/4734/1489 3521/4733/3521
f 1489/4734/1489 61/680/61 1167/4735/1167
f 3521/4733/3521 1167/4735/1167 1166/4736/1166
f 3519/4726/3519 3520/4725/3520 1166/4736/1166
f 1476/4738/1476 3519/4726/3519 1165/4737/1165
f 1475/4740/1475 3516/4722/3516 3519/4726/3519
f 1474/4729/1474 3513/4720/3513 3516/4722/3516
f 3523/4741/3523 3526/4745/3526 3525/4742/3525
f 3523/4741/3523 3524/4752/3524 3527/4744/3527
f 3526/4745/3526 3529/4748/3529 3528/4746/3528
f 3526/4745/3526 3527/4744/3527 3530/4747/3530
f 1305/4749/1305 3522/4743/3522 1312/4750/1312
f 1304/3131/1304 3523/4741/3523 3522/4743/3522
f 1304/3131/1304 1303/4753/1303 3524/4752/3524
f 1303/4753/1303 208/2240/208 1329/4754/1329
f 3524/4752/3524 1329/4754/1329 1328/4755/1328
f 3527/4744/3527 1328/4755/1328 1327/4756/1327
f 3530/4747/3530 1327/4756/1327 54/4757/54
f 3529/4748/3529 3530/4747/3530 1143/4758/1143
f 3529/4748/3529 1142/4759/1142 1141/2434/1141
f 3528/4746/3528 1141/2434/1141 45/537/45
f 3525/4742/3525 3528/4746/3528 1314/4760/1314
f 3522/4743/3522 3525/4742/3525 1313/4761/1313
f 3532/4762/3532 3535/4766/3535 3534/4763/3534
f 3532/4762/3532 3533/4774/3533 3536/4765/3536
f 3535/4766/3535 3538/4769/3538 3537/4767/3537
f 3535/4766/3535 3536/4765/3536 3539/4768/3539
f 1161/4770/1161 3531/4764/3531 1456/4771/1456
f 1160/4773/1160 3532/4762/3532 3531/4764/3531
f 1160/4773/1160 1159/4775/1159 3533/4774/3533
f 1159/4775/1159 64/3882/64 1473/4776/1473
f 3533/4774/3533 1473/4776/1473 1472/4777/1472
f 3536/4765/3536 1472/4777/1472 1471/4778/1471
f 3539/4768/3539 1471/4778/1471 79/866/79
f 3538/4769/3538 3539/4768/3539 1185/2618/1185
f 3538/4769/3538 1184/4779/1184 1183/4780/1183
f 3537/4767/3537 1183/4780/1183 88/4781/88
f 3534/4763/3534 3537/4767/3537 1458/4782/1458
f 3531/4764/3531 3534/4763/3534 1457/4783/1457
f 3540/4784/3540 3541/4788/3541 3544/4785/3544
f 3542/4787/3542 3545/4791/3545 3544/4785/3544
f 3543/4786/3543 3544/4785/3544 3547/4789/3547
f 3545/4791/3545 3548/4800/3548 3547/4789/3547
f 89/4792/89 1179/4794/1179 3540/4784/3540
f 1179/4794/1179 1178/4796/1178 3541/4788/3541
f 1177/4795/1177 3542/4787/3542 3541/4788/3541
f 82/4797/82 1455/4798/1455 3542/4787/3542
f 1455/4798/1455 1454/4799/1454 3545/4791/3545
f 1454/4799/1454 1453/4801/1453 3548/4800/3548
f 1453/4801/1453 97/1053/97 1203/4802/1203
f 3548/4800/3548 1203/4802/1203 1202/2696/1202
f 3546/4790/3546 3547/4789/3547 1202/2696/1202
f 1440/4804/1440 3546/4790/3546 1201/4803/1201
f 1439/4806/1439 3543/4786/3543 3546/4790/3546
f 1438/4793/1438 3540/4784/3540 3543/4786/3543
f 3550/4807/3550 3553/4811/3553 3552/4808/3552
f 3550/4807/3550 3551/4819/3551 3554/4810/3554
f 3553/4811/3553 3556/4814/3556 3555/4812/3555
f 3553/4811/3553 3554/4810/3554 3557/4813/3557
f 1197/4815/1197 3549/4809/3549 1420/4816/1420
f 1196/4818/1196 3550/4807/3550 3549/4809/3549
f 1196/4818/1196 1195/4820/1195 3551/4819/3551
f 1195/4820/1195 100/1124/100 1437/4821/1437
f 3551/4819/3551 1437/4821/1437 1436/3719/1436
f 3554/4810/3554 1436/3719/1436 1435/4822/1435
f 3557/4813/3557 1435/4822/1435 115/1239/115
f 3556/4814/3556 3557/4813/3557 1221/4823/1221
f 3556/4814/3556 1220/2772/1220 1219/4824/1219
f 3555/4812/3555 1219/4824/1219 124/4825/124
f 3552/4808/3552 3555/4812/3555 1422/4826/1422
f 3549/4809/3549 3552/4808/3552 1421/4827/1421
f 3558/4828/3558 3559/4832/3559 3562/4829/3562
f 3560/4831/3560 3563/4835/3563 3562/4829/3562
f 3561/4830/3561 3562/4829/3562 3565/4833/3565
f 3563/4835/3563 3566/4842/3566 3565/4833/3565
f 125/3570/125 1215/4837/1215 3558/4828/3558
f 1215/4837/1215 1214/2750/1214 3559/4832/3559
f 1213/4838/1213 3560/4831/3560 3559/4832/3559
f 118/4839/118 1419/4840/1419 3560/4831/3560
f 1419/4840/1419 1418/4841/1418 3563/4835/3563
f 1418/4841/1418 1417/3639/1417 3566/4842/3566
f 1417/3639/1417 133/1425/133 1239/4843/1239
f 3566/4842/3566 1239/4843/1239 1238/2846/1238
f 3564/4834/3564 3565/4833/3565 1238/2846/1238
f 1404/4845/1404 3564/4834/3564 1237/4844/1237
f 1403/4846/1403 3561/4830/3561 3564/4834/3564
f 1402/4836/1402 3558/4828/3558 3561/4830/3561
f 3568/4847/3568 3571/4851/3571 3570/4848/3570
f 3568/4847/3568 3569/4859/3569 3572/4850/3572
f 3571/4851/3571 3574/4854/3574 3573/4852/3573
f 3571/4851/3571 3572/4850/3572 3575/4853/3575
f 1233/4855/1233 3567/4849/3567 1384/4856/1384
f 1232/4858/1232 3568/4847/3568 3567/4849/3567
f 1232/4858/1232 1231/4860/1231 3569/4859/3569
f 1231/4860/1231 136/1496/136 1401/3559/1401
f 3569/4859/3569 1401/3559/1401 1400/3558/1400
f 3572/4850/3572 1400/3558/1400 1399/4861/1399
f 3575/4853/3575 1399/4861/1399 151/1611/151
f 3574/4854/3574 3575/4853/3575 1257/2922/1257
f 3574/4854/3574 1256/4862/1256 1255/2920/1255
f 3573/4852/3573 1255/2920/1255 161/4863/161
f 3570/4848/3570 3573/4852/3573 1386/4864/1386
f 3567/4849/3567 3570/4848/3570 1385/4865/1385
f 3576/4866/3576 3577/4870/3577 3580/4867/3580
f 3578/4869/3578 3581/4873/3581 3580/4867/3580
f 3579/4868/3579 3580/4867/3580 3583/4871/3583
f 3581/4873/3581 3584/4882/3584 3583/4871/3583
f 162/4874/162 1251/4876/1251 3576/4866/3576
f 1251/4876/1251 1250/4878/1250 3577/4870/3577
f 1249/4877/1249 3578/4869/3578 3577/4870/3577
f 154/4879/154 1383/4880/1383 3578/4869/3578
f 1383/4880/1383 1382/4881/1382 3581/4873/3581
f 1382/4881/1382 1381/4883/1381 3584/4882/3584
f 1381/4883/1381 169/1799/169 1275/4884/1275
f 3584/4882/3584 1275/4884/1275 1274/4885/1274
f 3582/4872/3582 3583/4871/3583 1274/4885/1274
f 1368/4887/1368 3582/4872/3582 1273/4886/1273
f 1367/4889/1367 3579/4868/3579 3582/4872/3582
f 1366/4875/1366 3576/4866/3576 3579/4868/3579
f 3586/4890/3586 3589/4894/3589 3588/4891/3588
f 3586/4890/3586 3587/4900/3587 3590/4893/3590
f 3589/4894/3589 3592/4897/3592 3591/4895/3591
f 3589/4894/3589 3590/4893/3590 3593/4896/3593
f 1269/4898/1269 3585/4892/3585 1348/3329/1348
f 1268/4899/1268 3586/4890/3586 3585/4892/3585
f 1268/4899/1268 1267/4901/1267 3587/4900/3587
f 1267/4901/1267 172/5022/172 1365/4902/1365
f 3587/4900/3587 1365/4902/1365 1364/4903/1364
f 3590/4893/3590 1364/4903/1364 1363/4904/1363
f 3593/4896/3593 1363/4904/1363 187/1984/187
f 3592/4897/3592 3593/4896/3593 1293/4905/1293
f 3592/4897/3592 1292/4906/1292 1291/3074/1291
f 3591/4895/3591 1291/3074/1291 197/4907/197
f 3588/4891/3588 3591/4895/3591 1350/4908/1350
f 3585/4892/3585 3588/4891/3588 1349/4909/1349
f 3594/4910/3594 3595/4914/3595 3598/4911/3598
f 3596/4913/3596 3599/4917/3599 3598/4911/3598
f 3597/4912/3597 3598/4911/3598 3601/4915/3601
f 3599/4917/3599 3602/4925/3602 3601/4915/3601
f 198/4918/198 1287/4920/1287 3594/4910/3594
f 1287/4920/1287 1286/4922/1286 3595/4914/3595
f 1285/4921/1285 3596/4913/3596 3595/4914/3595
f 190/4923/190 1347/4924/1347 3596/4913/3596
f 1347/4924/1347 1346/3315/1346 3599/4917/3599
f 1346/3315/1346 1345/4926/1345 3602/4925/3602
f 1345/4926/1345 205/2169/205 1311/4927/1311
f 3602/4925/3602 1311/4927/1311 1310/4928/1310
f 3600/4916/3600 3601/4915/3601 1310/4928/1310
f 1332/3251/1332 3600/4916/3600 1309/4929/1309
f 1331/4930/1331 3597/4912/3597 3600/4916/3600
f 1330/4919/1330 3594/4910/3594 3597/4912/3597
